{"type":"FeatureCollection","features":[{"type":"Feature","id":0,"properties":{"Clan":"Giantsbane","Name":"Giantfall"},"geometry":{"type":"MultiPolygon","coordinates":[[[[0.040438,-0.137988],[0.039896,-0.138684],[0.039596,-0.139088],[0.039482,-0.139244],[0.039368,-0.139451],[0.039308,-0.139682],[0.039185,-0.140066],[0.039152,-0.140252],[0.039155,-0.140468],[0.039134,-0.14063],[0.039134,-0.141402],[0.039134,-0.143121],[0.039131,-0.145116],[0.039132,-0.145186],[0.039169,-0.145322],[0.039197,-0.145382],[0.039211,-0.145429],[0.039223,-0.145528],[0.039296,-0.145594],[0.039367,-0.14571],[0.039468,-0.145926],[0.039545,-0.146159],[0.039579,-0.146239],[0.03959,-0.146338],[0.039595,-0.146438],[0.039622,-0.146489],[0.039626,-0.146585],[0.03971,-0.146861],[0.039731,-0.146899],[0.039748,-0.146933],[0.039766,-0.146966],[0.039792,-0.147004],[0.039818,-0.147035],[0.039847,-0.147129],[0.039884,-0.147275],[0.039901,-0.14732],[0.039938,-0.147409],[0.039959,-0.14747],[0.040043,-0.147457],[0.040141,-0.147443],[0.040283,-0.147375],[0.040387,-0.147328],[0.040602,-0.147222],[0.040732,-0.147144],[0.04108,-0.146959],[0.041242,-0.146852],[0.041348,-0.146754],[0.041506,-0.14663],[0.041612,-0.146522],[0.041653,-0.146454],[0.041649,-0.14621],[0.041634,-0.145773],[0.041617,-0.145578],[0.041543,-0.145516],[0.041497,-0.145465],[0.041477,-0.145418],[0.041467,-0.145357],[0.041455,-0.145028],[0.041445,-0.14473],[0.041472,-0.144682],[0.041487,-0.14464],[0.041506,-0.144614],[0.041516,-0.14452],[0.041535,-0.144464],[0.041567,-0.144398],[0.041592,-0.144344],[0.041616,-0.144275],[0.041625,-0.1442],[0.041638,-0.144137],[0.041665,-0.144036],[0.041677,-0.144009],[0.041685,-0.143991],[0.041702,-0.143756],[0.041707,-0.143701],[0.041724,-0.143658],[0.04174,-0.143623],[0.041753,-0.143598],[0.041741,-0.143449],[0.041757,-0.143419],[0.041779,-0.143409],[0.04179,-0.143398],[0.041804,-0.143377],[0.041808,-0.143369],[0.041828,-0.143291],[0.041837,-0.143211],[0.041851,-0.143116],[0.041861,-0.143031],[0.041875,-0.142918],[0.0419,-0.142832],[0.041924,-0.142782],[0.041943,-0.142707],[0.041952,-0.142276],[0.041924,-0.142222],[0.041913,-0.142199],[0.041919,-0.142043],[0.041908,-0.142021],[0.041897,-0.142008],[0.041902,-0.14175],[0.04189,-0.141704],[0.041882,-0.141649],[0.041877,-0.141593],[0.041868,-0.141543],[0.041851,-0.141516],[0.041835,-0.141477],[0.041833,-0.141296],[0.041852,-0.141243],[0.04191,-0.141135],[0.041973,-0.140924],[0.04206,-0.140723],[0.042186,-0.140457],[0.042588,-0.13944],[0.04304,-0.138359],[0.042997,-0.138307],[0.042941,-0.138302],[0.042901,-0.1383],[0.042824,-0.138338],[0.042785,-0.13834],[0.042745,-0.138349],[0.042678,-0.138356],[0.042452,-0.138354],[0.04231,-0.138331],[0.042119,-0.138333],[0.041988,-0.13833],[0.04177,-0.138297],[0.041564,-0.138278],[0.041331,-0.138258],[0.041202,-0.138247],[0.040937,-0.138174],[0.040605,-0.138075],[0.040502,-0.138036],[0.040438,-0.137988]]]]}},{"type":"Feature","id":1,"properties":{"Clan":"Giantsbane","Name":"Spitting Marsh"},"geometry":{"type":"MultiPolygon","coordinates":[[[[0.043012,-0.138427],[0.042588,-0.13944],[0.042186,-0.140457],[0.04206,-0.140723],[0.041973,-0.140924],[0.04191,-0.141135],[0.041852,-0.141243],[0.041833,-0.141296],[0.041835,-0.141477],[0.041851,-0.141516],[0.041868,-0.141543],[0.041877,-0.141593],[0.041882,-0.141649],[0.04189,-0.141704],[0.041902,-0.14175],[0.041897,-0.142008],[0.041908,-0.142021],[0.041919,-0.142043],[0.041913,-0.142199],[0.041924,-0.142222],[0.041952,-0.142276],[0.041943,-0.142707],[0.041924,-0.142782],[0.0419,-0.142832],[0.041875,-0.142918],[0.041861,-0.143031],[0.041851,-0.143116],[0.041837,-0.143211],[0.041828,-0.143291],[0.041808,-0.143369],[0.041804,-0.143377],[0.04179,-0.143398],[0.041779,-0.143409],[0.041757,-0.143419],[0.041741,-0.143449],[0.041753,-0.143598],[0.04174,-0.143623],[0.041724,-0.143658],[0.041707,-0.143701],[0.041702,-0.143756],[0.041685,-0.143991],[0.041677,-0.144009],[0.041665,-0.144036],[0.041638,-0.144137],[0.041625,-0.1442],[0.041616,-0.144275],[0.041592,-0.144344],[0.041567,-0.144398],[0.041535,-0.144464],[0.041516,-0.14452],[0.041506,-0.144614],[0.041487,-0.14464],[0.041472,-0.144682],[0.041445,-0.14473],[0.041455,-0.145028],[0.041467,-0.145357],[0.041477,-0.145418],[0.041497,-0.145465],[0.041543,-0.145516],[0.041617,-0.145578],[0.041634,-0.145773],[0.041649,-0.14621],[0.041653,-0.146454],[0.041628,-0.146496],[0.041688,-0.146548],[0.041774,-0.146568],[0.041805,-0.146573],[0.041843,-0.146587],[0.041909,-0.14661],[0.04202,-0.146628],[0.042104,-0.146649],[0.042137,-0.146658],[0.042368,-0.146712],[0.042602,-0.146767],[0.042808,-0.146826],[0.042971,-0.146876],[0.043165,-0.146933],[0.043294,-0.146976],[0.043407,-0.146991],[0.043512,-0.147004],[0.043586,-0.147015],[0.043678,-0.147026],[0.04376,-0.147027],[0.043852,-0.147029],[0.043913,-0.147049],[0.044574,-0.147046],[0.044689,-0.147009],[0.04493,-0.147008],[0.045051,-0.146991],[0.045145,-0.146977],[0.045482,-0.146889],[0.045705,-0.146887],[0.045942,-0.14695],[0.046301,-0.147029],[0.046643,-0.147035],[0.046769,-0.147052],[0.047199,-0.147052],[0.047415,-0.147129],[0.047501,-0.147141],[0.047587,-0.147141],[0.047664,-0.147107],[0.04777,-0.147093],[0.047871,-0.147046],[0.048035,-0.147016],[0.048117,-0.147008],[0.048174,-0.147014],[0.048323,-0.147058],[0.048543,-0.147074],[0.048785,-0.147149],[0.048888,-0.147196],[0.049135,-0.14728],[0.049376,-0.14728],[0.049397,-0.147034],[0.049435,-0.146785],[0.049504,-0.146544],[0.04956,-0.146357],[0.04964,-0.146181],[0.049691,-0.146105],[0.049714,-0.146051],[0.049714,-0.145962],[0.049734,-0.145765],[0.049769,-0.145591],[0.049783,-0.145444],[0.049843,-0.145291],[0.049904,-0.14518],[0.050023,-0.145038],[0.050126,-0.144915],[0.050202,-0.14484],[0.05027,-0.144788],[0.050171,-0.144755],[0.05017,-0.144027],[0.050173,-0.143332],[0.050204,-0.143234],[0.050263,-0.143119],[0.050319,-0.142934],[0.050348,-0.142812],[0.050357,-0.142655],[0.050374,-0.142566],[0.050154,-0.142632],[0.050033,-0.142672],[0.049929,-0.142689],[0.049804,-0.142698],[0.049712,-0.142705],[0.049605,-0.142698],[0.049489,-0.142734],[0.049199,-0.142738],[0.048839,-0.142736],[0.047657,-0.142734],[0.046794,-0.141936],[0.046672,-0.141863],[0.046544,-0.141787],[0.046478,-0.141736],[0.046421,-0.1417],[0.046338,-0.141669],[0.04622,-0.141622],[0.046147,-0.14158],[0.046092,-0.141527],[0.045997,-0.141468],[0.045846,-0.141379],[0.045503,-0.141142],[0.045362,-0.14104],[0.04527,-0.140967],[0.045184,-0.140873],[0.045045,-0.140717],[0.0447,-0.140369],[0.044555,-0.140218],[0.044461,-0.140112],[0.044369,-0.139983],[0.044314,-0.139842],[0.044149,-0.139631],[0.043914,-0.139352],[0.043834,-0.13922],[0.043811,-0.139135],[0.043794,-0.139028],[0.043723,-0.138918],[0.043603,-0.138804],[0.043558,-0.138681],[0.043472,-0.138553],[0.043387,-0.138468],[0.043326,-0.138416],[0.043234,-0.138376],[0.043153,-0.138357],[0.043057,-0.138321],[0.043056,-0.138265],[0.043012,-0.138427]]]]}},{"type":"Feature","id":2,"properties":{"Clan":"Vale","Name":"Sentry"},"geometry":{"type":"MultiPolygon","coordinates":[[[[0.113047,-0.184217],[0.113031,-0.184087],[0.11295,-0.183954],[0.112739,-0.183849],[0.112623,-0.183766],[0.112533,-0.183708],[0.112452,-0.183635],[0.11241,-0.183561],[0.112289,-0.183391],[0.112236,-0.183246],[0.112202,-0.183112],[0.112138,-0.183078],[0.111918,-0.18304],[0.111846,-0.183006],[0.111705,-0.182949],[0.111375,-0.182823],[0.11115,-0.18282],[0.110759,-0.182793],[0.110527,-0.182732],[0.110246,-0.182668],[0.109828,-0.182611],[0.109551,-0.182557],[0.109262,-0.1825],[0.108943,-0.182386],[0.108673,-0.182291],[0.108715,-0.182584],[0.108878,-0.18312],[0.109053,-0.183621],[0.109144,-0.184013],[0.109205,-0.184313],[0.109288,-0.18475],[0.109463,-0.185225],[0.109649,-0.185738],[0.109809,-0.186262],[0.110136,-0.186779],[0.110402,-0.187007],[0.110463,-0.18717],[0.110523,-0.187607],[0.110611,-0.187714],[0.110808,-0.187843],[0.111029,-0.187866],[0.111295,-0.187778],[0.111523,-0.187585],[0.111884,-0.187182],[0.112237,-0.186874],[0.112382,-0.186566],[0.112435,-0.186327],[0.112465,-0.186122],[0.112503,-0.185822],[0.112542,-0.185582],[0.112583,-0.185291],[0.112601,-0.185096],[0.112678,-0.184929],[0.112833,-0.184644],[0.112981,-0.184371],[0.113047,-0.184217]]]]}},{"type":"Feature","id":3,"properties":{"Clan":"Vale","Name":"Eighty Streams"},"geometry":{"type":"MultiPolygon","coordinates":[[[[0.113043,-0.184214],[0.113139,-0.184161],[0.113216,-0.184124],[0.113263,-0.184119],[0.113331,-0.184146],[0.113499,-0.18439],[0.113576,-0.184471],[0.113635,-0.184526],[0.11371,-0.18464],[0.113777,-0.184847],[0.113832,-0.185095],[0.113919,-0.185351],[0.114001,-0.185496],[0.114152,-0.18565],[0.114251,-0.185824],[0.114441,-0.185834],[0.114605,-0.185869],[0.114703,-0.185976],[0.114778,-0.186073],[0.114902,-0.186125],[0.115044,-0.186206],[0.115193,-0.186222],[0.115367,-0.186119],[0.115464,-0.185992],[0.115512,-0.185791],[0.115539,-0.185552],[0.115568,-0.185289],[0.115771,-0.18499],[0.115951,-0.184727],[0.116018,-0.184553],[0.116131,-0.18432],[0.116228,-0.183989],[0.116373,-0.183794],[0.116404,-0.183277],[0.11642,-0.182633],[0.116423,-0.182435],[0.116838,-0.181954],[0.117297,-0.181371],[0.117405,-0.181091],[0.117434,-0.180938],[0.11752,-0.18063],[0.117524,-0.18048],[0.117652,-0.18015],[0.117659,-0.180008],[0.117554,-0.179738],[0.117481,-0.179545],[0.11746,-0.179181],[0.11742,-0.178926],[0.117443,-0.178334],[0.117485,-0.178059],[0.11753,-0.177819],[0.117552,-0.177607],[0.117535,-0.177208],[0.117535,-0.177013],[0.117465,-0.176658],[0.117482,-0.176354],[0.117362,-0.176083],[0.117329,-0.175983],[0.117331,-0.175732],[0.117287,-0.175481],[0.117284,-0.175204],[0.117301,-0.175087],[0.117301,-0.174699],[0.117267,-0.174685],[0.117228,-0.17473],[0.117189,-0.174786],[0.117142,-0.174858],[0.117052,-0.174878],[0.116974,-0.174889],[0.116882,-0.174833],[0.116796,-0.174629],[0.116771,-0.174431],[0.116771,-0.174194],[0.116784,-0.173974],[0.116832,-0.173725],[0.116918,-0.173622],[0.117027,-0.173536],[0.117097,-0.173524],[0.117189,-0.173597],[0.117225,-0.173307],[0.117234,-0.173139],[0.117253,-0.172927],[0.117231,-0.172793],[0.11717,-0.172598],[0.117027,-0.172665],[0.116846,-0.172726],[0.116695,-0.172816],[0.116483,-0.172963],[0.116288,-0.17315],[0.116184,-0.173184],[0.115771,-0.173184],[0.115607,-0.17315],[0.115155,-0.173145],[0.11504,-0.173181],[0.114873,-0.173187],[0.1147,-0.173256],[0.114518,-0.173337],[0.114237,-0.173577],[0.114066,-0.173798],[0.114016,-0.173879],[0.114011,-0.174099],[0.113991,-0.174317],[0.113952,-0.174482],[0.113879,-0.174635],[0.113754,-0.174833],[0.113659,-0.175096],[0.113553,-0.175319],[0.113517,-0.175489],[0.113447,-0.175601],[0.113388,-0.175729],[0.113371,-0.175849],[0.113383,-0.175963],[0.113307,-0.176198],[0.113182,-0.176407],[0.113165,-0.176628],[0.113173,-0.176781],[0.113165,-0.176949],[0.113143,-0.177124],[0.11309,-0.177267],[0.113006,-0.17744],[0.112981,-0.177649],[0.112984,-0.177883],[0.112989,-0.17809],[0.112992,-0.178291],[0.112928,-0.178386],[0.112791,-0.178458],[0.112705,-0.178486],[0.112635,-0.178589],[0.112604,-0.178771],[0.112604,-0.178969],[0.112607,-0.179122],[0.112481,-0.179415],[0.112509,-0.180495],[0.112492,-0.180724],[0.112439,-0.180906],[0.112319,-0.181068],[0.112213,-0.181335],[0.112144,-0.181651],[0.112171,-0.181949],[0.112191,-0.182443],[0.112202,-0.183112],[0.112236,-0.183246],[0.112289,-0.183391],[0.11241,-0.183561],[0.112452,-0.183635],[0.112533,-0.183708],[0.112623,-0.183766],[0.112739,-0.183849],[0.11295,-0.183954],[0.113031,-0.184087],[0.113043,-0.184189],[0.113043,-0.184214]]]]}},{"type":"Feature","id":4,"properties":{"Clan":"Vale","Name":"Leaving Lands"},"geometry":{"type":"MultiPolygon","coordinates":[[[[0.113983,-0.174352],[0.113815,-0.174504],[0.11357,-0.174543],[0.113137,-0.174736],[0.112668,-0.174716],[0.112096,-0.174406],[0.11182,-0.174225],[0.111016,-0.173946],[0.109152,-0.17394],[0.108968,-0.173812],[0.108613,-0.173795],[0.108398,-0.173898],[0.108097,-0.174225],[0.1075,-0.174747],[0.107397,-0.174978],[0.107277,-0.175277],[0.107263,-0.175592],[0.107263,-0.175821],[0.107006,-0.176142],[0.106889,-0.176318],[0.10676,-0.176611],[0.106554,-0.176856],[0.106325,-0.17735],[0.106222,-0.177607],[0.106149,-0.177869],[0.106038,-0.178252],[0.10604,-0.178542],[0.106024,-0.179148],[0.106043,-0.179706],[0.106043,-0.179915],[0.105979,-0.180029],[0.105876,-0.180138],[0.105954,-0.180295],[0.106054,-0.180498],[0.10611,-0.180671],[0.10616,-0.181026],[0.106233,-0.181339],[0.106327,-0.181647],[0.1064,-0.181878],[0.106459,-0.182023],[0.106515,-0.182214],[0.106584,-0.182351],[0.106638,-0.182459],[0.106656,-0.18255],[0.106697,-0.182682],[0.106737,-0.182758],[0.106782,-0.182937],[0.106834,-0.183057],[0.106847,-0.183136],[0.106866,-0.183189],[0.10697,-0.183201],[0.107138,-0.183203],[0.10723,-0.183208],[0.107275,-0.183184],[0.107307,-0.183137],[0.107374,-0.182846],[0.1074,-0.182804],[0.107447,-0.182715],[0.107482,-0.1826],[0.107529,-0.182515],[0.107601,-0.182404],[0.107659,-0.182339],[0.107733,-0.182249],[0.107775,-0.182107],[0.107767,-0.181997],[0.107774,-0.181764],[0.107827,-0.181652],[0.107925,-0.181616],[0.108041,-0.181621],[0.108135,-0.181716],[0.108161,-0.181818],[0.108224,-0.181954],[0.10828,-0.182141],[0.108336,-0.182197],[0.108397,-0.182201],[0.108464,-0.182201],[0.108676,-0.182293],[0.108943,-0.182386],[0.109262,-0.1825],[0.109551,-0.182557],[0.109828,-0.182611],[0.110246,-0.182668],[0.110527,-0.182732],[0.110759,-0.182793],[0.11115,-0.18282],[0.111375,-0.182823],[0.111705,-0.182949],[0.111846,-0.183006],[0.111918,-0.18304],[0.112138,-0.183078],[0.112202,-0.183112],[0.112191,-0.182443],[0.112171,-0.181949],[0.112144,-0.181651],[0.112213,-0.181335],[0.112319,-0.181068],[0.112439,-0.180906],[0.112492,-0.180724],[0.112509,-0.180495],[0.112481,-0.179415],[0.112607,-0.179122],[0.112604,-0.178969],[0.112604,-0.178771],[0.112635,-0.178589],[0.112705,-0.178486],[0.112791,-0.178458],[0.112928,-0.178386],[0.112992,-0.178291],[0.112989,-0.17809],[0.112984,-0.177883],[0.112981,-0.177649],[0.113006,-0.17744],[0.11309,-0.177267],[0.113143,-0.177124],[0.113165,-0.176949],[0.113173,-0.176781],[0.113165,-0.176628],[0.113182,-0.176407],[0.113307,-0.176198],[0.113383,-0.175963],[0.113371,-0.175849],[0.113388,-0.175729],[0.113447,-0.175601],[0.113517,-0.175489],[0.113553,-0.175319],[0.113659,-0.175096],[0.113754,-0.174833],[0.113879,-0.174635],[0.113952,-0.174482],[0.113983,-0.174352]]]]}},{"type":"Feature","id":5,"properties":{"Clan":"Vale","Name":"Coast of Mud"},"geometry":{"type":"MultiPolygon","coordinates":[[[[0.105879,-0.180138],[0.105935,-0.180076],[0.105979,-0.180029],[0.106043,-0.179915],[0.106043,-0.179706],[0.106024,-0.179148],[0.10604,-0.178542],[0.106038,-0.178252],[0.106149,-0.177869],[0.106222,-0.177607],[0.106325,-0.17735],[0.106554,-0.176856],[0.10676,-0.176611],[0.106889,-0.176318],[0.107006,-0.176142],[0.107263,-0.175821],[0.107263,-0.175592],[0.107277,-0.175277],[0.107397,-0.174978],[0.1075,-0.174747],[0.108097,-0.174225],[0.108398,-0.173898],[0.108515,-0.173842],[0.108434,-0.173639],[0.108049,-0.173632],[0.107974,-0.173564],[0.107763,-0.17338],[0.107581,-0.173224],[0.107363,-0.172962],[0.106924,-0.172685],[0.106344,-0.172529],[0.105805,-0.172395],[0.105498,-0.172309],[0.10524,-0.172257],[0.105021,-0.172235],[0.104647,-0.172208],[0.104579,-0.172162],[0.104451,-0.172092],[0.104319,-0.172037],[0.104131,-0.171988],[0.104016,-0.17191],[0.103897,-0.171855],[0.103704,-0.171727],[0.10344,-0.171554],[0.103282,-0.171351],[0.103104,-0.171259],[0.102961,-0.171211],[0.102705,-0.171173],[0.102105,-0.171085],[0.101666,-0.171026],[0.101215,-0.170919],[0.100715,-0.170871],[0.100245,-0.170776],[0.099661,-0.170672],[0.099342,-0.17064],[0.098718,-0.170642],[0.098573,-0.170648],[0.098481,-0.170584],[0.09814,-0.170592],[0.098059,-0.170624],[0.097804,-0.170691],[0.097607,-0.170799],[0.097549,-0.170933],[0.097396,-0.171179],[0.097141,-0.171479],[0.096859,-0.171609],[0.096639,-0.171668],[0.096492,-0.17182],[0.09633,-0.172129],[0.096124,-0.172738],[0.096061,-0.172971],[0.096079,-0.173782],[0.09612,-0.173966],[0.096115,-0.174441],[0.096044,-0.17453],[0.096097,-0.174597],[0.096245,-0.174683],[0.096406,-0.174705],[0.096563,-0.174727],[0.096698,-0.174732],[0.096877,-0.174727],[0.096971,-0.174718],[0.09702,-0.174709],[0.097078,-0.174638],[0.097096,-0.174588],[0.097132,-0.174512],[0.097204,-0.174468],[0.097275,-0.174454],[0.097298,-0.174404],[0.097352,-0.174224],[0.097418,-0.174183],[0.097463,-0.174183],[0.097513,-0.174188],[0.097562,-0.174233],[0.097617,-0.174312],[0.097671,-0.174406],[0.097701,-0.174456],[0.097751,-0.17454],[0.097786,-0.174639],[0.097805,-0.174704],[0.097885,-0.174873],[0.0979,-0.174937],[0.097919,-0.175051],[0.097929,-0.175165],[0.098108,-0.17518],[0.098212,-0.17519],[0.098336,-0.17522],[0.0985,-0.175289],[0.098713,-0.175369],[0.098882,-0.175448],[0.099051,-0.175493],[0.099135,-0.175527],[0.099403,-0.175726],[0.099661,-0.17587],[0.099894,-0.176068],[0.100013,-0.176192],[0.100102,-0.176252],[0.100202,-0.176306],[0.100698,-0.176614],[0.10107,-0.176862],[0.101184,-0.176957],[0.101308,-0.177235],[0.101412,-0.17739],[0.101503,-0.177396],[0.10158,-0.177425],[0.101633,-0.177482],[0.101624,-0.177504],[0.101626,-0.17755],[0.101634,-0.177588],[0.101668,-0.177621],[0.101796,-0.177666],[0.101957,-0.177663],[0.102135,-0.177659],[0.102201,-0.177684],[0.102303,-0.177715],[0.102403,-0.177772],[0.102526,-0.177933],[0.102647,-0.17806],[0.102707,-0.178095],[0.102768,-0.178127],[0.10293,-0.178235],[0.103123,-0.178378],[0.103317,-0.178578],[0.103606,-0.178832],[0.103676,-0.178934],[0.103819,-0.179165],[0.103911,-0.179283],[0.103996,-0.179338],[0.104229,-0.17954],[0.104476,-0.179714],[0.104578,-0.17981],[0.104749,-0.179971],[0.104839,-0.180062],[0.10493,-0.18012],[0.105065,-0.1802],[0.105182,-0.180258],[0.105246,-0.180256],[0.1053,-0.180234],[0.105354,-0.180225],[0.105403,-0.180225],[0.105482,-0.180201],[0.105627,-0.180153],[0.105802,-0.180103],[0.105837,-0.18011],[0.105879,-0.180138]]]]}},{"type":"Feature","id":6,"properties":{"Clan":"Vale","Name":"Southern Pouring Coast"},"geometry":{"type":"MultiPolygon","coordinates":[[[[0.097606,-0.170799],[0.097532,-0.170596],[0.097431,-0.170119],[0.097391,-0.16953],[0.097383,-0.168981],[0.097348,-0.168326],[0.097296,-0.167821],[0.096994,-0.16723],[0.096988,-0.16705],[0.09682,-0.1668],[0.096663,-0.16658],[0.096217,-0.166128],[0.096124,-0.165896],[0.096031,-0.165745],[0.095909,-0.165629],[0.095817,-0.165559],[0.095573,-0.165351],[0.095405,-0.165095],[0.094587,-0.163779],[0.093659,-0.162816],[0.092871,-0.162097],[0.092569,-0.161958],[0.091972,-0.161726],[0.091566,-0.1615],[0.091096,-0.161279],[0.089994,-0.160752],[0.089548,-0.160607],[0.089321,-0.160468],[0.089252,-0.160375],[0.089066,-0.160253],[0.088857,-0.160212],[0.088591,-0.160201],[0.088539,-0.160171],[0.088491,-0.160112],[0.088489,-0.160411],[0.088474,-0.16062],[0.088073,-0.161031],[0.087897,-0.161281],[0.087721,-0.161504],[0.087707,-0.161732],[0.087714,-0.161986],[0.08741,-0.162506],[0.087118,-0.162988],[0.086812,-0.163445],[0.086569,-0.163917],[0.086501,-0.164003],[0.08647,-0.164081],[0.086548,-0.164295],[0.086641,-0.164504],[0.08674,-0.164856],[0.086881,-0.165226],[0.08703,-0.165623],[0.087192,-0.165941],[0.087396,-0.166205],[0.087588,-0.166371],[0.087778,-0.166535],[0.08818,-0.166803],[0.088482,-0.166889],[0.088909,-0.167129],[0.089387,-0.167841],[0.089548,-0.168058],[0.089676,-0.168193],[0.089781,-0.168312],[0.08985,-0.168521],[0.089893,-0.168727],[0.089935,-0.168877],[0.090199,-0.169203],[0.090467,-0.169457],[0.090586,-0.169656],[0.090817,-0.169965],[0.090924,-0.170074],[0.090969,-0.170074],[0.091045,-0.170062],[0.091104,-0.170043],[0.091228,-0.170089],[0.091308,-0.170134],[0.091391,-0.17021],[0.091605,-0.170314],[0.0917,-0.170412],[0.091786,-0.170423],[0.091924,-0.170385],[0.092071,-0.170433],[0.092268,-0.170488],[0.092451,-0.170528],[0.092674,-0.170766],[0.092988,-0.170818],[0.093487,-0.17107],[0.093774,-0.171233],[0.093807,-0.1713],[0.094187,-0.171842],[0.094591,-0.17231],[0.094931,-0.172595],[0.095111,-0.172818],[0.095204,-0.173051],[0.095354,-0.173283],[0.095506,-0.173595],[0.09566,-0.173846],[0.095717,-0.174001],[0.095815,-0.174115],[0.095857,-0.174257],[0.095936,-0.174395],[0.096045,-0.174529],[0.096115,-0.174441],[0.09612,-0.173966],[0.096079,-0.173782],[0.096061,-0.172971],[0.096124,-0.172738],[0.09633,-0.172129],[0.096492,-0.17182],[0.096639,-0.171668],[0.096859,-0.171609],[0.097141,-0.171479],[0.097396,-0.171179],[0.097549,-0.170933],[0.097565,-0.170896],[0.097606,-0.170799]]]]}},{"type":"Feature","id":7,"properties":{"Clan":"Vale","Name":"South Rainland Coast"},"geometry":{"type":"MultiPolygon","coordinates":[[[[0.117165,-0.172588],[0.117098,-0.172388],[0.117059,-0.172209],[0.117063,-0.171861],[0.117067,-0.171586],[0.117137,-0.171215],[0.117301,-0.170725],[0.117405,-0.170361],[0.117431,-0.169916],[0.117449,-0.169381],[0.117527,-0.168914],[0.117616,-0.168784],[0.117646,-0.168676],[0.117668,-0.168531],[0.117657,-0.168286],[0.117638,-0.168105],[0.117635,-0.167937],[0.117642,-0.167778],[0.11765,-0.16757],[0.117668,-0.167347],[0.117702,-0.167143],[0.117746,-0.16688],[0.117709,-0.166586],[0.117646,-0.166512],[0.117189,-0.165562],[0.117004,-0.165198],[0.11684,-0.164857],[0.116729,-0.164508],[0.11644,-0.163395],[0.11631,-0.162456],[0.116207,-0.161854],[0.116172,-0.161645],[0.116149,-0.161564],[0.116068,-0.161477],[0.116016,-0.16139],[0.115987,-0.161239],[0.115993,-0.161181],[0.115807,-0.161175],[0.115697,-0.161163],[0.115436,-0.161053],[0.115366,-0.161053],[0.115256,-0.161024],[0.115065,-0.160937],[0.114804,-0.160891],[0.114572,-0.160839],[0.114235,-0.160728],[0.114056,-0.160607],[0.113789,-0.160427],[0.113516,-0.160282],[0.113394,-0.160189],[0.113157,-0.160178],[0.112882,-0.160178],[0.112806,-0.160169],[0.112756,-0.160148],[0.112654,-0.160138],[0.112521,-0.160136],[0.112457,-0.160124],[0.1123,-0.160069],[0.112138,-0.160036],[0.112031,-0.16001],[0.111901,-0.15996],[0.111445,-0.159972],[0.111295,-0.159969],[0.111086,-0.159924],[0.11086,-0.15991],[0.110568,-0.159829],[0.110319,-0.159775],[0.110062,-0.15971],[0.108239,-0.159035],[0.108018,-0.159023],[0.107914,-0.158954],[0.107404,-0.158757],[0.107079,-0.158687],[0.106516,-0.158455],[0.10607,-0.158188],[0.105374,-0.157811],[0.104858,-0.157556],[0.104406,-0.15733],[0.104208,-0.157144],[0.103872,-0.156843],[0.103588,-0.156565],[0.103356,-0.156315],[0.103234,-0.156205],[0.102748,-0.155746],[0.103174,-0.156349],[0.10371,-0.157012],[0.103896,-0.157292],[0.104223,-0.15772],[0.104428,-0.158024],[0.104651,-0.158316],[0.104886,-0.158568],[0.105088,-0.158915],[0.105399,-0.159395],[0.10571,-0.159993],[0.106395,-0.160908],[0.106946,-0.161714],[0.107357,-0.162497],[0.107502,-0.162886],[0.107659,-0.163257],[0.107891,-0.163843],[0.108216,-0.164626],[0.108523,-0.165356],[0.108627,-0.165594],[0.108639,-0.165872],[0.108564,-0.166093],[0.108825,-0.166684],[0.109115,-0.167137],[0.109451,-0.167624],[0.109747,-0.168012],[0.109828,-0.168268],[0.110361,-0.168639],[0.110901,-0.168877],[0.111469,-0.169085],[0.111916,-0.169172],[0.112391,-0.169509],[0.112757,-0.170025],[0.113122,-0.170466],[0.113464,-0.171243],[0.113818,-0.172716],[0.114032,-0.173853],[0.114066,-0.173798],[0.114237,-0.173577],[0.114518,-0.173337],[0.1147,-0.173256],[0.114873,-0.173187],[0.11504,-0.173181],[0.115155,-0.173145],[0.115607,-0.17315],[0.115771,-0.173184],[0.116184,-0.173184],[0.116288,-0.17315],[0.116483,-0.172963],[0.116695,-0.172816],[0.116846,-0.172726],[0.117027,-0.172665],[0.117169,-0.172598],[0.11717,-0.172598],[0.117169,-0.172598],[0.117168,-0.172596],[0.117165,-0.172588]]]]}},{"type":"Feature","id":8,"properties":{"Clan":"Vale","Name":"Pouring Coast"},"geometry":{"type":"MultiPolygon","coordinates":[[[[0.076868,-0.152062],[0.076929,-0.152215],[0.076973,-0.152441],[0.076963,-0.152811],[0.076963,-0.153138],[0.077102,-0.153383],[0.07727,-0.153743],[0.077496,-0.154089],[0.077674,-0.154541],[0.077804,-0.154848],[0.07803,-0.155358],[0.078332,-0.15604],[0.078649,-0.156645],[0.078943,-0.156958],[0.079538,-0.157308],[0.079918,-0.157548],[0.080259,-0.157707],[0.0804,-0.157716],[0.080573,-0.158033],[0.080717,-0.158402],[0.080948,-0.158719],[0.081237,-0.158983],[0.081572,-0.159334],[0.081809,-0.159534],[0.082083,-0.159743],[0.082249,-0.159937],[0.082322,-0.159986],[0.082501,-0.160164],[0.082719,-0.160404],[0.082913,-0.160629],[0.083017,-0.160761],[0.083263,-0.160994],[0.083442,-0.161047],[0.083685,-0.161136],[0.083838,-0.161213],[0.083949,-0.161207],[0.084106,-0.16129],[0.084167,-0.161333],[0.084266,-0.161357],[0.084456,-0.161486],[0.084647,-0.161643],[0.084912,-0.161794],[0.085062,-0.161871],[0.085182,-0.16192],[0.085459,-0.162111],[0.085567,-0.16224],[0.085622,-0.162621],[0.08565,-0.16279],[0.085742,-0.163248],[0.085908,-0.163584],[0.08604,-0.163774],[0.086188,-0.163956],[0.086237,-0.164063],[0.086341,-0.164082],[0.086472,-0.164087],[0.08647,-0.164081],[0.086501,-0.164003],[0.086569,-0.163917],[0.086812,-0.163445],[0.087118,-0.162988],[0.08741,-0.162506],[0.087714,-0.161986],[0.087707,-0.161732],[0.087721,-0.161504],[0.087897,-0.161281],[0.088073,-0.161031],[0.088474,-0.16062],[0.088489,-0.160411],[0.088491,-0.160115],[0.088493,-0.159871],[0.088459,-0.159466],[0.088389,-0.158994],[0.088386,-0.158807],[0.088313,-0.158399],[0.088243,-0.158137],[0.088178,-0.157867],[0.088129,-0.157558],[0.088124,-0.157245],[0.08778,-0.157005],[0.08751,-0.156823],[0.087282,-0.15668],[0.087027,-0.156399],[0.08679,-0.156072],[0.086469,-0.155505],[0.086296,-0.155279],[0.086088,-0.154843],[0.08586,-0.154517],[0.085581,-0.154082],[0.085407,-0.15385],[0.085052,-0.153471],[0.084749,-0.153426],[0.084601,-0.153308],[0.084319,-0.153213],[0.084139,-0.153177],[0.083987,-0.153113],[0.083803,-0.152949],[0.083591,-0.152833],[0.082928,-0.15225],[0.082388,-0.151959],[0.08212,-0.151733],[0.081845,-0.151467],[0.081251,-0.151252],[0.080944,-0.151124],[0.08084,-0.151036],[0.080699,-0.150828],[0.080509,-0.150699],[0.080431,-0.150581],[0.080225,-0.150254],[0.08002,-0.14999],[0.079797,-0.150272],[0.0796,-0.150479],[0.079176,-0.150854],[0.078995,-0.151009],[0.078642,-0.151272],[0.078327,-0.151502],[0.078084,-0.151632],[0.077794,-0.151797],[0.077358,-0.151981],[0.077062,-0.152025],[0.076868,-0.152062]]]]}},{"type":"Feature","id":9,"properties":{"Clan":"Vale","Name":"Fruitful Vale"},"geometry":{"type":"MultiPolygon","coordinates":[[[[0.110126,-0.159726],[0.110145,-0.159648],[0.110243,-0.15953],[0.110278,-0.159424],[0.110324,-0.15912],[0.110281,-0.158897],[0.110216,-0.15859],[0.110102,-0.158443],[0.110019,-0.15797],[0.109876,-0.157689],[0.109761,-0.157203],[0.109628,-0.156939],[0.109515,-0.156622],[0.10947,-0.156154],[0.109477,-0.15564],[0.109572,-0.155008],[0.109629,-0.154545],[0.109694,-0.154131],[0.109686,-0.153872],[0.109941,-0.153373],[0.109931,-0.15323],[0.110043,-0.153036],[0.110145,-0.152781],[0.110339,-0.15222],[0.110538,-0.151252],[0.110576,-0.150998],[0.110571,-0.150056],[0.110569,-0.14975],[0.110541,-0.149521],[0.110498,-0.14935],[0.110455,-0.149193],[0.110369,-0.149021],[0.110341,-0.148807],[0.110327,-0.148607],[0.110327,-0.148478],[0.110341,-0.148321],[0.110341,-0.14815],[0.110212,-0.147435],[0.109998,-0.146878],[0.109969,-0.146506],[0.109998,-0.145806],[0.110055,-0.145335],[0.110141,-0.14492],[0.110282,-0.144561],[0.110447,-0.144244],[0.110284,-0.144223],[0.109555,-0.144227],[0.108534,-0.143827],[0.108246,-0.143609],[0.107273,-0.143137],[0.106834,-0.143017],[0.106316,-0.142748],[0.105818,-0.142353],[0.105628,-0.142252],[0.105389,-0.141974],[0.105125,-0.141753],[0.104717,-0.141485],[0.104526,-0.141224],[0.104113,-0.140847],[0.103787,-0.140512],[0.103713,-0.140409],[0.103576,-0.140329],[0.103368,-0.140195],[0.103116,-0.140118],[0.102936,-0.140037],[0.102708,-0.139896],[0.102548,-0.139816],[0.102382,-0.140296],[0.102346,-0.140591],[0.102332,-0.140895],[0.102282,-0.14113],[0.102162,-0.141449],[0.102138,-0.141638],[0.102109,-0.141945],[0.102083,-0.142142],[0.10202,-0.142401],[0.10198,-0.142557],[0.101934,-0.142784],[0.101927,-0.143067],[0.10192,-0.143312],[0.101809,-0.143599],[0.101627,-0.144098],[0.101591,-0.144414],[0.101428,-0.144918],[0.101328,-0.145103],[0.101141,-0.145692],[0.10086,-0.146515],[0.100716,-0.146872],[0.100393,-0.14772],[0.100074,-0.148387],[0.099959,-0.148945],[0.099834,-0.149264],[0.099812,-0.149593],[0.099736,-0.149892],[0.099743,-0.150197],[0.099741,-0.150468],[0.099796,-0.150679],[0.099935,-0.150974],[0.099968,-0.151146],[0.099961,-0.151451],[0.099949,-0.15175],[0.100083,-0.152122],[0.100148,-0.152376],[0.100191,-0.152577],[0.100397,-0.152963],[0.10058,-0.153261],[0.100807,-0.153611],[0.101045,-0.153901],[0.101335,-0.154299],[0.101584,-0.154534],[0.101968,-0.154922],[0.102325,-0.155284],[0.102483,-0.155521],[0.10279,-0.155785],[0.103234,-0.156205],[0.103356,-0.156315],[0.103588,-0.156565],[0.103872,-0.156843],[0.104208,-0.157144],[0.104406,-0.15733],[0.104858,-0.157556],[0.105374,-0.157811],[0.10607,-0.158188],[0.106516,-0.158455],[0.107079,-0.158687],[0.107404,-0.158757],[0.107914,-0.158954],[0.108018,-0.159023],[0.108239,-0.159035],[0.110062,-0.15971],[0.110069,-0.159712],[0.110126,-0.159726]]]]}},{"type":"Feature","id":10,"properties":{"Clan":"Vale","Name":"Southern Rainlands"},"geometry":{"type":"MultiPolygon","coordinates":[[[[0.088126,-0.157242],[0.088149,-0.157681],[0.088178,-0.157867],[0.088243,-0.158137],[0.088313,-0.158399],[0.088386,-0.158807],[0.088389,-0.158994],[0.088459,-0.159466],[0.088493,-0.159871],[0.088491,-0.160112],[0.088539,-0.160171],[0.088591,-0.160201],[0.088857,-0.160212],[0.089066,-0.160253],[0.089252,-0.160375],[0.089321,-0.160468],[0.089548,-0.160607],[0.089994,-0.160752],[0.091096,-0.161279],[0.091566,-0.1615],[0.091972,-0.161726],[0.092569,-0.161958],[0.092871,-0.162097],[0.093659,-0.162816],[0.094587,-0.163779],[0.095405,-0.165095],[0.095573,-0.165351],[0.095817,-0.165559],[0.095909,-0.165629],[0.096031,-0.165745],[0.096124,-0.165896],[0.096217,-0.166128],[0.096663,-0.16658],[0.09682,-0.1668],[0.096988,-0.16705],[0.096994,-0.16723],[0.097296,-0.167821],[0.097348,-0.168326],[0.097383,-0.168981],[0.097391,-0.16953],[0.097431,-0.170119],[0.097532,-0.170596],[0.097602,-0.170788],[0.097608,-0.170798],[0.097804,-0.170691],[0.098059,-0.170624],[0.09814,-0.170592],[0.098481,-0.170584],[0.098573,-0.170648],[0.098718,-0.170642],[0.099342,-0.17064],[0.099661,-0.170672],[0.100245,-0.170776],[0.100715,-0.170871],[0.101215,-0.170919],[0.101666,-0.171026],[0.102105,-0.171085],[0.102705,-0.171173],[0.102961,-0.171211],[0.103104,-0.171259],[0.103282,-0.171351],[0.10344,-0.171554],[0.103704,-0.171727],[0.103897,-0.171855],[0.104016,-0.17191],[0.104131,-0.171988],[0.104319,-0.172037],[0.104451,-0.172092],[0.104579,-0.172162],[0.104647,-0.172208],[0.105021,-0.172235],[0.10524,-0.172257],[0.105498,-0.172309],[0.105805,-0.172395],[0.106344,-0.172529],[0.106924,-0.172685],[0.107363,-0.172962],[0.107581,-0.173224],[0.107763,-0.17338],[0.107974,-0.173564],[0.108049,-0.173632],[0.108434,-0.173639],[0.108515,-0.173842],[0.108613,-0.173795],[0.108968,-0.173812],[0.109152,-0.17394],[0.111016,-0.173946],[0.11182,-0.174225],[0.112096,-0.174406],[0.112668,-0.174716],[0.113137,-0.174736],[0.11357,-0.174543],[0.113815,-0.174504],[0.113983,-0.174352],[0.113991,-0.174317],[0.114011,-0.174099],[0.114016,-0.173879],[0.114032,-0.173853],[0.113818,-0.172716],[0.113464,-0.171243],[0.113122,-0.170466],[0.112757,-0.170025],[0.112391,-0.169509],[0.111916,-0.169172],[0.111469,-0.169085],[0.110901,-0.168877],[0.110361,-0.168639],[0.109828,-0.168268],[0.109747,-0.168012],[0.109451,-0.167624],[0.109115,-0.167137],[0.108825,-0.166684],[0.108564,-0.166093],[0.108639,-0.165872],[0.108627,-0.165594],[0.108523,-0.165356],[0.108216,-0.164626],[0.107891,-0.163843],[0.107659,-0.163257],[0.107502,-0.162886],[0.107357,-0.162497],[0.106946,-0.161714],[0.106395,-0.160908],[0.10571,-0.159993],[0.105399,-0.159395],[0.105088,-0.158915],[0.104886,-0.158568],[0.104651,-0.158316],[0.104428,-0.158024],[0.104223,-0.15772],[0.103896,-0.157292],[0.10371,-0.157012],[0.103174,-0.156349],[0.102755,-0.155755],[0.102483,-0.155521],[0.102325,-0.155284],[0.101968,-0.154922],[0.101584,-0.154534],[0.101335,-0.154299],[0.101045,-0.153901],[0.100807,-0.153611],[0.10058,-0.153261],[0.100397,-0.152963],[0.100191,-0.152577],[0.100148,-0.152376],[0.100083,-0.152122],[0.099949,-0.15175],[0.099961,-0.151451],[0.099968,-0.151146],[0.099935,-0.150974],[0.099796,-0.150679],[0.099741,-0.150468],[0.099743,-0.150197],[0.099736,-0.149892],[0.099812,-0.149593],[0.099832,-0.1493],[0.099553,-0.149428],[0.099459,-0.149516],[0.099237,-0.149593],[0.098998,-0.149618],[0.098762,-0.149715],[0.098577,-0.149814],[0.098358,-0.149977],[0.097883,-0.15048],[0.097234,-0.150964],[0.09681,-0.151514],[0.095109,-0.152807],[0.094774,-0.152992],[0.093904,-0.153509],[0.093516,-0.153688],[0.093073,-0.15397],[0.092547,-0.154225],[0.092249,-0.154378],[0.091753,-0.154531],[0.091353,-0.154582],[0.090906,-0.154673],[0.090646,-0.154737],[0.090364,-0.154848],[0.089996,-0.155052],[0.089828,-0.155136],[0.089386,-0.155438],[0.089033,-0.155778],[0.088823,-0.15598],[0.088428,-0.156492],[0.088211,-0.156774],[0.088128,-0.157071],[0.088126,-0.157242]]]]}},{"type":"Feature","id":11,"properties":{"Clan":"Vale","Name":"Northern Pouring Coast"},"geometry":{"type":"MultiPolygon","coordinates":[[[[0.076869,-0.152061],[0.076951,-0.152046],[0.077062,-0.152025],[0.077358,-0.151981],[0.077794,-0.151797],[0.078084,-0.151632],[0.078327,-0.151502],[0.078642,-0.151272],[0.078995,-0.151009],[0.079176,-0.150854],[0.0796,-0.150479],[0.079797,-0.150272],[0.08002,-0.14999],[0.079986,-0.149774],[0.079935,-0.149312],[0.079825,-0.148786],[0.079472,-0.14876],[0.079517,-0.148311],[0.079729,-0.147747],[0.079973,-0.147272],[0.080249,-0.146701],[0.080538,-0.145924],[0.080557,-0.145212],[0.080608,-0.144204],[0.080801,-0.143652],[0.080955,-0.143344],[0.081135,-0.142921],[0.081231,-0.142703],[0.081398,-0.142208],[0.081571,-0.141862],[0.081783,-0.141425],[0.081879,-0.141066],[0.081969,-0.140758],[0.081975,-0.140598],[0.081879,-0.140489],[0.081686,-0.140399],[0.081436,-0.140264],[0.081295,-0.140206],[0.081147,-0.140161],[0.080897,-0.140078],[0.080711,-0.139937],[0.080506,-0.139828],[0.080294,-0.139789],[0.080178,-0.13986],[0.079992,-0.139982],[0.079806,-0.140174],[0.079511,-0.140322],[0.079184,-0.140546],[0.078613,-0.140976],[0.078189,-0.141342],[0.077977,-0.141438],[0.077862,-0.141361],[0.077663,-0.141368],[0.077457,-0.141374],[0.07738,-0.141496],[0.077233,-0.141727],[0.076848,-0.142228],[0.076444,-0.142581],[0.075949,-0.142991],[0.075654,-0.143402],[0.075391,-0.143659],[0.075109,-0.143755],[0.074993,-0.143806],[0.074762,-0.143992],[0.074576,-0.144474],[0.074088,-0.145051],[0.073806,-0.145719],[0.073697,-0.146271],[0.073716,-0.147182],[0.073767,-0.147548],[0.074065,-0.148048],[0.074094,-0.14867],[0.074188,-0.148755],[0.074291,-0.148797],[0.074354,-0.14882],[0.074543,-0.148897],[0.074667,-0.148991],[0.074845,-0.149115],[0.074964,-0.149236],[0.074982,-0.149314],[0.075003,-0.149417],[0.075056,-0.149504],[0.075155,-0.149564],[0.075271,-0.149577],[0.075458,-0.14968],[0.075655,-0.149969],[0.075944,-0.150379],[0.07612,-0.150692],[0.076301,-0.150836],[0.076459,-0.151052],[0.076608,-0.151326],[0.0768,-0.151847],[0.076869,-0.152061]]]]}},{"type":"Feature","id":12,"properties":{"Clan":"Vale","Name":"Bay of Clouds"},"geometry":{"type":"MultiPolygon","coordinates":[[[[0.081933,-0.140546],[0.082186,-0.140523],[0.082598,-0.140467],[0.083079,-0.14038],[0.083544,-0.140239],[0.08431,-0.140015],[0.084609,-0.139907],[0.085035,-0.139514],[0.085226,-0.139181],[0.085241,-0.139073],[0.085569,-0.138943],[0.08571,-0.138719],[0.085981,-0.138503],[0.085985,-0.137904],[0.085945,-0.136979],[0.085844,-0.136712],[0.085566,-0.136095],[0.085443,-0.135518],[0.085125,-0.135009],[0.084703,-0.134738],[0.084523,-0.134514],[0.0844,-0.134059],[0.084147,-0.13337],[0.083894,-0.132879],[0.083469,-0.132673],[0.083205,-0.1325],[0.082642,-0.132272],[0.082638,-0.132514],[0.082562,-0.132731],[0.082487,-0.132828],[0.082386,-0.132897],[0.082306,-0.132947],[0.082191,-0.133088],[0.082108,-0.133214],[0.08205,-0.133431],[0.081909,-0.133525],[0.081743,-0.133792],[0.081461,-0.134279],[0.081082,-0.13472],[0.080801,-0.135063],[0.080454,-0.135218],[0.080057,-0.135442],[0.079884,-0.135499],[0.080021,-0.135763],[0.080234,-0.136045],[0.080382,-0.136265],[0.080462,-0.136503],[0.08049,-0.136738],[0.080566,-0.137081],[0.08074,-0.137564],[0.080765,-0.138344],[0.080638,-0.138683],[0.080588,-0.139001],[0.080465,-0.139376],[0.080422,-0.139503],[0.080292,-0.139717],[0.080296,-0.139789],[0.080506,-0.139828],[0.080711,-0.139937],[0.080897,-0.140078],[0.081147,-0.140161],[0.081295,-0.140206],[0.081436,-0.140264],[0.081686,-0.140399],[0.081879,-0.140489],[0.081931,-0.140547],[0.081933,-0.140546]]]]}},{"type":"Feature","id":13,"properties":{"Clan":"Vale","Name":"North Rainland Coast"},"geometry":{"type":"MultiPolygon","coordinates":[[[[0.082641,-0.132272],[0.082508,-0.132128],[0.082355,-0.132012],[0.082289,-0.131861],[0.082134,-0.131682],[0.082029,-0.131566],[0.081891,-0.131312],[0.081801,-0.131125],[0.081783,-0.130665],[0.081686,-0.130406],[0.081559,-0.130358],[0.081362,-0.129875],[0.081332,-0.129746],[0.081129,-0.129321],[0.08109,-0.128835],[0.08097,-0.12832],[0.080628,-0.127512],[0.080383,-0.126902],[0.080392,-0.126056],[0.080316,-0.125677],[0.080223,-0.125114],[0.079984,-0.124649],[0.079866,-0.124503],[0.079618,-0.124238],[0.079477,-0.124006],[0.079217,-0.123516],[0.078777,-0.122754],[0.078777,-0.12232],[0.078783,-0.1217],[0.078851,-0.121057],[0.078913,-0.120583],[0.07898,-0.119726],[0.078997,-0.11919],[0.078969,-0.119043],[0.078512,-0.119556],[0.078084,-0.120081],[0.07779,-0.12029],[0.07752,-0.120588],[0.076595,-0.121],[0.076392,-0.121085],[0.075726,-0.121395],[0.075382,-0.121592],[0.075297,-0.121654],[0.075128,-0.121666],[0.075117,-0.122134],[0.075072,-0.122331],[0.075066,-0.122523],[0.074976,-0.122924],[0.074919,-0.123335],[0.074874,-0.123442],[0.07479,-0.123928],[0.074677,-0.124458],[0.074621,-0.124751],[0.074609,-0.125174],[0.074604,-0.125981],[0.074592,-0.126251],[0.074699,-0.126753],[0.074852,-0.127159],[0.075094,-0.127819],[0.075258,-0.128265],[0.07545,-0.128806],[0.075546,-0.128998],[0.075743,-0.129393],[0.07611,-0.130064],[0.076668,-0.130938],[0.076894,-0.131243],[0.077283,-0.131728],[0.077627,-0.132117],[0.077988,-0.132422],[0.078337,-0.132822],[0.078478,-0.133104],[0.078614,-0.133189],[0.078786,-0.133641],[0.078925,-0.133834],[0.079143,-0.134038],[0.079244,-0.134139],[0.079394,-0.13428],[0.079541,-0.134497],[0.079641,-0.134691],[0.079739,-0.134954],[0.079752,-0.135136],[0.079803,-0.135355],[0.079885,-0.135499],[0.080057,-0.135442],[0.080454,-0.135218],[0.080801,-0.135063],[0.081082,-0.13472],[0.081461,-0.134279],[0.081743,-0.133792],[0.081909,-0.133525],[0.08205,-0.133431],[0.082108,-0.133214],[0.082191,-0.133088],[0.082306,-0.132947],[0.082386,-0.132897],[0.082487,-0.132828],[0.082562,-0.132731],[0.082638,-0.132514],[0.082642,-0.132273],[0.082641,-0.132272]]]]}},{"type":"Feature","id":14,"properties":{"Clan":"Vale","Name":"Mountains of Summer"},"geometry":{"type":"MultiPolygon","coordinates":[[[[0.078969,-0.119043],[0.079046,-0.11892],[0.079085,-0.118615],[0.079256,-0.118079],[0.079301,-0.117783],[0.079336,-0.11752],[0.07945,-0.117212],[0.079587,-0.116916],[0.079917,-0.116573],[0.080165,-0.116441],[0.080319,-0.116278],[0.080576,-0.116053],[0.080698,-0.115763],[0.080754,-0.115492],[0.080856,-0.115063],[0.081053,-0.114516],[0.081216,-0.114053],[0.081263,-0.11346],[0.081319,-0.113142],[0.081375,-0.112777],[0.081562,-0.112427],[0.081693,-0.112095],[0.081716,-0.111609],[0.08159,-0.11096],[0.081408,-0.110291],[0.081184,-0.109633],[0.080964,-0.109235],[0.080612,-0.108892],[0.080236,-0.109047],[0.080182,-0.109115],[0.079923,-0.109196],[0.079751,-0.109257],[0.079653,-0.109316],[0.079432,-0.109451],[0.079219,-0.109575],[0.07899,-0.109673],[0.078727,-0.109773],[0.078542,-0.109876],[0.078413,-0.109948],[0.078254,-0.109977],[0.077846,-0.109994],[0.077615,-0.110026],[0.077453,-0.110023],[0.077321,-0.110039],[0.077203,-0.110097],[0.077125,-0.110233],[0.077075,-0.110394],[0.077029,-0.110538],[0.077008,-0.110749],[0.076986,-0.11088],[0.076941,-0.111184],[0.076921,-0.111358],[0.076878,-0.111576],[0.076791,-0.111769],[0.076732,-0.112012],[0.076507,-0.112411],[0.076311,-0.112675],[0.076168,-0.112917],[0.076116,-0.113043],[0.075904,-0.113344],[0.075634,-0.113689],[0.075437,-0.113952],[0.075285,-0.114176],[0.075174,-0.11437],[0.075034,-0.114708],[0.075007,-0.115372],[0.075049,-0.115465],[0.075058,-0.115612],[0.075076,-0.115911],[0.075073,-0.116222],[0.074836,-0.116859],[0.074678,-0.117316],[0.074597,-0.117675],[0.074477,-0.118127],[0.074457,-0.118231],[0.074445,-0.118656],[0.074624,-0.118991],[0.074705,-0.11947],[0.074818,-0.1199],[0.075013,-0.120528],[0.075088,-0.120708],[0.075171,-0.121013],[0.075186,-0.121198],[0.075165,-0.121399],[0.075128,-0.121666],[0.075297,-0.121654],[0.075382,-0.121592],[0.075726,-0.121395],[0.076392,-0.121085],[0.076595,-0.121],[0.07752,-0.120588],[0.07779,-0.12029],[0.078084,-0.120081],[0.078397,-0.119698],[0.078969,-0.119043]]]]}},{"type":"Feature","id":15,"properties":{"Clan":"Longservant","Name":"West Summerlands"},"geometry":{"type":"MultiPolygon","coordinates":[[[[0.080612,-0.108892],[0.080705,-0.108845],[0.080871,-0.108785],[0.080979,-0.108755],[0.081125,-0.108709],[0.081339,-0.108655],[0.081626,-0.108563],[0.081722,-0.108521],[0.081901,-0.108469],[0.082164,-0.108403],[0.082444,-0.108303],[0.082835,-0.108131],[0.083013,-0.107987],[0.083225,-0.107912],[0.08348,-0.107759],[0.083705,-0.107625],[0.084151,-0.107364],[0.084595,-0.107103],[0.08481,-0.106775],[0.085047,-0.106414],[0.085107,-0.106145],[0.085194,-0.105948],[0.085259,-0.105757],[0.085267,-0.104899],[0.085271,-0.104076],[0.085492,-0.103386],[0.085594,-0.102844],[0.0856,-0.102186],[0.085562,-0.102128],[0.08551,-0.102107],[0.085444,-0.10209],[0.085225,-0.102067],[0.084973,-0.102012],[0.084742,-0.101918],[0.084513,-0.101863],[0.084228,-0.101772],[0.083896,-0.10168],[0.083619,-0.101644],[0.083348,-0.101606],[0.08306,-0.101536],[0.082825,-0.10151],[0.082365,-0.101438],[0.082141,-0.101367],[0.081983,-0.101363],[0.08168,-0.101363],[0.081499,-0.101348],[0.081284,-0.101201],[0.080879,-0.100898],[0.080473,-0.10067],[0.08017,-0.100553],[0.079702,-0.100539],[0.075581,-0.100539],[0.075296,-0.100866],[0.075099,-0.101259],[0.074604,-0.102039],[0.074333,-0.102782],[0.074057,-0.103333],[0.074001,-0.103586],[0.074012,-0.103751],[0.074011,-0.103916],[0.073998,-0.104081],[0.073974,-0.104244],[0.073937,-0.104405],[0.073889,-0.104563],[0.07383,-0.104717],[0.07376,-0.104867],[0.073679,-0.105011],[0.073592,-0.105082],[0.073509,-0.105158],[0.073432,-0.105239],[0.07336,-0.105325],[0.073294,-0.105416],[0.073234,-0.10551],[0.07318,-0.105609],[0.073133,-0.10571],[0.073092,-0.105815],[0.073058,-0.105922],[0.073031,-0.106031],[0.073012,-0.106141],[0.072999,-0.106252],[0.072994,-0.106364],[0.072995,-0.106477],[0.073005,-0.106588],[0.073021,-0.106699],[0.073014,-0.106893],[0.07302,-0.107086],[0.07304,-0.107279],[0.073073,-0.10747],[0.07312,-0.107658],[0.073181,-0.107842],[0.073254,-0.108021],[0.073339,-0.108195],[0.073437,-0.108362],[0.073547,-0.108521],[0.073667,-0.108673],[0.073688,-0.108694],[0.073708,-0.108716],[0.073725,-0.108739],[0.073742,-0.108764],[0.073756,-0.108789],[0.073769,-0.108816],[0.073779,-0.108843],[0.073788,-0.108871],[0.073795,-0.1089],[0.073799,-0.108929],[0.073802,-0.108959],[0.073802,-0.108988],[0.073801,-0.109017],[0.073797,-0.109047],[0.073791,-0.109075],[0.073783,-0.109104],[0.073773,-0.109131],[0.073762,-0.109158],[0.073748,-0.109185],[0.073732,-0.10921],[0.073715,-0.109233],[0.073696,-0.109256],[0.073676,-0.109277],[0.073732,-0.109253],[0.07379,-0.109232],[0.073848,-0.109216],[0.073908,-0.109204],[0.073969,-0.109196],[0.07403,-0.109192],[0.074091,-0.109192],[0.074152,-0.109196],[0.074212,-0.109205],[0.074272,-0.109218],[0.074331,-0.109235],[0.074388,-0.109256],[0.074444,-0.109281],[0.074498,-0.10931],[0.07455,-0.109342],[0.074599,-0.109378],[0.074646,-0.109418],[0.074687,-0.109427],[0.074728,-0.109433],[0.074769,-0.109437],[0.074811,-0.109438],[0.074853,-0.109436],[0.074894,-0.109431],[0.074935,-0.109424],[0.074975,-0.109413],[0.075015,-0.1094],[0.075053,-0.109385],[0.075091,-0.109366],[0.075127,-0.109345],[0.075161,-0.109322],[0.075194,-0.109297],[0.075225,-0.109269],[0.075255,-0.109239],[0.075282,-0.109207],[0.075329,-0.109178],[0.075379,-0.109152],[0.07543,-0.10913],[0.075483,-0.109111],[0.075537,-0.109096],[0.075591,-0.109085],[0.075647,-0.109077],[0.075703,-0.109074],[0.075758,-0.109074],[0.075814,-0.109078],[0.07587,-0.109086],[0.075924,-0.109098],[0.075978,-0.109114],[0.076083,-0.109454],[0.076482,-0.109673],[0.076683,-0.10986],[0.076805,-0.109961],[0.076997,-0.110024],[0.077079,-0.110068],[0.077203,-0.110097],[0.077321,-0.110039],[0.077453,-0.110023],[0.077615,-0.110026],[0.077846,-0.109994],[0.078254,-0.109977],[0.078413,-0.109948],[0.078542,-0.109876],[0.078727,-0.109773],[0.07899,-0.109673],[0.079219,-0.109575],[0.079432,-0.109451],[0.079653,-0.109316],[0.079751,-0.109257],[0.079923,-0.109196],[0.080182,-0.109115],[0.080236,-0.109047],[0.08046,-0.108955],[0.080612,-0.108892]]]]}},{"type":"Feature","id":16,"properties":{"Clan":"Longservant","Name":"Harper's Gap"},"geometry":{"type":"MultiPolygon","coordinates":[[[[0.07402,-0.103475],[0.073944,-0.103459],[0.073869,-0.103437],[0.073796,-0.103411],[0.073725,-0.10338],[0.073656,-0.103344],[0.073589,-0.103304],[0.073525,-0.103259],[0.073465,-0.10321],[0.073407,-0.103158],[0.073353,-0.103102],[0.073303,-0.103042],[0.073257,-0.102979],[0.073216,-0.102914],[0.073178,-0.102845],[0.073145,-0.102775],[0.073132,-0.102756],[0.073117,-0.102738],[0.073101,-0.102721],[0.073084,-0.102705],[0.073066,-0.10269],[0.073047,-0.102677],[0.073026,-0.102665],[0.073005,-0.102655],[0.072984,-0.102646],[0.072962,-0.102639],[0.072939,-0.102633],[0.072916,-0.102629],[0.072893,-0.102626],[0.072869,-0.102626],[0.072846,-0.102627],[0.072823,-0.102629],[0.0728,-0.102633],[0.072777,-0.102639],[0.072755,-0.102647],[0.072697,-0.10262],[0.072638,-0.102593],[0.07258,-0.102566],[0.072522,-0.102539],[0.072464,-0.102511],[0.072407,-0.102483],[0.072349,-0.102455],[0.072299,-0.102442],[0.072248,-0.102429],[0.072198,-0.102416],[0.072147,-0.102404],[0.072097,-0.102392],[0.072046,-0.10238],[0.071995,-0.102369],[0.071881,-0.102338],[0.071767,-0.102311],[0.071651,-0.102288],[0.071535,-0.102268],[0.071418,-0.102251],[0.071301,-0.102238],[0.071184,-0.102229],[0.07098,-0.102195],[0.070777,-0.102159],[0.070574,-0.102122],[0.070372,-0.102084],[0.070169,-0.102045],[0.069967,-0.102005],[0.069765,-0.101963],[0.069592,-0.101944],[0.069419,-0.101929],[0.069245,-0.101919],[0.069071,-0.101914],[0.068897,-0.101914],[0.068723,-0.101919],[0.06855,-0.101929],[0.068506,-0.101917],[0.068462,-0.101909],[0.068418,-0.101903],[0.068373,-0.101901],[0.068328,-0.101901],[0.068283,-0.101904],[0.068239,-0.10191],[0.068195,-0.101919],[0.068152,-0.101931],[0.068109,-0.101945],[0.068068,-0.101963],[0.068028,-0.101983],[0.067989,-0.102005],[0.067765,-0.102039],[0.06754,-0.102059],[0.067314,-0.102065],[0.067088,-0.102056],[0.066863,-0.102032],[0.06664,-0.101995],[0.066419,-0.101943],[0.066203,-0.101878],[0.065991,-0.101799],[0.065933,-0.101996],[0.065954,-0.102248],[0.065969,-0.103236],[0.065984,-0.103557],[0.066057,-0.103901],[0.066371,-0.104215],[0.066583,-0.104529],[0.066926,-0.104828],[0.067145,-0.105003],[0.067364,-0.105222],[0.067466,-0.105412],[0.06751,-0.105565],[0.067597,-0.10577],[0.067678,-0.10596],[0.067765,-0.106098],[0.06778,-0.106295],[0.067911,-0.106661],[0.068065,-0.10685],[0.068204,-0.107172],[0.068401,-0.107478],[0.068751,-0.107675],[0.069306,-0.107873],[0.069547,-0.107968],[0.070211,-0.108157],[0.070403,-0.108193],[0.070875,-0.108376],[0.071221,-0.108516],[0.071436,-0.108633],[0.071534,-0.108894],[0.071786,-0.109076],[0.072006,-0.109198],[0.07216,-0.109268],[0.072431,-0.109343],[0.07251,-0.109392],[0.072627,-0.109323],[0.072817,-0.109328],[0.073221,-0.109331],[0.073417,-0.109322],[0.073607,-0.109298],[0.073676,-0.109277],[0.073696,-0.109256],[0.073715,-0.109233],[0.073732,-0.10921],[0.073748,-0.109185],[0.073762,-0.109158],[0.073773,-0.109131],[0.073783,-0.109104],[0.073791,-0.109075],[0.073797,-0.109047],[0.073801,-0.109017],[0.073802,-0.108988],[0.073802,-0.108959],[0.073799,-0.108929],[0.073795,-0.1089],[0.073788,-0.108871],[0.073779,-0.108843],[0.073769,-0.108816],[0.073756,-0.108789],[0.073742,-0.108764],[0.073725,-0.108739],[0.073708,-0.108716],[0.073688,-0.108694],[0.073667,-0.108673],[0.073547,-0.108521],[0.073437,-0.108362],[0.073339,-0.108195],[0.073254,-0.108021],[0.073181,-0.107842],[0.07312,-0.107658],[0.073073,-0.10747],[0.07304,-0.107279],[0.07302,-0.107086],[0.073014,-0.106893],[0.073021,-0.106699],[0.073005,-0.106588],[0.072995,-0.106477],[0.072994,-0.106364],[0.072999,-0.106252],[0.073012,-0.106141],[0.073031,-0.106031],[0.073058,-0.105922],[0.073092,-0.105815],[0.073133,-0.10571],[0.07318,-0.105609],[0.073234,-0.10551],[0.073294,-0.105416],[0.07336,-0.105325],[0.073432,-0.105239],[0.073509,-0.105158],[0.073592,-0.105082],[0.073679,-0.105011],[0.07376,-0.104867],[0.07383,-0.104717],[0.073889,-0.104563],[0.073937,-0.104405],[0.073974,-0.104244],[0.073998,-0.104081],[0.074011,-0.103916],[0.074012,-0.103751],[0.074001,-0.103586],[0.074025,-0.103477],[0.07402,-0.103475]]]]}},{"type":"Feature","id":17,"properties":{"Clan":"Steelheart","Name":"Bay of Dusk"},"geometry":{"type":"MultiPolygon","coordinates":[[[[0.072509,-0.109392],[0.072506,-0.10939],[0.072431,-0.109343],[0.07216,-0.109268],[0.072006,-0.109198],[0.071786,-0.109076],[0.071534,-0.108894],[0.071436,-0.108633],[0.071221,-0.108516],[0.070875,-0.108376],[0.070403,-0.108193],[0.070211,-0.108157],[0.069547,-0.107968],[0.069306,-0.107873],[0.068751,-0.107675],[0.068401,-0.107478],[0.068204,-0.107172],[0.068065,-0.10685],[0.067911,-0.106661],[0.06778,-0.106295],[0.067765,-0.106098],[0.067678,-0.10596],[0.067597,-0.10577],[0.067535,-0.105623],[0.067375,-0.105715],[0.066492,-0.10629],[0.066205,-0.106544],[0.066151,-0.106986],[0.066086,-0.10713],[0.06596,-0.107405],[0.065969,-0.107692],[0.06581,-0.108042],[0.065461,-0.108823],[0.06541,-0.109226],[0.065341,-0.109499],[0.06497,-0.110043],[0.064925,-0.11039],[0.064764,-0.110713],[0.064524,-0.111021],[0.064474,-0.111293],[0.06448,-0.111517],[0.064402,-0.111751],[0.064055,-0.112193],[0.063226,-0.113069],[0.063747,-0.113551],[0.064572,-0.114101],[0.0652,-0.114317],[0.06622,-0.114433],[0.066672,-0.114669],[0.066971,-0.115076],[0.067213,-0.115522],[0.067315,-0.115821],[0.067763,-0.11609],[0.068137,-0.11618],[0.068658,-0.116204],[0.069313,-0.116255],[0.069731,-0.116353],[0.07032,-0.116419],[0.070512,-0.116509],[0.070859,-0.116748],[0.071152,-0.117068],[0.071364,-0.117224],[0.071891,-0.117415],[0.072193,-0.117633],[0.072369,-0.117926],[0.072548,-0.118007],[0.072764,-0.118046],[0.072842,-0.117696],[0.07283,-0.117373],[0.072833,-0.11705],[0.072874,-0.11656],[0.072868,-0.116255],[0.072874,-0.115949],[0.072818,-0.115812],[0.072767,-0.115665],[0.072746,-0.115441],[0.072752,-0.114349],[0.072731,-0.113793],[0.072665,-0.11373],[0.072563,-0.113662],[0.072444,-0.11356],[0.072345,-0.113479],[0.072234,-0.113288],[0.072085,-0.113105],[0.071986,-0.112902],[0.071858,-0.112603],[0.071798,-0.112582],[0.071801,-0.112516],[0.071837,-0.112373],[0.071837,-0.112256],[0.071825,-0.11208],[0.071792,-0.111763],[0.071762,-0.11158],[0.071735,-0.111281],[0.071702,-0.110958],[0.071691,-0.110732],[0.071754,-0.110475],[0.071924,-0.110134],[0.072066,-0.109859],[0.072236,-0.109684],[0.072509,-0.109392]]]]}},{"type":"Feature","id":18,"properties":{"Clan":"Steelheart","Name":"Coast of Dusk"},"geometry":{"type":"MultiPolygon","coordinates":[[[[0.072764,-0.118046],[0.072755,-0.118044],[0.072548,-0.118007],[0.072369,-0.117926],[0.072193,-0.117633],[0.071891,-0.117415],[0.071364,-0.117224],[0.071152,-0.117068],[0.070859,-0.116748],[0.070512,-0.116509],[0.070502,-0.116504],[0.070357,-0.116822],[0.070236,-0.117266],[0.070209,-0.117412],[0.070225,-0.11807],[0.07015,-0.118271],[0.069995,-0.118968],[0.069888,-0.119262],[0.06971,-0.119804],[0.069629,-0.120327],[0.069499,-0.120598],[0.069463,-0.120824],[0.069375,-0.121014],[0.069342,-0.121531],[0.069193,-0.122061],[0.069093,-0.122369],[0.068963,-0.122591],[0.068881,-0.122949],[0.068806,-0.123366],[0.068816,-0.123841],[0.068892,-0.124099],[0.068998,-0.12436],[0.069084,-0.124606],[0.069195,-0.124729],[0.069262,-0.124989],[0.069392,-0.125137],[0.06939,-0.125384],[0.069736,-0.125456],[0.070047,-0.125684],[0.070263,-0.125684],[0.070376,-0.125638],[0.070533,-0.125615],[0.070908,-0.125546],[0.07135,-0.125542],[0.07148,-0.125533],[0.071605,-0.125489],[0.071758,-0.125474],[0.071758,-0.125213],[0.071796,-0.124823],[0.071913,-0.124312],[0.072022,-0.124038],[0.072102,-0.123935],[0.072116,-0.123854],[0.072108,-0.123791],[0.072039,-0.123598],[0.071922,-0.123267],[0.071815,-0.12287],[0.071823,-0.122614],[0.071804,-0.122583],[0.071802,-0.121883],[0.071874,-0.121577],[0.071972,-0.121389],[0.07207,-0.121134],[0.072074,-0.120859],[0.072072,-0.120451],[0.072104,-0.120107],[0.072183,-0.119821],[0.072196,-0.119613],[0.072297,-0.119381],[0.072449,-0.118912],[0.072521,-0.118796],[0.072635,-0.118507],[0.072678,-0.118302],[0.072764,-0.118046]]]]}},{"type":"Feature","id":19,"properties":{"Clan":"Steelheart","Name":"Vale of Bones"},"geometry":{"type":"MultiPolygon","coordinates":[[[[0.06939,-0.125384],[0.06939,-0.125382],[0.069392,-0.125137],[0.069262,-0.124989],[0.069195,-0.124729],[0.069084,-0.124606],[0.069032,-0.124458],[0.069004,-0.124428],[0.068807,-0.124446],[0.068616,-0.12441],[0.068338,-0.124201],[0.067793,-0.124075],[0.067231,-0.124021],[0.066687,-0.12395],[0.066274,-0.123537],[0.065861,-0.122999],[0.065589,-0.122673],[0.065305,-0.122439],[0.064982,-0.122338],[0.064758,-0.122215],[0.064327,-0.121946],[0.063807,-0.121491],[0.062841,-0.121303],[0.061797,-0.121153],[0.06023,-0.120905],[0.05973,-0.120788],[0.059186,-0.120762],[0.0586,-0.120678],[0.058693,-0.121049],[0.058696,-0.121521],[0.058743,-0.121952],[0.05883,-0.122326],[0.059022,-0.122631],[0.05938,-0.122918],[0.059712,-0.12345],[0.06043,-0.124359],[0.060965,-0.125011],[0.06148,-0.125612],[0.061869,-0.126004],[0.061818,-0.126157],[0.061531,-0.126749],[0.061211,-0.127287],[0.060511,-0.128053],[0.060406,-0.127993],[0.060062,-0.127604],[0.059721,-0.127347],[0.059671,-0.127431],[0.059545,-0.127879],[0.059234,-0.128208],[0.058947,-0.128352],[0.058265,-0.128684],[0.057311,-0.129144],[0.05807,-0.129695],[0.058675,-0.130191],[0.059057,-0.130595],[0.059844,-0.13125],[0.060451,-0.13163],[0.060669,-0.131716],[0.060894,-0.13183],[0.061058,-0.131968],[0.061357,-0.132161],[0.061533,-0.132152],[0.061812,-0.132037],[0.062203,-0.131799],[0.062748,-0.13144],[0.063108,-0.131308],[0.06333,-0.131281],[0.063579,-0.131242],[0.063855,-0.131183],[0.064366,-0.131095],[0.064777,-0.130959],[0.065072,-0.131041],[0.065549,-0.131024],[0.066465,-0.130883],[0.067532,-0.130532],[0.068016,-0.130268],[0.068132,-0.130172],[0.068269,-0.129841],[0.06837,-0.129366],[0.068445,-0.128862],[0.068515,-0.128745],[0.068501,-0.128502],[0.068529,-0.128119],[0.068599,-0.127708],[0.068767,-0.127357],[0.068796,-0.127044],[0.068847,-0.126782],[0.068889,-0.126451],[0.069029,-0.125974],[0.069192,-0.125547],[0.069255,-0.125394],[0.06939,-0.125384]]]]}},{"type":"Feature","id":20,"properties":{"Clan":"Steelheart","Name":"Vale of Worms"},"geometry":{"type":"MultiPolygon","coordinates":[[[[0.061405,-0.132159],[0.061346,-0.132154],[0.061058,-0.131968],[0.060894,-0.13183],[0.060669,-0.131716],[0.060451,-0.13163],[0.059844,-0.13125],[0.059057,-0.130595],[0.058675,-0.130191],[0.05807,-0.129695],[0.057312,-0.129145],[0.057263,-0.129189],[0.056707,-0.129268],[0.056038,-0.129381],[0.05573,-0.129521],[0.055379,-0.129726],[0.055122,-0.130189],[0.055141,-0.129754],[0.055146,-0.129381],[0.05515,-0.129123],[0.055076,-0.129011],[0.054847,-0.128786],[0.05455,-0.128926],[0.054054,-0.129234],[0.053758,-0.129623],[0.053569,-0.129991],[0.053288,-0.130173],[0.0529,-0.13049],[0.053088,-0.130777],[0.053235,-0.130963],[0.053178,-0.131166],[0.053094,-0.131887],[0.053115,-0.132709],[0.05322,-0.133044],[0.053387,-0.133487],[0.054045,-0.134088],[0.054861,-0.134656],[0.055026,-0.134931],[0.055361,-0.135416],[0.055555,-0.135553],[0.055905,-0.135685],[0.056658,-0.135989],[0.056859,-0.13616],[0.057236,-0.13637],[0.057484,-0.136563],[0.058049,-0.136747],[0.058275,-0.13677],[0.058812,-0.136793],[0.059109,-0.136787],[0.059341,-0.136761],[0.059582,-0.136704],[0.059898,-0.136644],[0.060151,-0.136634],[0.060455,-0.13659],[0.060694,-0.136595],[0.061049,-0.136737],[0.061264,-0.136915],[0.061289,-0.136714],[0.061286,-0.1362],[0.061259,-0.135243],[0.061359,-0.134854],[0.061395,-0.134487],[0.061516,-0.133924],[0.061564,-0.133553],[0.061546,-0.133371],[0.06147,-0.133088],[0.061408,-0.132913],[0.061367,-0.13255],[0.061405,-0.132159]]]]}},{"type":"Feature","id":21,"properties":{"Clan":"Steelheart","Name":"Skyscraper"},"geometry":{"type":"MultiPolygon","coordinates":[[[[0.056994,-0.136235],[0.056859,-0.13616],[0.056658,-0.135989],[0.055905,-0.135685],[0.055555,-0.135553],[0.055361,-0.135416],[0.055026,-0.134931],[0.054861,-0.134656],[0.054045,-0.134088],[0.053387,-0.133487],[0.05322,-0.133044],[0.053138,-0.132784],[0.05265,-0.13318],[0.05223,-0.133745],[0.051791,-0.134138],[0.051506,-0.134212],[0.051562,-0.134857],[0.051632,-0.135222],[0.051802,-0.135512],[0.052047,-0.136038],[0.05231,-0.136032],[0.052801,-0.13631],[0.05298,-0.136531],[0.053091,-0.136926],[0.054027,-0.137393],[0.054658,-0.137477],[0.055035,-0.137548],[0.055421,-0.137593],[0.055582,-0.137665],[0.055899,-0.137773],[0.0563,-0.137794],[0.056799,-0.137268],[0.056999,-0.136927],[0.057018,-0.13668],[0.056961,-0.136442],[0.056994,-0.136235]]]]}},{"type":"Feature","id":22,"properties":{"Clan":"Giantsbane","Name":"Bitten Vale"},"geometry":{"type":"MultiPolygon","coordinates":[[[[0.050373,-0.142566],[0.050478,-0.142318],[0.050536,-0.142162],[0.050684,-0.141772],[0.050828,-0.141525],[0.051174,-0.141062],[0.051488,-0.140857],[0.051773,-0.140769],[0.052041,-0.14075],[0.052495,-0.140606],[0.05295,-0.140436],[0.053329,-0.140267],[0.053502,-0.140164],[0.053515,-0.139708],[0.053498,-0.139182],[0.053361,-0.13868],[0.053113,-0.138072],[0.053066,-0.137222],[0.053089,-0.136918],[0.05298,-0.136531],[0.052801,-0.13631],[0.05231,-0.136032],[0.052047,-0.136038],[0.051823,-0.136053],[0.051476,-0.136113],[0.050707,-0.136262],[0.050022,-0.136274],[0.049457,-0.136211],[0.048303,-0.136176],[0.047313,-0.136128],[0.04679,-0.136071],[0.046634,-0.136388],[0.046209,-0.136741],[0.045752,-0.136983],[0.045273,-0.137255],[0.044801,-0.137503],[0.044235,-0.137746],[0.043649,-0.13806],[0.043398,-0.138182],[0.043069,-0.138251],[0.043051,-0.138283],[0.043057,-0.138311],[0.043057,-0.138321],[0.043153,-0.138357],[0.043234,-0.138376],[0.043326,-0.138416],[0.043387,-0.138468],[0.043472,-0.138553],[0.043558,-0.138681],[0.043603,-0.138804],[0.043723,-0.138918],[0.043794,-0.139028],[0.043811,-0.139135],[0.043834,-0.13922],[0.043914,-0.139352],[0.044149,-0.139631],[0.044314,-0.139842],[0.044369,-0.139983],[0.044461,-0.140112],[0.044555,-0.140218],[0.0447,-0.140369],[0.045045,-0.140717],[0.045184,-0.140873],[0.04527,-0.140967],[0.045362,-0.14104],[0.045503,-0.141142],[0.045846,-0.141379],[0.045997,-0.141468],[0.046092,-0.141527],[0.046147,-0.14158],[0.04622,-0.141622],[0.046338,-0.141669],[0.046421,-0.1417],[0.046478,-0.141736],[0.046544,-0.141787],[0.046672,-0.141863],[0.046794,-0.141936],[0.047657,-0.142734],[0.048839,-0.142736],[0.049199,-0.142738],[0.049489,-0.142734],[0.049605,-0.142698],[0.049712,-0.142705],[0.049804,-0.142698],[0.049929,-0.142689],[0.050033,-0.142672],[0.050154,-0.142632],[0.050345,-0.142575],[0.050373,-0.142566]]]]}},{"type":"Feature","id":23,"properties":{"Clan":"Steelheart","Name":"Forest of Bones"},"geometry":{"type":"MultiPolygon","coordinates":[[[[0.061262,-0.136912],[0.061251,-0.137102],[0.061373,-0.137168],[0.06148,-0.137196],[0.061746,-0.137203],[0.06192,-0.137207],[0.06218,-0.137249],[0.062566,-0.137281],[0.062872,-0.137329],[0.063095,-0.13739],[0.063317,-0.137449],[0.063884,-0.13759],[0.064046,-0.137668],[0.064237,-0.137805],[0.064498,-0.13788],[0.06488,-0.137886],[0.065173,-0.137817],[0.065804,-0.137572],[0.066092,-0.137477],[0.066238,-0.137426],[0.066549,-0.137444],[0.066944,-0.137444],[0.067072,-0.137509],[0.067222,-0.137542],[0.067282,-0.13771],[0.067387,-0.137955],[0.067503,-0.138275],[0.067629,-0.138263],[0.067611,-0.137662],[0.067739,-0.137171],[0.068293,-0.13663],[0.068798,-0.13628],[0.068762,-0.135999],[0.068664,-0.135733],[0.068586,-0.135503],[0.068335,-0.135057],[0.068027,-0.134659],[0.067769,-0.134315],[0.067572,-0.134064],[0.067479,-0.13372],[0.067476,-0.132829],[0.067524,-0.131997],[0.067655,-0.131348],[0.067828,-0.130974],[0.068141,-0.130282],[0.068113,-0.130188],[0.068016,-0.130268],[0.067532,-0.130532],[0.066465,-0.130883],[0.065549,-0.131024],[0.065072,-0.131041],[0.064777,-0.130959],[0.064366,-0.131095],[0.063855,-0.131183],[0.063579,-0.131242],[0.06333,-0.131281],[0.063108,-0.131308],[0.062748,-0.13144],[0.062203,-0.131799],[0.061812,-0.132037],[0.061533,-0.132152],[0.061399,-0.132159],[0.061405,-0.132159],[0.061367,-0.13255],[0.061408,-0.132913],[0.06147,-0.133088],[0.061546,-0.133371],[0.061564,-0.133553],[0.061516,-0.133924],[0.061395,-0.134487],[0.061359,-0.134854],[0.061259,-0.135243],[0.061286,-0.1362],[0.061289,-0.136714],[0.061275,-0.136828],[0.061262,-0.136912]]]]}},{"type":"Feature","id":24,"properties":{"Clan":"Steelheart","Name":"Snowcape"},"geometry":{"type":"MultiPolygon","coordinates":[[[[0.068798,-0.136279],[0.068797,-0.136274],[0.068798,-0.13628],[0.068293,-0.13663],[0.067739,-0.137171],[0.067611,-0.137662],[0.067627,-0.138212],[0.067646,-0.138544],[0.06781,-0.138754],[0.067987,-0.138955],[0.068188,-0.139194],[0.068702,-0.139596],[0.069155,-0.139932],[0.06981,-0.140399],[0.070137,-0.140848],[0.070464,-0.14132],[0.070609,-0.141577],[0.070763,-0.141834],[0.070786,-0.141801],[0.0708,-0.141586],[0.070777,-0.141437],[0.070735,-0.141287],[0.070739,-0.140941],[0.070753,-0.140614],[0.070763,-0.140259],[0.070819,-0.139951],[0.070824,-0.13967],[0.070838,-0.139427],[0.070786,-0.139203],[0.070716,-0.138955],[0.070613,-0.138572],[0.070506,-0.1381],[0.07045,-0.137712],[0.070426,-0.137404],[0.070417,-0.137175],[0.070389,-0.136965],[0.070359,-0.136606],[0.070353,-0.136445],[0.070317,-0.13617],[0.070296,-0.13599],[0.070305,-0.135802],[0.070299,-0.13547],[0.070335,-0.135326],[0.070371,-0.135177],[0.07009,-0.135275],[0.069959,-0.135332],[0.069561,-0.13547],[0.06933,-0.135721],[0.069175,-0.135978],[0.06893,-0.136191],[0.068798,-0.136279]]]]}},{"type":"Feature","id":25,"properties":{"Clan":"Steelheart","Name":"Coast of Sleet"},"geometry":{"type":"MultiPolygon","coordinates":[[[[0.070371,-0.135176],[0.07053,-0.134798],[0.070607,-0.134701],[0.070712,-0.134519],[0.070838,-0.134417],[0.070832,-0.134097],[0.070981,-0.133636],[0.07105,-0.133463],[0.071191,-0.133281],[0.071274,-0.133059],[0.071331,-0.132799],[0.071442,-0.132542],[0.07152,-0.132422],[0.071574,-0.132144],[0.071663,-0.131803],[0.071747,-0.131468],[0.071777,-0.131151],[0.071834,-0.130595],[0.07192,-0.130251],[0.071977,-0.129919],[0.072004,-0.129781],[0.072004,-0.12904],[0.071989,-0.128433],[0.071989,-0.128277],[0.072067,-0.128005],[0.072106,-0.127745],[0.072148,-0.127221],[0.072127,-0.126997],[0.072115,-0.126611],[0.071828,-0.125888],[0.071756,-0.125474],[0.071605,-0.125489],[0.07148,-0.125533],[0.07135,-0.125542],[0.070908,-0.125546],[0.070533,-0.125615],[0.070376,-0.125638],[0.070263,-0.125684],[0.070047,-0.125684],[0.069736,-0.125456],[0.06939,-0.125384],[0.06939,-0.125382],[0.06939,-0.125384],[0.069255,-0.125394],[0.069192,-0.125547],[0.069029,-0.125974],[0.068889,-0.126451],[0.068847,-0.126782],[0.068796,-0.127044],[0.068767,-0.127357],[0.068599,-0.127708],[0.068529,-0.128119],[0.068501,-0.128502],[0.068515,-0.128745],[0.068445,-0.128862],[0.06837,-0.129366],[0.068269,-0.129841],[0.068132,-0.130172],[0.068113,-0.130188],[0.068141,-0.130282],[0.067828,-0.130974],[0.067655,-0.131348],[0.067524,-0.131997],[0.067476,-0.132829],[0.067479,-0.13372],[0.067572,-0.134064],[0.067769,-0.134315],[0.068027,-0.134659],[0.068335,-0.135057],[0.068586,-0.135503],[0.068664,-0.135733],[0.068762,-0.135999],[0.068797,-0.136274],[0.068798,-0.136279],[0.068817,-0.136266],[0.068847,-0.136246],[0.06893,-0.136191],[0.069175,-0.135978],[0.06933,-0.135721],[0.069561,-0.13547],[0.069959,-0.135332],[0.07009,-0.135275],[0.070257,-0.135217],[0.070371,-0.135176]]]]}},{"type":"Feature","id":26,"properties":{"Clan":"Steelheart","Name":"Hailcape"},"geometry":{"type":"MultiPolygon","coordinates":[[[[0.069087,-0.14882],[0.069065,-0.148591],[0.068919,-0.148275],[0.068879,-0.148074],[0.068829,-0.147724],[0.0688,-0.147523],[0.068755,-0.147293],[0.06863,-0.146862],[0.06859,-0.146484],[0.068608,-0.146266],[0.068631,-0.145958],[0.068574,-0.145483],[0.06849,-0.14536],[0.068373,-0.145264],[0.068305,-0.145198],[0.068251,-0.145019],[0.068254,-0.144696],[0.068254,-0.144427],[0.068308,-0.144149],[0.068356,-0.143871],[0.068391,-0.143509],[0.068376,-0.14321],[0.068379,-0.142258],[0.068356,-0.142093],[0.068277,-0.141994],[0.068146,-0.141511],[0.068055,-0.141219],[0.06803,-0.140513],[0.068049,-0.140139],[0.068036,-0.139867],[0.067996,-0.139716],[0.067946,-0.13934],[0.067874,-0.138943],[0.067853,-0.138804],[0.06781,-0.138754],[0.067646,-0.138544],[0.067632,-0.138296],[0.067563,-0.138269],[0.067503,-0.138275],[0.067387,-0.137955],[0.067282,-0.13771],[0.067222,-0.137542],[0.067072,-0.137509],[0.066944,-0.137444],[0.066549,-0.137444],[0.066238,-0.137426],[0.066092,-0.137477],[0.065804,-0.137572],[0.065173,-0.137817],[0.06488,-0.137886],[0.064498,-0.13788],[0.064237,-0.137805],[0.064046,-0.137668],[0.063884,-0.13759],[0.063317,-0.137449],[0.063095,-0.13739],[0.062872,-0.137329],[0.062566,-0.137281],[0.06218,-0.137249],[0.06192,-0.137207],[0.061746,-0.137203],[0.06148,-0.137196],[0.061373,-0.137168],[0.061251,-0.137102],[0.061255,-0.137221],[0.061312,-0.13737],[0.061399,-0.13757],[0.061551,-0.137769],[0.061682,-0.137953],[0.061806,-0.138204],[0.061844,-0.138365],[0.061871,-0.138534],[0.061869,-0.1389],[0.061839,-0.139227],[0.061761,-0.139536],[0.061764,-0.140047],[0.061859,-0.140355],[0.062142,-0.140864],[0.062641,-0.141552],[0.062898,-0.141909],[0.06319,-0.142767],[0.063445,-0.143484],[0.063876,-0.143851],[0.064169,-0.144218],[0.064567,-0.14483],[0.064737,-0.145122],[0.065056,-0.14542],[0.065423,-0.145787],[0.065572,-0.146052],[0.065764,-0.146361],[0.06613,-0.146956],[0.066449,-0.147313],[0.06679,-0.147499],[0.067114,-0.147749],[0.06721,-0.147759],[0.067608,-0.147764],[0.067938,-0.147855],[0.068188,-0.147982],[0.068438,-0.148243],[0.06872,-0.148498],[0.068908,-0.148662],[0.068979,-0.148704],[0.069087,-0.14882]]]]}},{"type":"Feature","id":27,"properties":{"Clan":"Steelheart","Name":"Latespring"},"geometry":{"type":"MultiPolygon","coordinates":[[[[0.058604,-0.120677],[0.058769,-0.120702],[0.059186,-0.120762],[0.05973,-0.120788],[0.06023,-0.120905],[0.061797,-0.121153],[0.062841,-0.121303],[0.063807,-0.121491],[0.064327,-0.121946],[0.064758,-0.122215],[0.064982,-0.122338],[0.065305,-0.122439],[0.065589,-0.122673],[0.065861,-0.122999],[0.066274,-0.123537],[0.066687,-0.12395],[0.067231,-0.124021],[0.067793,-0.124075],[0.068338,-0.124201],[0.068616,-0.12441],[0.068807,-0.124446],[0.069004,-0.124428],[0.069032,-0.124458],[0.068998,-0.12436],[0.068892,-0.124099],[0.068816,-0.123841],[0.068806,-0.123366],[0.068881,-0.122949],[0.068963,-0.122591],[0.069093,-0.122369],[0.069193,-0.122061],[0.069342,-0.121531],[0.069375,-0.121014],[0.069463,-0.120824],[0.069499,-0.120598],[0.069629,-0.120327],[0.06971,-0.119804],[0.069888,-0.119262],[0.069995,-0.118968],[0.07015,-0.118271],[0.070225,-0.11807],[0.070209,-0.117412],[0.070236,-0.117266],[0.070357,-0.116822],[0.070502,-0.116504],[0.07032,-0.116419],[0.069731,-0.116353],[0.069313,-0.116255],[0.068658,-0.116204],[0.068137,-0.11618],[0.067763,-0.11609],[0.067315,-0.115821],[0.067213,-0.115522],[0.066971,-0.115076],[0.066672,-0.114669],[0.06622,-0.114433],[0.0652,-0.114317],[0.064572,-0.114101],[0.063747,-0.113551],[0.063265,-0.113106],[0.063229,-0.113072],[0.062949,-0.113269],[0.062524,-0.113748],[0.06229,-0.113862],[0.062015,-0.113859],[0.061852,-0.113777],[0.061596,-0.11364],[0.061427,-0.11363],[0.061237,-0.1135],[0.061046,-0.113304],[0.060892,-0.113207],[0.060828,-0.113263],[0.060384,-0.11339],[0.060076,-0.113689],[0.05994,-0.114063],[0.059954,-0.114525],[0.059978,-0.114838],[0.059833,-0.115292],[0.059389,-0.115553],[0.059076,-0.115763],[0.058908,-0.116053],[0.05865,-0.116287],[0.058052,-0.116623],[0.057912,-0.117002],[0.057847,-0.117712],[0.057688,-0.118086],[0.057707,-0.11896],[0.057907,-0.119525],[0.058396,-0.120139],[0.058604,-0.120677]]]]}},{"type":"Feature","id":28,"properties":{"Clan":"Vale","Name":"Fruitful Coast"},"geometry":{"type":"MultiPolygon","coordinates":[[[[0.115993,-0.161181],[0.115969,-0.16108],[0.115923,-0.160968],[0.115847,-0.160868],[0.115845,-0.160555],[0.115964,-0.160217],[0.116036,-0.160044],[0.116044,-0.159698],[0.115935,-0.159351],[0.115891,-0.159166],[0.115887,-0.15898],[0.115883,-0.158767],[0.115907,-0.15865],[0.115895,-0.158316],[0.115883,-0.158086],[0.115839,-0.157893],[0.115762,-0.15755],[0.115718,-0.157337],[0.115637,-0.157176],[0.115581,-0.157035],[0.115508,-0.156684],[0.115444,-0.156261],[0.115363,-0.155766],[0.115158,-0.155218],[0.114989,-0.154626],[0.114912,-0.154336],[0.114888,-0.154127],[0.114888,-0.153732],[0.114864,-0.153627],[0.114864,-0.153281],[0.11484,-0.153115],[0.114848,-0.152487],[0.1149,-0.151959],[0.114912,-0.151746],[0.114924,-0.151641],[0.114957,-0.151589],[0.115025,-0.151399],[0.115065,-0.151295],[0.115053,-0.15123],[0.115041,-0.151134],[0.115017,-0.151033],[0.115009,-0.150413],[0.115085,-0.150312],[0.115146,-0.150215],[0.11521,-0.150074],[0.115267,-0.149949],[0.115279,-0.149865],[0.115271,-0.149623],[0.115251,-0.149385],[0.11519,-0.149079],[0.115114,-0.148745],[0.115098,-0.148584],[0.115102,-0.148407],[0.115158,-0.148201],[0.115239,-0.147786],[0.115331,-0.147323],[0.115384,-0.146952],[0.1154,-0.146618],[0.115406,-0.146206],[0.115416,-0.145933],[0.114999,-0.145824],[0.114682,-0.145693],[0.114388,-0.145438],[0.114135,-0.145221],[0.113852,-0.145113],[0.113614,-0.14495],[0.113274,-0.144888],[0.112872,-0.144798],[0.112758,-0.14476],[0.112465,-0.144749],[0.112091,-0.144716],[0.11183,-0.144677],[0.111725,-0.14462],[0.111441,-0.144556],[0.11091,-0.144381],[0.110802,-0.144314],[0.110668,-0.144277],[0.110498,-0.144257],[0.110441,-0.144256],[0.110282,-0.144561],[0.110141,-0.14492],[0.110055,-0.145335],[0.109998,-0.145806],[0.109969,-0.146506],[0.109998,-0.146878],[0.110212,-0.147435],[0.110341,-0.14815],[0.110341,-0.148321],[0.110327,-0.148478],[0.110327,-0.148607],[0.110341,-0.148807],[0.110369,-0.149021],[0.110455,-0.149193],[0.110498,-0.14935],[0.110541,-0.149521],[0.110569,-0.14975],[0.110571,-0.150056],[0.110576,-0.150998],[0.110538,-0.151252],[0.110339,-0.15222],[0.110145,-0.152781],[0.110043,-0.153036],[0.109931,-0.15323],[0.109941,-0.153373],[0.109686,-0.153872],[0.109694,-0.154131],[0.109629,-0.154545],[0.109572,-0.155008],[0.109477,-0.15564],[0.10947,-0.156154],[0.109515,-0.156622],[0.109628,-0.156939],[0.109761,-0.157203],[0.109876,-0.157689],[0.110019,-0.15797],[0.110102,-0.158443],[0.110216,-0.15859],[0.110281,-0.158897],[0.110324,-0.15912],[0.110278,-0.159424],[0.110243,-0.15953],[0.110145,-0.159648],[0.110126,-0.159726],[0.110173,-0.159738],[0.110319,-0.159775],[0.110568,-0.159829],[0.11086,-0.15991],[0.111086,-0.159924],[0.111295,-0.159969],[0.111445,-0.159972],[0.111901,-0.15996],[0.112031,-0.16001],[0.112138,-0.160036],[0.1123,-0.160069],[0.112457,-0.160124],[0.112521,-0.160136],[0.112654,-0.160138],[0.112756,-0.160148],[0.112806,-0.160169],[0.112882,-0.160178],[0.113157,-0.160178],[0.113394,-0.160189],[0.113516,-0.160282],[0.113789,-0.160427],[0.114056,-0.160607],[0.114235,-0.160728],[0.114572,-0.160839],[0.114804,-0.160891],[0.115065,-0.160937],[0.115256,-0.161024],[0.115366,-0.161053],[0.115436,-0.161053],[0.115697,-0.161163],[0.115807,-0.161175],[0.115956,-0.16118],[0.115993,-0.161181]]]]}},{"type":"Feature","id":29,"properties":{"Clan":"Vale","Name":"Bank of Green"},"geometry":{"type":"MultiPolygon","coordinates":[[[[0.102549,-0.139817],[0.102548,-0.139816],[0.102542,-0.139834],[0.102549,-0.139817]]],[[[0.115416,-0.145932],[0.115442,-0.145773],[0.115491,-0.145584],[0.115553,-0.145426],[0.115563,-0.145045],[0.115552,-0.144893],[0.115537,-0.144816],[0.115525,-0.144717],[0.115555,-0.144624],[0.11554,-0.144484],[0.115495,-0.144358],[0.115435,-0.143966],[0.115417,-0.1435],[0.115417,-0.14324],[0.115444,-0.142961],[0.115459,-0.142737],[0.115417,-0.142552],[0.115375,-0.142262],[0.115345,-0.142163],[0.11531,-0.14198],[0.115085,-0.14175],[0.114912,-0.141496],[0.114801,-0.141311],[0.11478,-0.140943],[0.114714,-0.140706],[0.114418,-0.140153],[0.114293,-0.139983],[0.114086,-0.139848],[0.113862,-0.139729],[0.113542,-0.139636],[0.113114,-0.139537],[0.112741,-0.139379],[0.112453,-0.139247],[0.112092,-0.139157],[0.111613,-0.13896],[0.111475,-0.138873],[0.111254,-0.13881],[0.111108,-0.138786],[0.110656,-0.138694],[0.110411,-0.138562],[0.11004,-0.138451],[0.109669,-0.138359],[0.109277,-0.138188],[0.108868,-0.137991],[0.108479,-0.137841],[0.10794,-0.137554],[0.107707,-0.137438],[0.107507,-0.137318],[0.107381,-0.137225],[0.107205,-0.137112],[0.106921,-0.136816],[0.106622,-0.136469],[0.106436,-0.136211],[0.105792,-0.135304],[0.105091,-0.134465],[0.104704,-0.134027],[0.103886,-0.133369],[0.104069,-0.133727],[0.104404,-0.134414],[0.104492,-0.134713],[0.104477,-0.135122],[0.104426,-0.13556],[0.104273,-0.136232],[0.104047,-0.137013],[0.103857,-0.137488],[0.10355,-0.13786],[0.103426,-0.138254],[0.103097,-0.138765],[0.102871,-0.139072],[0.102776,-0.139233],[0.10263,-0.139634],[0.102549,-0.139817],[0.102708,-0.139896],[0.102936,-0.140037],[0.103116,-0.140118],[0.103368,-0.140195],[0.103576,-0.140329],[0.103713,-0.140409],[0.103787,-0.140512],[0.104113,-0.140847],[0.104526,-0.141224],[0.104717,-0.141485],[0.105125,-0.141753],[0.105389,-0.141974],[0.105628,-0.142252],[0.105818,-0.142353],[0.106316,-0.142748],[0.106834,-0.143017],[0.107273,-0.143137],[0.108246,-0.143609],[0.108534,-0.143827],[0.109555,-0.144227],[0.110284,-0.144223],[0.110447,-0.144244],[0.110441,-0.144256],[0.110498,-0.144257],[0.110668,-0.144277],[0.110802,-0.144314],[0.11091,-0.144381],[0.111441,-0.144556],[0.111725,-0.14462],[0.11183,-0.144677],[0.112091,-0.144716],[0.112465,-0.144749],[0.112758,-0.14476],[0.112872,-0.144798],[0.113274,-0.144888],[0.113614,-0.14495],[0.113852,-0.145113],[0.114135,-0.145221],[0.114388,-0.145438],[0.114682,-0.145693],[0.114999,-0.145824],[0.115361,-0.145918],[0.115416,-0.145932]]]]}},{"type":"Feature","id":30,"properties":{"Clan":"Vale","Name":"Bank of Gold"},"geometry":{"type":"MultiPolygon","coordinates":[[[[0.115309,-0.14198],[0.115447,-0.142112],[0.115558,-0.142193],[0.115618,-0.142336],[0.115692,-0.142468],[0.115734,-0.142629],[0.115833,-0.142845],[0.115929,-0.143111],[0.116024,-0.14315],[0.116135,-0.143231],[0.11629,-0.143404],[0.116452,-0.143628],[0.116596,-0.143778],[0.116739,-0.143874],[0.11676,-0.143536],[0.116775,-0.143147],[0.116784,-0.142797],[0.116793,-0.142456],[0.116934,-0.142187],[0.117029,-0.141921],[0.117155,-0.141538],[0.117248,-0.141251],[0.117277,-0.141071],[0.117277,-0.140934],[0.117316,-0.140689],[0.117337,-0.140476],[0.117475,-0.140246],[0.117675,-0.14009],[0.117843,-0.140001],[0.117962,-0.139932],[0.11819,-0.139767],[0.11845,-0.13963],[0.118569,-0.139516],[0.118611,-0.139379],[0.118551,-0.139265],[0.118402,-0.139145],[0.118151,-0.138703],[0.11792,-0.138326],[0.117768,-0.138063],[0.117571,-0.137707],[0.117403,-0.137548],[0.117277,-0.137321],[0.117146,-0.137055],[0.11714,-0.136887],[0.117097,-0.13652],[0.116878,-0.136503],[0.11681,-0.136506],[0.116665,-0.136483],[0.116427,-0.136385],[0.116059,-0.136186],[0.115519,-0.135896],[0.115065,-0.135603],[0.114823,-0.135445],[0.114676,-0.135299],[0.114549,-0.135229],[0.114053,-0.134945],[0.113656,-0.134761],[0.113068,-0.134559],[0.112648,-0.134433],[0.112504,-0.134352],[0.11237,-0.134274],[0.112163,-0.134181],[0.112087,-0.134141],[0.111937,-0.134046],[0.111853,-0.133987],[0.11173,-0.133914],[0.111614,-0.133857],[0.111445,-0.133814],[0.111322,-0.133784],[0.111112,-0.133735],[0.109775,-0.13374],[0.109351,-0.133737],[0.109266,-0.133683],[0.10909,-0.133622],[0.108935,-0.133571],[0.10879,-0.133486],[0.108499,-0.133272],[0.108197,-0.133088],[0.107977,-0.132927],[0.107861,-0.132829],[0.107694,-0.132766],[0.107432,-0.132652],[0.107254,-0.132563],[0.106988,-0.132427],[0.106894,-0.132367],[0.10674,-0.13231],[0.106647,-0.132278],[0.106544,-0.132222],[0.106432,-0.132147],[0.106324,-0.132067],[0.106128,-0.131941],[0.105946,-0.131913],[0.105203,-0.13296],[0.104697,-0.133593],[0.104483,-0.133849],[0.104704,-0.134027],[0.105091,-0.134465],[0.105792,-0.135304],[0.106436,-0.136211],[0.106622,-0.136469],[0.106921,-0.136816],[0.107205,-0.137112],[0.107381,-0.137225],[0.107507,-0.137318],[0.107707,-0.137438],[0.10794,-0.137554],[0.108479,-0.137841],[0.108868,-0.137991],[0.109277,-0.138188],[0.109669,-0.138359],[0.11004,-0.138451],[0.110411,-0.138562],[0.110656,-0.138694],[0.111108,-0.138786],[0.111254,-0.13881],[0.111475,-0.138873],[0.111613,-0.13896],[0.112092,-0.139157],[0.112453,-0.139247],[0.112741,-0.139379],[0.113114,-0.139537],[0.113542,-0.139636],[0.113862,-0.139729],[0.114086,-0.139848],[0.114293,-0.139983],[0.114418,-0.140153],[0.114714,-0.140706],[0.11478,-0.140943],[0.114801,-0.141311],[0.114912,-0.141496],[0.115085,-0.14175],[0.115305,-0.141976],[0.115309,-0.14198]]]]}},{"type":"Feature","id":31,"properties":{"Clan":"Vale","Name":"Boiling Marsh"},"geometry":{"type":"MultiPolygon","coordinates":[[[[0.117097,-0.13652],[0.117032,-0.136324],[0.11695,-0.136054],[0.116926,-0.135714],[0.116906,-0.135545],[0.11681,-0.135295],[0.116677,-0.134936],[0.116556,-0.13465],[0.116451,-0.134437],[0.116234,-0.134034],[0.116084,-0.13374],[0.115835,-0.13322],[0.115484,-0.132459],[0.115126,-0.131706],[0.114775,-0.130973],[0.11457,-0.130638],[0.114135,-0.130038],[0.113837,-0.129506],[0.113402,-0.128886],[0.112366,-0.126948],[0.11179,-0.125961],[0.111222,-0.125265],[0.110944,-0.124838],[0.110738,-0.124565],[0.110555,-0.124861],[0.110335,-0.125333],[0.110177,-0.1259],[0.109472,-0.126863],[0.109013,-0.127536],[0.108623,-0.128008],[0.108308,-0.128367],[0.108025,-0.128493],[0.107509,-0.128801],[0.107314,-0.129047],[0.107112,-0.129431],[0.107037,-0.129758],[0.107024,-0.130098],[0.107011,-0.130482],[0.106961,-0.130696],[0.106829,-0.131092],[0.105946,-0.131913],[0.105946,-0.131913],[0.106128,-0.131941],[0.106324,-0.132067],[0.106432,-0.132147],[0.106544,-0.132222],[0.106647,-0.132278],[0.10674,-0.13231],[0.106894,-0.132367],[0.106988,-0.132427],[0.107254,-0.132563],[0.107432,-0.132652],[0.107694,-0.132766],[0.107861,-0.132829],[0.107977,-0.132927],[0.108197,-0.133088],[0.108499,-0.133272],[0.10879,-0.133486],[0.108935,-0.133571],[0.10909,-0.133622],[0.109266,-0.133683],[0.109351,-0.133737],[0.109775,-0.13374],[0.111112,-0.133735],[0.111322,-0.133784],[0.111445,-0.133814],[0.111614,-0.133857],[0.11173,-0.133914],[0.111853,-0.133987],[0.111937,-0.134046],[0.112087,-0.134141],[0.112163,-0.134181],[0.11237,-0.134274],[0.112504,-0.134352],[0.112648,-0.134433],[0.113068,-0.134559],[0.113656,-0.134761],[0.114053,-0.134945],[0.114549,-0.135229],[0.114676,-0.135299],[0.114823,-0.135445],[0.115065,-0.135603],[0.115519,-0.135896],[0.116059,-0.136186],[0.116427,-0.136385],[0.116665,-0.136483],[0.11681,-0.136506],[0.116861,-0.136504],[0.117097,-0.13652]]]]}},{"type":"Feature","id":32,"properties":{"Clan":"Steelheart","Name":"Stonefall"},"geometry":{"type":"MultiPolygon","coordinates":[[[[0.059723,-0.127348],[0.060062,-0.127604],[0.060406,-0.127993],[0.060511,-0.128053],[0.061211,-0.127287],[0.061531,-0.126749],[0.061818,-0.126157],[0.061869,-0.126004],[0.06148,-0.125612],[0.060965,-0.125011],[0.06043,-0.124359],[0.059712,-0.12345],[0.05938,-0.122918],[0.059022,-0.122631],[0.05883,-0.122326],[0.058786,-0.122136],[0.05846,-0.122169],[0.058384,-0.122145],[0.058206,-0.122082],[0.05807,-0.122062],[0.057953,-0.122058],[0.057871,-0.122026],[0.0578,-0.121977],[0.057729,-0.12191],[0.057647,-0.121871],[0.057598,-0.122088],[0.057568,-0.122254],[0.057577,-0.122625],[0.057568,-0.122814],[0.057519,-0.122965],[0.057477,-0.123106],[0.057431,-0.12315],[0.057557,-0.123303],[0.057641,-0.123462],[0.057672,-0.123593],[0.05772,-0.12371],[0.057807,-0.123832],[0.058021,-0.124047],[0.058092,-0.124238],[0.058136,-0.124403],[0.058203,-0.124656],[0.058324,-0.124958],[0.058405,-0.125168],[0.058546,-0.125321],[0.058771,-0.125502],[0.058953,-0.125651],[0.059098,-0.125873],[0.059158,-0.126094],[0.05919,-0.126401],[0.059194,-0.126626],[0.059303,-0.126856],[0.059424,-0.127009],[0.059585,-0.127218],[0.059723,-0.127348]]]]}},{"type":"Feature","id":33,"properties":{"Clan":"Steelheart","Name":"Serpenttooth"},"geometry":{"type":"MultiPolygon","coordinates":[[[[0.054847,-0.128786],[0.054988,-0.128925],[0.055076,-0.129011],[0.05515,-0.129123],[0.055146,-0.129381],[0.055141,-0.129754],[0.055122,-0.130189],[0.055379,-0.129726],[0.05573,-0.129521],[0.056038,-0.129381],[0.056707,-0.129268],[0.057263,-0.129189],[0.057312,-0.129145],[0.057311,-0.129144],[0.058265,-0.128684],[0.058947,-0.128352],[0.059234,-0.128208],[0.059545,-0.127879],[0.059671,-0.127431],[0.059721,-0.127347],[0.059723,-0.127348],[0.059585,-0.127218],[0.059424,-0.127009],[0.059303,-0.126856],[0.059194,-0.126626],[0.05919,-0.126401],[0.059158,-0.126094],[0.059098,-0.125873],[0.058953,-0.125651],[0.058771,-0.125502],[0.058546,-0.125321],[0.058405,-0.125168],[0.058324,-0.124958],[0.058203,-0.124656],[0.058136,-0.124403],[0.058092,-0.124238],[0.058021,-0.124047],[0.057807,-0.123832],[0.05772,-0.12371],[0.057672,-0.123593],[0.057641,-0.123462],[0.057557,-0.123303],[0.057435,-0.123155],[0.057307,-0.123269],[0.057226,-0.123439],[0.057144,-0.123886],[0.057131,-0.12437],[0.056986,-0.124842],[0.056823,-0.125176],[0.05659,-0.12551],[0.056206,-0.125994],[0.055916,-0.126322],[0.055746,-0.126624],[0.055621,-0.126938],[0.055551,-0.127259],[0.055501,-0.127725],[0.055333,-0.128276],[0.055242,-0.128613],[0.055157,-0.128655],[0.055031,-0.128691],[0.054847,-0.128786]]]]}},{"type":"Feature","id":34,"properties":{"Clan":"Steelheart","Name":"Vale of Orcs"},"geometry":{"type":"MultiPolygon","coordinates":[[[[0.057647,-0.121871],[0.057317,-0.121855],[0.057165,-0.12182],[0.056984,-0.121797],[0.056795,-0.121675],[0.056736,-0.121612],[0.056668,-0.121451],[0.056645,-0.121378],[0.056548,-0.121232],[0.05649,-0.121153],[0.056377,-0.121],[0.056281,-0.120913],[0.056145,-0.120859],[0.056101,-0.121003],[0.056036,-0.121137],[0.055822,-0.121408],[0.055696,-0.121568],[0.055552,-0.121763],[0.055464,-0.121957],[0.055392,-0.122166],[0.055338,-0.122416],[0.055263,-0.122756],[0.055193,-0.123037],[0.055039,-0.123473],[0.054964,-0.123684],[0.054737,-0.12428],[0.054699,-0.124435],[0.054652,-0.124646],[0.054662,-0.124888],[0.054696,-0.125074],[0.054796,-0.125337],[0.054912,-0.125667],[0.055031,-0.125829],[0.055082,-0.125989],[0.05524,-0.126242],[0.055302,-0.126373],[0.055258,-0.126602],[0.055227,-0.126791],[0.055217,-0.126896],[0.055363,-0.126912],[0.055637,-0.126897],[0.055746,-0.126624],[0.055916,-0.126322],[0.056206,-0.125994],[0.05659,-0.12551],[0.056823,-0.125176],[0.056986,-0.124842],[0.057131,-0.12437],[0.057144,-0.123886],[0.057226,-0.123439],[0.057307,-0.123269],[0.057435,-0.123155],[0.057431,-0.12315],[0.057477,-0.123106],[0.057519,-0.122965],[0.057568,-0.122814],[0.057577,-0.122625],[0.057568,-0.122254],[0.057592,-0.122122],[0.057647,-0.121871]]]]}},{"type":"Feature","id":35,"properties":{"Clan":"Steelheart","Name":"The Crook"},"geometry":{"type":"MultiPolygon","coordinates":[[[[0.056144,-0.120857],[0.056138,-0.120882],[0.056145,-0.120859],[0.056281,-0.120913],[0.056377,-0.121],[0.05649,-0.121153],[0.056548,-0.121232],[0.056645,-0.121378],[0.056668,-0.121451],[0.056736,-0.121612],[0.056795,-0.121675],[0.056984,-0.121797],[0.057165,-0.12182],[0.057317,-0.121855],[0.057647,-0.121871],[0.057644,-0.121888],[0.057647,-0.121871],[0.057729,-0.12191],[0.0578,-0.121977],[0.057871,-0.122026],[0.057953,-0.122058],[0.05807,-0.122062],[0.058206,-0.122082],[0.058384,-0.122145],[0.05846,-0.122169],[0.058786,-0.122136],[0.058743,-0.121952],[0.058696,-0.121521],[0.058693,-0.121049],[0.0586,-0.120678],[0.058769,-0.120702],[0.058604,-0.120677],[0.058396,-0.120139],[0.057907,-0.119525],[0.057707,-0.11896],[0.057688,-0.118086],[0.057847,-0.117712],[0.057912,-0.117002],[0.058022,-0.116705],[0.05801,-0.116676],[0.058051,-0.116655],[0.058037,-0.116654],[0.057981,-0.116654],[0.057276,-0.116767],[0.056477,-0.117019],[0.056061,-0.117239],[0.055608,-0.118304],[0.055606,-0.118966],[0.055691,-0.119619],[0.055802,-0.12001],[0.055941,-0.1203],[0.056111,-0.12064],[0.056144,-0.120857]]]]}},{"type":"Feature","id":36,"properties":{"Clan":"Steelheart","Name":"White Peaks South"},"geometry":{"type":"MultiPolygon","coordinates":[[[[0.052899,-0.13049],[0.053053,-0.130365],[0.053288,-0.130173],[0.053569,-0.129991],[0.053758,-0.129623],[0.054054,-0.129234],[0.05455,-0.128926],[0.054847,-0.128786],[0.054847,-0.128786],[0.055031,-0.128691],[0.055157,-0.128655],[0.055242,-0.128613],[0.055333,-0.128276],[0.055501,-0.127725],[0.055551,-0.127259],[0.055621,-0.126938],[0.055637,-0.126897],[0.055363,-0.126912],[0.055217,-0.126896],[0.055227,-0.126791],[0.055258,-0.126602],[0.055302,-0.126373],[0.05524,-0.126242],[0.055082,-0.125989],[0.055031,-0.125829],[0.054912,-0.125667],[0.054796,-0.125337],[0.054696,-0.125074],[0.054662,-0.124888],[0.054652,-0.124648],[0.0545,-0.124855],[0.053852,-0.125346],[0.053134,-0.12595],[0.052776,-0.126133],[0.052385,-0.12629],[0.052209,-0.127744],[0.052221,-0.128219],[0.052193,-0.128589],[0.052155,-0.128732],[0.052099,-0.128891],[0.052044,-0.129029],[0.051967,-0.129255],[0.051888,-0.129415],[0.051815,-0.129602],[0.051787,-0.129691],[0.051672,-0.129921],[0.051503,-0.130139],[0.051828,-0.130281],[0.051994,-0.130279],[0.052233,-0.130281],[0.052341,-0.13031],[0.052509,-0.130337],[0.052617,-0.130355],[0.052754,-0.13036],[0.052813,-0.130394],[0.052899,-0.13049]]]]}},{"type":"Feature","id":37,"properties":{"Clan":"Steelheart","Name":"Cloudgutter"},"geometry":{"type":"MultiPolygon","coordinates":[[[[0.052385,-0.12629],[0.052385,-0.12629],[0.052387,-0.126289],[0.052385,-0.12629]]],[[[0.052387,-0.126289],[0.052387,-0.126289],[0.052776,-0.126133],[0.053134,-0.12595],[0.053852,-0.125346],[0.0545,-0.124855],[0.054652,-0.124648],[0.054652,-0.124646],[0.054699,-0.124435],[0.054737,-0.12428],[0.054964,-0.123684],[0.055039,-0.123473],[0.055193,-0.123037],[0.055263,-0.122756],[0.055338,-0.122416],[0.055392,-0.122166],[0.055464,-0.121957],[0.055552,-0.121763],[0.055696,-0.121568],[0.055822,-0.121408],[0.056036,-0.121137],[0.056101,-0.121003],[0.056138,-0.120882],[0.056142,-0.120866],[0.055952,-0.120866],[0.05579,-0.120942],[0.055263,-0.121164],[0.05484,-0.121349],[0.054449,-0.121671],[0.054236,-0.121841],[0.05403,-0.122054],[0.053748,-0.122143],[0.053535,-0.12228],[0.053212,-0.122308],[0.052934,-0.12236],[0.052701,-0.122481],[0.052556,-0.122554],[0.052189,-0.122687],[0.052109,-0.122815],[0.052028,-0.123122],[0.051788,-0.123776],[0.05171,-0.124288],[0.051592,-0.124632],[0.051375,-0.125094],[0.051198,-0.12534],[0.05112,-0.125642],[0.050909,-0.126435],[0.050785,-0.126751],[0.050706,-0.127102],[0.050784,-0.127095],[0.051239,-0.126755],[0.051653,-0.126515],[0.051944,-0.126425],[0.052385,-0.12629],[0.052384,-0.12629],[0.052387,-0.126289]]]]}},{"type":"Feature","id":38,"properties":{"Clan":"Steelheart","Name":"Blood Peak"},"geometry":{"type":"MultiPolygon","coordinates":[[[[0.052183,-0.122688],[0.052256,-0.122662],[0.052556,-0.122554],[0.052701,-0.122481],[0.052934,-0.12236],[0.053212,-0.122308],[0.053535,-0.12228],[0.053748,-0.122143],[0.05403,-0.122054],[0.054236,-0.121841],[0.054449,-0.121671],[0.05484,-0.121349],[0.055263,-0.121164],[0.05579,-0.120942],[0.055952,-0.120866],[0.056142,-0.120866],[0.056144,-0.120857],[0.056111,-0.12064],[0.055941,-0.1203],[0.055802,-0.12001],[0.055691,-0.119619],[0.055606,-0.118966],[0.055608,-0.118312],[0.055473,-0.118412],[0.054796,-0.119095],[0.054291,-0.119606],[0.053708,-0.120175],[0.053447,-0.120354],[0.053159,-0.120544],[0.052681,-0.121071],[0.052278,-0.121469],[0.052067,-0.12162],[0.052047,-0.121717],[0.0519,-0.121872],[0.051535,-0.122208],[0.051243,-0.12252],[0.051609,-0.122522],[0.051711,-0.122709],[0.051804,-0.122785],[0.051957,-0.12278],[0.052183,-0.122688]]]]}},{"type":"Feature","id":39,"properties":{"Clan":"Vale","Name":"Central Rainlands"},"geometry":{"type":"MultiPolygon","coordinates":[[[[0.085957,-0.137292],[0.085962,-0.137386],[0.085985,-0.137904],[0.085981,-0.138503],[0.08571,-0.138719],[0.085569,-0.138943],[0.085241,-0.139073],[0.085226,-0.139181],[0.085035,-0.139514],[0.084609,-0.139907],[0.08431,-0.140015],[0.083544,-0.140239],[0.083079,-0.14038],[0.082598,-0.140467],[0.082186,-0.140523],[0.081933,-0.140546],[0.081931,-0.140547],[0.081975,-0.140598],[0.081969,-0.140758],[0.081879,-0.141066],[0.081783,-0.141425],[0.081571,-0.141862],[0.081398,-0.142208],[0.081231,-0.142703],[0.081135,-0.142921],[0.080955,-0.143344],[0.080801,-0.143652],[0.080608,-0.144204],[0.080557,-0.145212],[0.080538,-0.145924],[0.080249,-0.146701],[0.079973,-0.147272],[0.079729,-0.147747],[0.079517,-0.148311],[0.079472,-0.14876],[0.079825,-0.148786],[0.079935,-0.149312],[0.079986,-0.149774],[0.08002,-0.14999],[0.080225,-0.150254],[0.080431,-0.150581],[0.080509,-0.150699],[0.080699,-0.150828],[0.08084,-0.151036],[0.080944,-0.151124],[0.081251,-0.151252],[0.081845,-0.151467],[0.08212,-0.151733],[0.082388,-0.151959],[0.082928,-0.15225],[0.083591,-0.152833],[0.083803,-0.152949],[0.083987,-0.153113],[0.084139,-0.153177],[0.084319,-0.153213],[0.084601,-0.153308],[0.084749,-0.153426],[0.085052,-0.153471],[0.085407,-0.15385],[0.085581,-0.154082],[0.08586,-0.154517],[0.086088,-0.154843],[0.086296,-0.155279],[0.086469,-0.155505],[0.08679,-0.156072],[0.087027,-0.156399],[0.087282,-0.15668],[0.08751,-0.156823],[0.08778,-0.157005],[0.088124,-0.157245],[0.088129,-0.157558],[0.088149,-0.157681],[0.088126,-0.157242],[0.088128,-0.157071],[0.088211,-0.156774],[0.088428,-0.156492],[0.088823,-0.15598],[0.089033,-0.155778],[0.089386,-0.155438],[0.089828,-0.155136],[0.089996,-0.155052],[0.090364,-0.154848],[0.090646,-0.154737],[0.090906,-0.154673],[0.091353,-0.154582],[0.091753,-0.154531],[0.092249,-0.154378],[0.092547,-0.154225],[0.093073,-0.15397],[0.093516,-0.153688],[0.093904,-0.153509],[0.094774,-0.152992],[0.095109,-0.152807],[0.09681,-0.151514],[0.097234,-0.150964],[0.097883,-0.15048],[0.098358,-0.149977],[0.098577,-0.149814],[0.098762,-0.149715],[0.098998,-0.149618],[0.099237,-0.149593],[0.099459,-0.149516],[0.099553,-0.149428],[0.099832,-0.1493],[0.099834,-0.149264],[0.099959,-0.148945],[0.100074,-0.148387],[0.100393,-0.14772],[0.100716,-0.146872],[0.10086,-0.146515],[0.101141,-0.145692],[0.101328,-0.145103],[0.101428,-0.144918],[0.101591,-0.144414],[0.101627,-0.144098],[0.101809,-0.143599],[0.10192,-0.143312],[0.101927,-0.143067],[0.101934,-0.142784],[0.10198,-0.142557],[0.10202,-0.142401],[0.102083,-0.142142],[0.102109,-0.141945],[0.102138,-0.141638],[0.102162,-0.141449],[0.102282,-0.14113],[0.102332,-0.140895],[0.102346,-0.140591],[0.102382,-0.140296],[0.102542,-0.139834],[0.102549,-0.139817],[0.10263,-0.139634],[0.102776,-0.139233],[0.102871,-0.139072],[0.103097,-0.138765],[0.103426,-0.138254],[0.10355,-0.13786],[0.103857,-0.137488],[0.104047,-0.137013],[0.104273,-0.136232],[0.104426,-0.13556],[0.104477,-0.135122],[0.104492,-0.134713],[0.104404,-0.134414],[0.104069,-0.133727],[0.10389,-0.133377],[0.103672,-0.133157],[0.103444,-0.133286],[0.103224,-0.133439],[0.102382,-0.133691],[0.10176,-0.133826],[0.101219,-0.133895],[0.100977,-0.133895],[0.100284,-0.134071],[0.09998,-0.134249],[0.099049,-0.134756],[0.098696,-0.134989],[0.098416,-0.135089],[0.098069,-0.135237],[0.097761,-0.135458],[0.096852,-0.135862],[0.096255,-0.136008],[0.096008,-0.13604],[0.095775,-0.136068],[0.095525,-0.13614],[0.094797,-0.136508],[0.094421,-0.136712],[0.093603,-0.136955],[0.093293,-0.13703],[0.093015,-0.137157],[0.091712,-0.137152],[0.090263,-0.13715],[0.089874,-0.137154],[0.089734,-0.137223],[0.089497,-0.137225],[0.089332,-0.137249],[0.089139,-0.137255],[0.088979,-0.137291],[0.088251,-0.137296],[0.08698,-0.137291],[0.086268,-0.137294],[0.085957,-0.137292]]]]}},{"type":"Feature","id":40,"properties":{"Clan":"Vale","Name":"River Coast North"},"geometry":{"type":"MultiPolygon","coordinates":[[[[0.116739,-0.143874],[0.116891,-0.14402],[0.117132,-0.144257],[0.117429,-0.144568],[0.117847,-0.14527],[0.118114,-0.145586],[0.118458,-0.146033],[0.118606,-0.146353],[0.118676,-0.146509],[0.118845,-0.146772],[0.118954,-0.147116],[0.11908,-0.147562],[0.119114,-0.147851],[0.11909,-0.148145],[0.119098,-0.148373],[0.119269,-0.148658],[0.119473,-0.149049],[0.119774,-0.149497],[0.119904,-0.149807],[0.120075,-0.150239],[0.120206,-0.150451],[0.120198,-0.150597],[0.120255,-0.150866],[0.12045,-0.151257],[0.120817,-0.151583],[0.121029,-0.151787],[0.12111,-0.151893],[0.121192,-0.152088],[0.121265,-0.152398],[0.121387,-0.152789],[0.121428,-0.152976],[0.122023,-0.15274],[0.12274,-0.152455],[0.123269,-0.15208],[0.123595,-0.151836],[0.123986,-0.151575],[0.124329,-0.151306],[0.124418,-0.150817],[0.124296,-0.150312],[0.12419,-0.149864],[0.124068,-0.149269],[0.124043,-0.148642],[0.123807,-0.148161],[0.123628,-0.14733],[0.122952,-0.145595],[0.122658,-0.144975],[0.122072,-0.144079],[0.121477,-0.143166],[0.121004,-0.142433],[0.120426,-0.14161],[0.119839,-0.140804],[0.119195,-0.140168],[0.11887,-0.139647],[0.118658,-0.139427],[0.11861,-0.139382],[0.118569,-0.139516],[0.11845,-0.13963],[0.11819,-0.139767],[0.117962,-0.139932],[0.117843,-0.140001],[0.117675,-0.14009],[0.117475,-0.140246],[0.117337,-0.140476],[0.117316,-0.140689],[0.117277,-0.140934],[0.117277,-0.141071],[0.117248,-0.141251],[0.117155,-0.141538],[0.117029,-0.141921],[0.116934,-0.142187],[0.116793,-0.142456],[0.116784,-0.142797],[0.116775,-0.143147],[0.116762,-0.14348],[0.116739,-0.143874]]]]}},{"type":"Feature","id":41,"properties":{"Clan":"Vale","Name":"River Coast South"},"geometry":{"type":"MultiPolygon","coordinates":[[[[0.121432,-0.152978],[0.121797,-0.153427],[0.12233,-0.153837],[0.122779,-0.154239],[0.123321,-0.154489],[0.123478,-0.154656],[0.123639,-0.154953],[0.123895,-0.155167],[0.124203,-0.155422],[0.124834,-0.155923],[0.125131,-0.156147],[0.125345,-0.156257],[0.125751,-0.156319],[0.125986,-0.156335],[0.126367,-0.156179],[0.12645,-0.156153],[0.126747,-0.156314],[0.12705,-0.156491],[0.127211,-0.15657],[0.127535,-0.156836],[0.127707,-0.156961],[0.1279,-0.157049],[0.128202,-0.157159],[0.128557,-0.157295],[0.128948,-0.157514],[0.129777,-0.158165],[0.12996,-0.158254],[0.130048,-0.158285],[0.130106,-0.158306],[0.130215,-0.158431],[0.130371,-0.158551],[0.130596,-0.158702],[0.130643,-0.158812],[0.130773,-0.158916],[0.131039,-0.159109],[0.13119,-0.159224],[0.131331,-0.159349],[0.131503,-0.159412],[0.131581,-0.159453],[0.13168,-0.159479],[0.131764,-0.159495],[0.131915,-0.159479],[0.132051,-0.159485],[0.132035,-0.159255],[0.131925,-0.159052],[0.131858,-0.158906],[0.13168,-0.158739],[0.131654,-0.15853],[0.131717,-0.158301],[0.131753,-0.158087],[0.131826,-0.157743],[0.131936,-0.157289],[0.132098,-0.156862],[0.13216,-0.156559],[0.132165,-0.156246],[0.131952,-0.156116],[0.131686,-0.156006],[0.131399,-0.155798],[0.131081,-0.155584],[0.130846,-0.155428],[0.130622,-0.155323],[0.130554,-0.155136],[0.130533,-0.154833],[0.130403,-0.154447],[0.13021,-0.154061],[0.12997,-0.153639],[0.129657,-0.152935],[0.129448,-0.152554],[0.129287,-0.152236],[0.129042,-0.152054],[0.12887,-0.151746],[0.128776,-0.15148],[0.128682,-0.151084],[0.128708,-0.150641],[0.128572,-0.150927],[0.128353,-0.150964],[0.127994,-0.150943],[0.127404,-0.150854],[0.127107,-0.150776],[0.12646,-0.150708],[0.125944,-0.150787],[0.125418,-0.150964],[0.124776,-0.151146],[0.124468,-0.151246],[0.124303,-0.151326],[0.123986,-0.151575],[0.123595,-0.151836],[0.123269,-0.15208],[0.12274,-0.152455],[0.122023,-0.15274],[0.121624,-0.152898],[0.121432,-0.152978]]]]}},{"type":"Feature","id":42,"properties":{"Clan":"Vale","Name":"Golden Point"},"geometry":{"type":"MultiPolygon","coordinates":[[[[0.132051,-0.159486],[0.132304,-0.159528],[0.132843,-0.15992],[0.133094,-0.160128],[0.133111,-0.160197],[0.13329,-0.160215],[0.133466,-0.160242],[0.133646,-0.160333],[0.133839,-0.160435],[0.133957,-0.160544],[0.134052,-0.16068],[0.134133,-0.160784],[0.134242,-0.160889],[0.134427,-0.161063],[0.1347,-0.161367],[0.134908,-0.161591],[0.135122,-0.161769],[0.135258,-0.161936],[0.135539,-0.162175],[0.135732,-0.162452],[0.135873,-0.162723],[0.136076,-0.163083],[0.136269,-0.16338],[0.136473,-0.163755],[0.136634,-0.164058],[0.136796,-0.164303],[0.136937,-0.164501],[0.137025,-0.164553],[0.137057,-0.164439],[0.137088,-0.164188],[0.137031,-0.163875],[0.136958,-0.163662],[0.136885,-0.163427],[0.136838,-0.163234],[0.136827,-0.162947],[0.136817,-0.162796],[0.136765,-0.162551],[0.136624,-0.162337],[0.136525,-0.16204],[0.136473,-0.16179],[0.136316,-0.161461],[0.136274,-0.161237],[0.136186,-0.160653],[0.13605,-0.160298],[0.136003,-0.160136],[0.135726,-0.159278],[0.135561,-0.15882],[0.135395,-0.158451],[0.135191,-0.157967],[0.135102,-0.157483],[0.134962,-0.156859],[0.134962,-0.156681],[0.134529,-0.156108],[0.134371,-0.15595],[0.134234,-0.155941],[0.134038,-0.155916],[0.133798,-0.155896],[0.133399,-0.155888],[0.133079,-0.155933],[0.132784,-0.155988],[0.132412,-0.156097],[0.132222,-0.156168],[0.132184,-0.15623],[0.132165,-0.156249],[0.13216,-0.156559],[0.132098,-0.156862],[0.131936,-0.157289],[0.131826,-0.157743],[0.131753,-0.158087],[0.131717,-0.158301],[0.131654,-0.15853],[0.13168,-0.158739],[0.131858,-0.158906],[0.131925,-0.159052],[0.132035,-0.159255],[0.132041,-0.159347],[0.132051,-0.159486]]]]}},{"type":"Feature","id":43,"properties":{"Clan":"Vale","Name":"The Fifth Candle Tower"},"geometry":{"type":"MultiPolygon","coordinates":[[[[0.120248,-0.141366],[0.120313,-0.141454],[0.120649,-0.141927],[0.121004,-0.142433],[0.121477,-0.143166],[0.122072,-0.144079],[0.122658,-0.144975],[0.122952,-0.145595],[0.123628,-0.14733],[0.123807,-0.148161],[0.124043,-0.148642],[0.124068,-0.149269],[0.12419,-0.149864],[0.124296,-0.150312],[0.124418,-0.150817],[0.124329,-0.151306],[0.124303,-0.151326],[0.124468,-0.151246],[0.124776,-0.151146],[0.125418,-0.150964],[0.125944,-0.150787],[0.12646,-0.150708],[0.127107,-0.150776],[0.127404,-0.150854],[0.127994,-0.150943],[0.128353,-0.150964],[0.128572,-0.150927],[0.128708,-0.150641],[0.128783,-0.150184],[0.128848,-0.149658],[0.128844,-0.14939],[0.128836,-0.149123],[0.128798,-0.148942],[0.128697,-0.148597],[0.128701,-0.148348],[0.128669,-0.147791],[0.128541,-0.147363],[0.128369,-0.146391],[0.128379,-0.146099],[0.128353,-0.145666],[0.12839,-0.145515],[0.128345,-0.145525],[0.128254,-0.145545],[0.128079,-0.145553],[0.127919,-0.145493],[0.127745,-0.145376],[0.127403,-0.144903],[0.127217,-0.144627],[0.126963,-0.144292],[0.126585,-0.143944],[0.12647,-0.143793],[0.126086,-0.143506],[0.125943,-0.143162],[0.12585,-0.142868],[0.125714,-0.142664],[0.125491,-0.142149],[0.125473,-0.141912],[0.125468,-0.141713],[0.125371,-0.141367],[0.125342,-0.140992],[0.125331,-0.140388],[0.125396,-0.13981],[0.12538,-0.13928],[0.125347,-0.138954],[0.125323,-0.138644],[0.125323,-0.138416],[0.125209,-0.138172],[0.125021,-0.138009],[0.124663,-0.138017],[0.124255,-0.138253],[0.123766,-0.138636],[0.123489,-0.138856],[0.123294,-0.139052],[0.123131,-0.139304],[0.122732,-0.139484],[0.122357,-0.139744],[0.1223,-0.13994],[0.122007,-0.140201],[0.121298,-0.140412],[0.120955,-0.140535],[0.120695,-0.140901],[0.120589,-0.141146],[0.120524,-0.14126],[0.120248,-0.141366]]]]}},{"type":"Feature","id":44,"properties":{"Clan":"Vale","Name":"Southport"},"geometry":{"type":"MultiPolygon","coordinates":[[[[0.141263,-0.159132],[0.141325,-0.158857],[0.141406,-0.15863],[0.141507,-0.158423],[0.141573,-0.158005],[0.141599,-0.15756],[0.141588,-0.157285],[0.141402,-0.156934],[0.141268,-0.156618],[0.141112,-0.156582],[0.140896,-0.156544],[0.140708,-0.156392],[0.140518,-0.156351],[0.140193,-0.156362],[0.139931,-0.156368],[0.139781,-0.156283],[0.139555,-0.156031],[0.13936,-0.155775],[0.139243,-0.155674],[0.139072,-0.155657],[0.138878,-0.155745],[0.138749,-0.155787],[0.138634,-0.156035],[0.138628,-0.156494],[0.138728,-0.15668],[0.138809,-0.156821],[0.138871,-0.156954],[0.138961,-0.157048],[0.139057,-0.157146],[0.139221,-0.157174],[0.139371,-0.157229],[0.139484,-0.157383],[0.139512,-0.157556],[0.139589,-0.157673],[0.139672,-0.157795],[0.139745,-0.157874],[0.139871,-0.157983],[0.140001,-0.158],[0.140176,-0.158135],[0.140279,-0.158214],[0.14043,-0.158274],[0.140546,-0.158286],[0.140653,-0.158278],[0.140755,-0.158282],[0.140962,-0.158286],[0.141131,-0.158455],[0.141152,-0.158521],[0.141174,-0.158703],[0.141182,-0.158808],[0.141197,-0.158899],[0.141229,-0.158964],[0.141229,-0.159196],[0.141263,-0.159132]]]]}},{"type":"Feature","id":45,"properties":{"Clan":"Vale","Name":"Southern Coast of Gold"},"geometry":{"type":"MultiPolygon","coordinates":[[[[0.134371,-0.15595],[0.134465,-0.156044],[0.134371,-0.15595],[0.134371,-0.15595]]],[[[0.134371,-0.15595],[0.134227,-0.155774],[0.134063,-0.155529],[0.133794,-0.155113],[0.133562,-0.154705],[0.13335,-0.154223],[0.133308,-0.153946],[0.133209,-0.153471],[0.133046,-0.152643],[0.13297,-0.151823],[0.132917,-0.15112],[0.132902,-0.150608],[0.132936,-0.150255],[0.132871,-0.149647],[0.132837,-0.149366],[0.132822,-0.147919],[0.132814,-0.147278],[0.132613,-0.146499],[0.132568,-0.146165],[0.132537,-0.145911],[0.132533,-0.145546],[0.132347,-0.144996],[0.132279,-0.144863],[0.131546,-0.145121],[0.131128,-0.145277],[0.130954,-0.145307],[0.130726,-0.145296],[0.13027,-0.144946],[0.130115,-0.144848],[0.129948,-0.144806],[0.129659,-0.14484],[0.129363,-0.144905],[0.129112,-0.145034],[0.12893,-0.145178],[0.128717,-0.145204],[0.12847,-0.145425],[0.128389,-0.14552],[0.128353,-0.145666],[0.128379,-0.146099],[0.128369,-0.146391],[0.128541,-0.147363],[0.128669,-0.147791],[0.128701,-0.148348],[0.128697,-0.148597],[0.128798,-0.148942],[0.128836,-0.149123],[0.128844,-0.14939],[0.128848,-0.149658],[0.128783,-0.150184],[0.128708,-0.150641],[0.128682,-0.151084],[0.128776,-0.15148],[0.12887,-0.151746],[0.129042,-0.152054],[0.129287,-0.152236],[0.129448,-0.152554],[0.129657,-0.152935],[0.12997,-0.153639],[0.13021,-0.154061],[0.130403,-0.154447],[0.130533,-0.154833],[0.130554,-0.155136],[0.130622,-0.155323],[0.130846,-0.155428],[0.131081,-0.155584],[0.131399,-0.155798],[0.131686,-0.156006],[0.131952,-0.156116],[0.132165,-0.156246],[0.132165,-0.156249],[0.132184,-0.15623],[0.132222,-0.156168],[0.132412,-0.156097],[0.132784,-0.155988],[0.133079,-0.155933],[0.133399,-0.155888],[0.133798,-0.155896],[0.134038,-0.155916],[0.134234,-0.155941],[0.134371,-0.15595]]]]}},{"type":"Feature","id":46,"properties":{"Clan":"Vale","Name":"Coast of Gold"},"geometry":{"type":"MultiPolygon","coordinates":[[[[0.12839,-0.145515],[0.128389,-0.14552],[0.12847,-0.145425],[0.128717,-0.145204],[0.12893,-0.145178],[0.129112,-0.145034],[0.129363,-0.144905],[0.129659,-0.14484],[0.129948,-0.144806],[0.130115,-0.144848],[0.13027,-0.144946],[0.130726,-0.145296],[0.130954,-0.145307],[0.131128,-0.145277],[0.131546,-0.145121],[0.132279,-0.144863],[0.132212,-0.144687],[0.132119,-0.144533],[0.131779,-0.14355],[0.131454,-0.142584],[0.131346,-0.142217],[0.131321,-0.141684],[0.131284,-0.141374],[0.131289,-0.141128],[0.131097,-0.140787],[0.131017,-0.140637],[0.130948,-0.140371],[0.130916,-0.140146],[0.130905,-0.139634],[0.130932,-0.139095],[0.1309,-0.138882],[0.130772,-0.138503],[0.130723,-0.138327],[0.130691,-0.138028],[0.130633,-0.137521],[0.130489,-0.136801],[0.13035,-0.136075],[0.129992,-0.136075],[0.129427,-0.135888],[0.128605,-0.135819],[0.128424,-0.135746],[0.128206,-0.135733],[0.12802,-0.135704],[0.12771,-0.135706],[0.127421,-0.135645],[0.127187,-0.135621],[0.127023,-0.135602],[0.1268,-0.135558],[0.12665,-0.135534],[0.126564,-0.135514],[0.126167,-0.135396],[0.125972,-0.136165],[0.125858,-0.136493],[0.125592,-0.137092],[0.125021,-0.138009],[0.125022,-0.138009],[0.125209,-0.138172],[0.125323,-0.138416],[0.125323,-0.138644],[0.125347,-0.138954],[0.12538,-0.13928],[0.125396,-0.13981],[0.125331,-0.140388],[0.125342,-0.140992],[0.125371,-0.141367],[0.125468,-0.141713],[0.125473,-0.141912],[0.125491,-0.142149],[0.125714,-0.142664],[0.12585,-0.142868],[0.125943,-0.143162],[0.126086,-0.143506],[0.12647,-0.143793],[0.126585,-0.143944],[0.126963,-0.144292],[0.127217,-0.144627],[0.127403,-0.144903],[0.127745,-0.145376],[0.127919,-0.145493],[0.128079,-0.145553],[0.128222,-0.145546],[0.12839,-0.145515]]]]}},{"type":"Feature","id":47,"properties":{"Clan":"Vale","Name":"Northern Coast of Gold"},"geometry":{"type":"MultiPolygon","coordinates":[[[[0.13035,-0.136074],[0.130281,-0.135901],[0.130257,-0.135834],[0.130257,-0.135559],[0.130274,-0.134973],[0.13026,-0.134669],[0.130216,-0.134372],[0.130141,-0.134003],[0.130076,-0.133559],[0.130014,-0.133282],[0.130007,-0.133129],[0.130011,-0.13289],[0.130004,-0.13279],[0.129867,-0.132637],[0.129775,-0.132459],[0.129584,-0.132299],[0.129311,-0.132104],[0.12914,-0.131793],[0.129055,-0.131667],[0.129007,-0.1315],[0.128932,-0.131209],[0.128911,-0.130851],[0.128833,-0.130608],[0.128604,-0.130199],[0.128327,-0.129604],[0.128194,-0.129225],[0.128102,-0.128928],[0.128071,-0.128829],[0.128013,-0.128699],[0.127863,-0.128344],[0.127607,-0.127798],[0.127532,-0.127654],[0.127354,-0.127269],[0.127221,-0.126944],[0.127193,-0.126514],[0.1272,-0.126179],[0.127286,-0.125896],[0.127422,-0.125435],[0.127456,-0.125226],[0.12748,-0.125141],[0.127357,-0.125069],[0.127207,-0.124526],[0.127074,-0.124287],[0.126814,-0.12397],[0.12648,-0.123526],[0.126149,-0.123037],[0.125677,-0.122573],[0.125496,-0.12245],[0.125377,-0.122416],[0.125267,-0.122453],[0.125206,-0.122884],[0.125172,-0.123287],[0.125059,-0.123741],[0.124762,-0.124489],[0.124636,-0.124608],[0.124509,-0.124984],[0.124448,-0.125264],[0.124216,-0.125892],[0.124011,-0.126401],[0.123833,-0.126606],[0.12372,-0.126852],[0.123659,-0.127118],[0.123615,-0.127552],[0.123628,-0.128204],[0.123652,-0.128505],[0.123601,-0.128679],[0.123598,-0.129283],[0.123595,-0.12956],[0.123675,-0.129816],[0.123819,-0.130099],[0.124038,-0.13043],[0.124176,-0.130617],[0.124299,-0.130846],[0.124422,-0.131113],[0.124545,-0.131508],[0.124641,-0.131791],[0.124747,-0.132105],[0.124784,-0.132513],[0.124843,-0.132846],[0.124934,-0.133288],[0.124993,-0.133572],[0.125026,-0.133855],[0.125061,-0.133974],[0.12511,-0.134136],[0.125206,-0.134227],[0.125334,-0.134392],[0.12559,-0.134722],[0.125801,-0.134951],[0.126124,-0.135283],[0.126167,-0.135396],[0.126564,-0.135514],[0.12665,-0.135534],[0.1268,-0.135558],[0.127023,-0.135602],[0.127187,-0.135621],[0.127421,-0.135645],[0.12771,-0.135706],[0.12802,-0.135704],[0.128206,-0.135733],[0.128424,-0.135746],[0.128605,-0.135819],[0.129427,-0.135888],[0.129992,-0.136075],[0.130229,-0.136075],[0.13035,-0.136074]]]]}},{"type":"Feature","id":48,"properties":{"Clan":"Vale","Name":"Rainwood Coast"},"geometry":{"type":"MultiPolygon","coordinates":[[[[0.127482,-0.125138],[0.12755,-0.124982],[0.127575,-0.12485],[0.127724,-0.124451],[0.127856,-0.12416],[0.128031,-0.123852],[0.128269,-0.12359],[0.128547,-0.123153],[0.1287,-0.122818],[0.12878,-0.122696],[0.128944,-0.122471],[0.129036,-0.122337],[0.129176,-0.122213],[0.129309,-0.122079],[0.129436,-0.121898],[0.129559,-0.121811],[0.129589,-0.121793],[0.129604,-0.121642],[0.129539,-0.121415],[0.129467,-0.121238],[0.129414,-0.121089],[0.129408,-0.120993],[0.129419,-0.120897],[0.129543,-0.120755],[0.129583,-0.120641],[0.129594,-0.12056],[0.129631,-0.120477],[0.129663,-0.120346],[0.129661,-0.120289],[0.1296,-0.120303],[0.129528,-0.120353],[0.129414,-0.120307],[0.129272,-0.120189],[0.129183,-0.120086],[0.129097,-0.120018],[0.128964,-0.120012],[0.128689,-0.119997],[0.12835,-0.119983],[0.128188,-0.119922],[0.127961,-0.119833],[0.127714,-0.11964],[0.127546,-0.119448],[0.127393,-0.119361],[0.127165,-0.119326],[0.127025,-0.119271],[0.126645,-0.119111],[0.126396,-0.118895],[0.126223,-0.118681],[0.126064,-0.118482],[0.125852,-0.118338],[0.125437,-0.118036],[0.125087,-0.117833],[0.124927,-0.117732],[0.124807,-0.117682],[0.124687,-0.117673],[0.124615,-0.117673],[0.12451,-0.117636],[0.124381,-0.117555],[0.124263,-0.117479],[0.124062,-0.117311],[0.123883,-0.117147],[0.123662,-0.116972],[0.123402,-0.116808],[0.123225,-0.116729],[0.123019,-0.116716],[0.122748,-0.116699],[0.122593,-0.116701],[0.122418,-0.116692],[0.122322,-0.116672],[0.122174,-0.116585],[0.121988,-0.116445],[0.121736,-0.116281],[0.121645,-0.116231],[0.121328,-0.116032],[0.121116,-0.11587],[0.120958,-0.115691],[0.120744,-0.115448],[0.120484,-0.115171],[0.120303,-0.115042],[0.120213,-0.114979],[0.120088,-0.114915],[0.11996,-0.114867],[0.119813,-0.11483],[0.119678,-0.114863],[0.119398,-0.114946],[0.119201,-0.115031],[0.119009,-0.115103],[0.118886,-0.115105],[0.118701,-0.115114],[0.118368,-0.115107],[0.118261,-0.115123],[0.118196,-0.115138],[0.118111,-0.115166],[0.117968,-0.115162],[0.11784,-0.115156],[0.117625,-0.115107],[0.117373,-0.115041],[0.116973,-0.114988],[0.11669,-0.114951],[0.116471,-0.114945],[0.116242,-0.114849],[0.115836,-0.114412],[0.115666,-0.114188],[0.115324,-0.114305],[0.115191,-0.114353],[0.115084,-0.114438],[0.115009,-0.114561],[0.114919,-0.114705],[0.114769,-0.114785],[0.114572,-0.114865],[0.114358,-0.114903],[0.11398,-0.114897],[0.113665,-0.114892],[0.113894,-0.114972],[0.11406,-0.115052],[0.114236,-0.115191],[0.114353,-0.115415],[0.114545,-0.115687],[0.114663,-0.11582],[0.114764,-0.115922],[0.114903,-0.11605],[0.115089,-0.116188],[0.115196,-0.116274],[0.115351,-0.116349],[0.115468,-0.116439],[0.115692,-0.116562],[0.115799,-0.116626],[0.115932,-0.11669],[0.116103,-0.116749],[0.116247,-0.116802],[0.116439,-0.116914],[0.116834,-0.117213],[0.117101,-0.117416],[0.117437,-0.117533],[0.117715,-0.117731],[0.117992,-0.11788],[0.118206,-0.118029],[0.118467,-0.118163],[0.118824,-0.118499],[0.118979,-0.118632],[0.119358,-0.118856],[0.119657,-0.119],[0.119849,-0.11907],[0.120089,-0.119166],[0.120164,-0.119289],[0.120265,-0.119374],[0.120473,-0.119502],[0.120735,-0.119534],[0.120916,-0.11955],[0.121242,-0.119657],[0.121546,-0.119764],[0.121834,-0.119876],[0.122229,-0.120073],[0.122602,-0.12026],[0.123008,-0.120596],[0.123296,-0.120809],[0.123515,-0.120964],[0.123643,-0.121097],[0.123835,-0.121167],[0.12408,-0.121332],[0.124363,-0.12161],[0.12455,-0.121786],[0.124737,-0.121909],[0.124929,-0.121999],[0.125083,-0.122085],[0.125254,-0.122202],[0.125377,-0.122416],[0.125496,-0.12245],[0.125677,-0.122573],[0.126149,-0.123037],[0.12648,-0.123526],[0.126814,-0.12397],[0.127074,-0.124287],[0.127207,-0.124526],[0.127357,-0.125069],[0.12738,-0.125082],[0.127482,-0.125138]]]]}},{"type":"Feature","id":49,"properties":{"Clan":"Vale","Name":"Riverlands"},"geometry":{"type":"MultiPolygon","coordinates":[[[[0.110738,-0.124565],[0.111024,-0.12496],[0.111222,-0.125265],[0.11179,-0.125961],[0.112366,-0.126948],[0.113402,-0.128886],[0.113837,-0.129506],[0.114135,-0.130038],[0.11457,-0.130638],[0.114775,-0.130973],[0.115126,-0.131706],[0.115484,-0.132459],[0.115835,-0.13322],[0.116084,-0.13374],[0.116234,-0.134034],[0.116451,-0.134437],[0.116556,-0.13465],[0.116677,-0.134936],[0.11681,-0.135295],[0.116906,-0.135545],[0.116926,-0.135714],[0.11695,-0.136054],[0.117032,-0.136324],[0.117097,-0.13652],[0.11714,-0.136887],[0.117146,-0.137055],[0.117277,-0.137321],[0.117403,-0.137548],[0.117571,-0.137707],[0.117768,-0.138063],[0.11792,-0.138326],[0.118151,-0.138703],[0.118402,-0.139145],[0.118551,-0.139265],[0.118611,-0.139379],[0.11861,-0.139382],[0.118658,-0.139427],[0.11887,-0.139647],[0.119195,-0.140168],[0.119839,-0.140804],[0.120248,-0.141366],[0.120524,-0.14126],[0.120589,-0.141146],[0.120695,-0.140901],[0.120955,-0.140535],[0.121298,-0.140412],[0.122007,-0.140201],[0.1223,-0.13994],[0.122357,-0.139744],[0.122732,-0.139484],[0.123131,-0.139304],[0.123294,-0.139052],[0.123489,-0.138856],[0.123766,-0.138636],[0.124255,-0.138253],[0.124663,-0.138017],[0.125021,-0.138009],[0.125022,-0.138009],[0.125021,-0.138009],[0.125592,-0.137092],[0.125858,-0.136493],[0.125972,-0.136165],[0.126167,-0.135396],[0.126124,-0.135283],[0.125801,-0.134951],[0.12559,-0.134722],[0.125334,-0.134392],[0.125206,-0.134227],[0.12511,-0.134136],[0.125061,-0.133974],[0.125026,-0.133855],[0.124993,-0.133572],[0.124934,-0.133288],[0.124843,-0.132846],[0.124784,-0.132513],[0.124747,-0.132105],[0.124641,-0.131791],[0.124545,-0.131508],[0.124422,-0.131113],[0.124299,-0.130846],[0.124176,-0.130617],[0.124038,-0.13043],[0.123819,-0.130099],[0.123675,-0.129816],[0.123595,-0.12956],[0.123598,-0.129283],[0.123601,-0.128679],[0.123652,-0.128505],[0.123628,-0.128204],[0.123615,-0.127552],[0.123659,-0.127118],[0.12372,-0.126852],[0.123833,-0.126606],[0.124011,-0.126401],[0.124216,-0.125892],[0.124448,-0.125264],[0.124509,-0.124984],[0.124636,-0.124608],[0.124762,-0.124489],[0.125059,-0.123741],[0.125172,-0.123287],[0.125206,-0.122884],[0.125267,-0.122453],[0.125377,-0.122416],[0.125254,-0.122202],[0.125083,-0.122085],[0.124929,-0.121999],[0.124737,-0.121909],[0.12455,-0.121786],[0.124363,-0.12161],[0.12408,-0.121332],[0.123835,-0.121167],[0.123643,-0.121097],[0.123515,-0.120964],[0.123296,-0.120809],[0.123008,-0.120596],[0.122602,-0.12026],[0.122229,-0.120073],[0.121834,-0.119876],[0.121546,-0.119764],[0.121242,-0.119657],[0.120916,-0.11955],[0.120735,-0.119534],[0.120473,-0.119502],[0.120265,-0.119374],[0.120164,-0.119289],[0.120089,-0.119166],[0.119849,-0.11907],[0.119657,-0.119],[0.119358,-0.118856],[0.118979,-0.118632],[0.118824,-0.118499],[0.118467,-0.118163],[0.118206,-0.118029],[0.117992,-0.11788],[0.117715,-0.117731],[0.117437,-0.117533],[0.117101,-0.117416],[0.116834,-0.117213],[0.116439,-0.116914],[0.116247,-0.116802],[0.116103,-0.116749],[0.115932,-0.11669],[0.115799,-0.116626],[0.115692,-0.116562],[0.115482,-0.116447],[0.115328,-0.116618],[0.115232,-0.116714],[0.115149,-0.116777],[0.115066,-0.1169],[0.115016,-0.117002],[0.114924,-0.117105],[0.114828,-0.117144],[0.114572,-0.117335],[0.114266,-0.117658],[0.113718,-0.11843],[0.113542,-0.118755],[0.113414,-0.119037],[0.113337,-0.119245],[0.113243,-0.119579],[0.113182,-0.119765],[0.11311,-0.119907],[0.112988,-0.120062],[0.112883,-0.120307],[0.112776,-0.120545],[0.112699,-0.12072],[0.112544,-0.120919],[0.1124,-0.121096],[0.112275,-0.121225],[0.112087,-0.121548],[0.111997,-0.121669],[0.111919,-0.121905],[0.111779,-0.122075],[0.111648,-0.122241],[0.111576,-0.122324],[0.111337,-0.122552],[0.111261,-0.122757],[0.111226,-0.122908],[0.111202,-0.123067],[0.111167,-0.123214],[0.111055,-0.123347],[0.110769,-0.123642],[0.110555,-0.12373],[0.110323,-0.123734],[0.110378,-0.123837],[0.11047,-0.124038],[0.11059,-0.124272],[0.110738,-0.124565]]]]}},{"type":"Feature","id":50,"properties":{"Clan":"Vale","Name":"Eastern Rainwood"},"geometry":{"type":"MultiPolygon","coordinates":[[[[0.103673,-0.133158],[0.10389,-0.133377],[0.103886,-0.133369],[0.104483,-0.133849],[0.104697,-0.133593],[0.105203,-0.13296],[0.105946,-0.131913],[0.105946,-0.131913],[0.105946,-0.131913],[0.106829,-0.131092],[0.106961,-0.130696],[0.107011,-0.130482],[0.107024,-0.130098],[0.107037,-0.129758],[0.107112,-0.129431],[0.107314,-0.129047],[0.107509,-0.128801],[0.108025,-0.128493],[0.108308,-0.128367],[0.108623,-0.128008],[0.109013,-0.127536],[0.109472,-0.126863],[0.110177,-0.1259],[0.110335,-0.125333],[0.110555,-0.124861],[0.110738,-0.124565],[0.110749,-0.124581],[0.110738,-0.124565],[0.11059,-0.124272],[0.11047,-0.124038],[0.110378,-0.123837],[0.110323,-0.123734],[0.110555,-0.12373],[0.110769,-0.123642],[0.111055,-0.123347],[0.111167,-0.123214],[0.111202,-0.123067],[0.111226,-0.122908],[0.111261,-0.122757],[0.111337,-0.122552],[0.111576,-0.122324],[0.111648,-0.122241],[0.111779,-0.122075],[0.111919,-0.121905],[0.111997,-0.121669],[0.112087,-0.121548],[0.112275,-0.121225],[0.1124,-0.121096],[0.112544,-0.120919],[0.112699,-0.12072],[0.112776,-0.120545],[0.112883,-0.120307],[0.112988,-0.120062],[0.11311,-0.119907],[0.113182,-0.119765],[0.113243,-0.119579],[0.113337,-0.119245],[0.113414,-0.119037],[0.113542,-0.118755],[0.113718,-0.11843],[0.114266,-0.117658],[0.114572,-0.117335],[0.114828,-0.117144],[0.114924,-0.117105],[0.115016,-0.117002],[0.115066,-0.1169],[0.115149,-0.116777],[0.115232,-0.116714],[0.115328,-0.116618],[0.115482,-0.116447],[0.115468,-0.116439],[0.115351,-0.116349],[0.115196,-0.116274],[0.115089,-0.116188],[0.114903,-0.11605],[0.114764,-0.115922],[0.114663,-0.11582],[0.114545,-0.115687],[0.114353,-0.115415],[0.114236,-0.115191],[0.11406,-0.115052],[0.113894,-0.114972],[0.113665,-0.114892],[0.113396,-0.114847],[0.11314,-0.114791],[0.112799,-0.11477],[0.11264,-0.114821],[0.112539,-0.11489],[0.112414,-0.114963],[0.11216,-0.114978],[0.111484,-0.114959],[0.111106,-0.114943],[0.110847,-0.114878],[0.110642,-0.114799],[0.110406,-0.114759],[0.110113,-0.114692],[0.109881,-0.114678],[0.109687,-0.114711],[0.109509,-0.114808],[0.10938,-0.114915],[0.109163,-0.11502],[0.109184,-0.115378],[0.10925,-0.115843],[0.109421,-0.116327],[0.109478,-0.116801],[0.109392,-0.117607],[0.109449,-0.118176],[0.10963,-0.119002],[0.109601,-0.119504],[0.10944,-0.120036],[0.109364,-0.120538],[0.109317,-0.120994],[0.109326,-0.12144],[0.109345,-0.121729],[0.109146,-0.121967],[0.108965,-0.122169],[0.108823,-0.122293],[0.108644,-0.12248],[0.10847,-0.122614],[0.10832,-0.122751],[0.108189,-0.122875],[0.107736,-0.123106],[0.107602,-0.123146],[0.107475,-0.123168],[0.107187,-0.123168],[0.107035,-0.123198],[0.106791,-0.123283],[0.106654,-0.123305],[0.106416,-0.123357],[0.106366,-0.123412],[0.106209,-0.123432],[0.105893,-0.123531],[0.105583,-0.123638],[0.105155,-0.12374],[0.104745,-0.12386],[0.104506,-0.123952],[0.104332,-0.123997],[0.102524,-0.123999],[0.102316,-0.124494],[0.102155,-0.124873],[0.102012,-0.125338],[0.101832,-0.125955],[0.101709,-0.126534],[0.101699,-0.127036],[0.101699,-0.127909],[0.101709,-0.128554],[0.101718,-0.129256],[0.101747,-0.129816],[0.102022,-0.130432],[0.102212,-0.131039],[0.10242,-0.131599],[0.10261,-0.131941],[0.102619,-0.132168],[0.102667,-0.13251],[0.102812,-0.132665],[0.103071,-0.132797],[0.103267,-0.132875],[0.103525,-0.133015],[0.103673,-0.133158]]]]}},{"type":"Feature","id":51,"properties":{"Clan":"Vale","Name":"Northern Rainlands"},"geometry":{"type":"MultiPolygon","coordinates":[[[[0.078777,-0.122709],[0.078895,-0.122958],[0.079217,-0.123516],[0.079477,-0.124006],[0.079618,-0.124238],[0.079866,-0.124503],[0.079984,-0.124649],[0.080223,-0.125114],[0.080316,-0.125677],[0.080392,-0.126056],[0.080383,-0.126902],[0.080628,-0.127512],[0.08097,-0.12832],[0.08109,-0.128835],[0.081129,-0.129321],[0.081332,-0.129746],[0.081362,-0.129875],[0.081559,-0.130358],[0.081686,-0.130406],[0.081783,-0.130665],[0.081801,-0.131125],[0.081891,-0.131312],[0.082029,-0.131566],[0.082134,-0.131682],[0.082289,-0.131861],[0.082355,-0.132012],[0.082508,-0.132128],[0.082641,-0.132272],[0.082642,-0.132273],[0.082642,-0.132272],[0.083205,-0.1325],[0.083469,-0.132673],[0.083894,-0.132879],[0.084147,-0.13337],[0.0844,-0.134059],[0.084523,-0.134514],[0.084703,-0.134738],[0.085125,-0.135009],[0.085443,-0.135518],[0.085566,-0.136095],[0.085844,-0.136712],[0.085945,-0.136979],[0.085958,-0.137292],[0.086268,-0.137294],[0.08698,-0.137291],[0.088251,-0.137296],[0.088979,-0.137291],[0.089139,-0.137255],[0.089332,-0.137249],[0.089497,-0.137225],[0.089734,-0.137223],[0.089874,-0.137154],[0.090263,-0.13715],[0.091712,-0.137152],[0.093015,-0.137157],[0.093293,-0.13703],[0.093603,-0.136955],[0.094421,-0.136712],[0.094797,-0.136508],[0.095525,-0.13614],[0.095775,-0.136068],[0.096008,-0.13604],[0.096255,-0.136008],[0.096852,-0.135862],[0.097761,-0.135458],[0.098069,-0.135237],[0.098416,-0.135089],[0.098696,-0.134989],[0.099049,-0.134756],[0.09998,-0.134249],[0.100284,-0.134071],[0.100977,-0.133895],[0.101219,-0.133895],[0.10176,-0.133826],[0.102382,-0.133691],[0.103224,-0.133439],[0.103444,-0.133286],[0.103672,-0.133157],[0.103525,-0.133015],[0.103267,-0.132875],[0.103071,-0.132797],[0.102843,-0.132681],[0.102189,-0.132437],[0.101914,-0.132303],[0.101582,-0.132168],[0.100827,-0.131887],[0.100286,-0.13161],[0.100002,-0.131522],[0.099746,-0.131391],[0.09941,-0.131099],[0.099016,-0.130909],[0.098826,-0.130756],[0.098395,-0.130609],[0.097979,-0.130471],[0.097455,-0.130208],[0.097048,-0.130063],[0.096889,-0.129997],[0.096389,-0.129899],[0.095941,-0.129778],[0.095315,-0.129605],[0.09447,-0.129381],[0.094245,-0.129276],[0.094111,-0.129152],[0.093584,-0.128857],[0.093255,-0.128558],[0.092832,-0.128207],[0.092437,-0.127674],[0.092087,-0.126995],[0.091751,-0.126426],[0.091473,-0.125937],[0.091364,-0.125498],[0.091006,-0.124724],[0.090831,-0.124228],[0.090656,-0.12346],[0.090487,-0.122404],[0.090324,-0.122408],[0.090114,-0.122493],[0.089931,-0.122633],[0.089754,-0.122675],[0.08931,-0.122885],[0.088529,-0.123301],[0.088081,-0.12346],[0.087749,-0.123553],[0.08738,-0.123577],[0.086941,-0.123619],[0.086007,-0.123926],[0.083901,-0.123932],[0.083802,-0.123881],[0.081326,-0.123893],[0.081054,-0.12383],[0.080172,-0.123301],[0.079469,-0.122918],[0.079062,-0.122714],[0.078777,-0.122709]]]]}},{"type":"Feature","id":52,"properties":{"Clan":"Vale","Name":"Southern Rainwood"},"geometry":{"type":"MultiPolygon","coordinates":[[[[0.091065,-0.124846],[0.091426,-0.125745],[0.091473,-0.125937],[0.091751,-0.126426],[0.092087,-0.126995],[0.092437,-0.127674],[0.092832,-0.128207],[0.093255,-0.128558],[0.093584,-0.128857],[0.094111,-0.129152],[0.094245,-0.129276],[0.09447,-0.129381],[0.095315,-0.129605],[0.095941,-0.129778],[0.096389,-0.129899],[0.096889,-0.129997],[0.097048,-0.130063],[0.097455,-0.130208],[0.097979,-0.130471],[0.098395,-0.130609],[0.098826,-0.130756],[0.099016,-0.130909],[0.09941,-0.131099],[0.099746,-0.131391],[0.100002,-0.131522],[0.100286,-0.13161],[0.100827,-0.131887],[0.101582,-0.132168],[0.101914,-0.132303],[0.102189,-0.132437],[0.102843,-0.132681],[0.102812,-0.132665],[0.102667,-0.13251],[0.102619,-0.132168],[0.10261,-0.131941],[0.10242,-0.131599],[0.102212,-0.131039],[0.102022,-0.130432],[0.101747,-0.129816],[0.101718,-0.129256],[0.101709,-0.128554],[0.101699,-0.127909],[0.101699,-0.127036],[0.101709,-0.126534],[0.101832,-0.125955],[0.101898,-0.125728],[0.101597,-0.125828],[0.101221,-0.12599],[0.100484,-0.12626],[0.100097,-0.126266],[0.099341,-0.12626],[0.098612,-0.125973],[0.096876,-0.125967],[0.096658,-0.126017],[0.096092,-0.126007],[0.095956,-0.126052],[0.095475,-0.126049],[0.095004,-0.126045],[0.094768,-0.125946],[0.09447,-0.12576],[0.094076,-0.12567],[0.093787,-0.125563],[0.093445,-0.125446],[0.093137,-0.125357],[0.092517,-0.12502],[0.092055,-0.124871],[0.091567,-0.124876],[0.091313,-0.124828],[0.091065,-0.124846]]]]}},{"type":"Feature","id":53,"properties":{"Clan":"Vale","Name":"Western Rainwood"},"geometry":{"type":"MultiPolygon","coordinates":[[[[0.090487,-0.122404],[0.090541,-0.122743],[0.090656,-0.12346],[0.090831,-0.124228],[0.090987,-0.124671],[0.091065,-0.124846],[0.091135,-0.124841],[0.09122,-0.124835],[0.091313,-0.124828],[0.091567,-0.124876],[0.092055,-0.124871],[0.092517,-0.12502],[0.093137,-0.125357],[0.093445,-0.125446],[0.093787,-0.125563],[0.094076,-0.12567],[0.09447,-0.12576],[0.094768,-0.125946],[0.095004,-0.126045],[0.095475,-0.126049],[0.095956,-0.126052],[0.096092,-0.126007],[0.096658,-0.126017],[0.096876,-0.125967],[0.098612,-0.125973],[0.099341,-0.12626],[0.100097,-0.126266],[0.100484,-0.12626],[0.101221,-0.12599],[0.101597,-0.125828],[0.101898,-0.125728],[0.102012,-0.125338],[0.102155,-0.124873],[0.102316,-0.124494],[0.102517,-0.124017],[0.102572,-0.123907],[0.10274,-0.123357],[0.102899,-0.122754],[0.103007,-0.12225],[0.102826,-0.122209],[0.102529,-0.121893],[0.102291,-0.121722],[0.101968,-0.12133],[0.101463,-0.120926],[0.100972,-0.120415],[0.100637,-0.12013],[0.100272,-0.119909],[0.100075,-0.119787],[0.099839,-0.119715],[0.099668,-0.119658],[0.099372,-0.119425],[0.098935,-0.119054],[0.098648,-0.118716],[0.09855,-0.11848],[0.098487,-0.11819],[0.09826,-0.117633],[0.097919,-0.117403],[0.097461,-0.117101],[0.097479,-0.117232],[0.097446,-0.117493],[0.097306,-0.11778],[0.097309,-0.117974],[0.097249,-0.118456],[0.097087,-0.118785],[0.096743,-0.119],[0.096205,-0.119284],[0.095864,-0.119449],[0.095605,-0.119774],[0.095295,-0.120185],[0.095061,-0.120332],[0.094543,-0.120574],[0.094388,-0.120591],[0.093911,-0.120794],[0.093517,-0.120949],[0.093272,-0.120951],[0.09308,-0.121065],[0.092588,-0.12128],[0.092188,-0.121395],[0.091553,-0.121622],[0.0908,-0.12198],[0.090446,-0.121988],[0.090453,-0.122099],[0.090501,-0.122292],[0.090487,-0.122404]]]]}},{"type":"Feature","id":54,"properties":{"Clan":"Vale","Name":"Northern Rainwood"},"geometry":{"type":"MultiPolygon","coordinates":[[[[0.103009,-0.122248],[0.102643,-0.123674],[0.102572,-0.123907],[0.102525,-0.123999],[0.104332,-0.123997],[0.104506,-0.123952],[0.104745,-0.12386],[0.105155,-0.12374],[0.105583,-0.123638],[0.105893,-0.123531],[0.106209,-0.123432],[0.106366,-0.123412],[0.106416,-0.123357],[0.106654,-0.123305],[0.106791,-0.123283],[0.107035,-0.123198],[0.107187,-0.123168],[0.107475,-0.123168],[0.107602,-0.123146],[0.107736,-0.123106],[0.108189,-0.122875],[0.10832,-0.122751],[0.10847,-0.122614],[0.108644,-0.12248],[0.108823,-0.122293],[0.108965,-0.122169],[0.109146,-0.121967],[0.109345,-0.121729],[0.109343,-0.121697],[0.109326,-0.12144],[0.109317,-0.120994],[0.109364,-0.120538],[0.10944,-0.120036],[0.109601,-0.119504],[0.10963,-0.119002],[0.109449,-0.118176],[0.109392,-0.117607],[0.109478,-0.116801],[0.109421,-0.116327],[0.10925,-0.115843],[0.109184,-0.115378],[0.109163,-0.115023],[0.109077,-0.114794],[0.108902,-0.115057],[0.108836,-0.115225],[0.108807,-0.115495],[0.108778,-0.11578],[0.108639,-0.116131],[0.108464,-0.116338],[0.108259,-0.116577],[0.107885,-0.11682],[0.107563,-0.117109],[0.107072,-0.117464],[0.106651,-0.11775],[0.106105,-0.118044],[0.105894,-0.118039],[0.105567,-0.117703],[0.105408,-0.117432],[0.105235,-0.117249],[0.105081,-0.117348],[0.10489,-0.117647],[0.104576,-0.11817],[0.104207,-0.118838],[0.103885,-0.119516],[0.103796,-0.119871],[0.103717,-0.120128],[0.103619,-0.120292],[0.103259,-0.120535],[0.103198,-0.120684],[0.103165,-0.121165],[0.103137,-0.121301],[0.103067,-0.12175],[0.103009,-0.122248]]]]}},{"type":"Feature","id":55,"properties":{"Clan":"Yyrodh Abbey","Name":"Shadowmount South"},"geometry":{"type":"MultiPolygon","coordinates":[[[[0.115665,-0.114187],[0.115542,-0.114038],[0.115274,-0.113813],[0.115044,-0.113739],[0.114882,-0.113715],[0.114723,-0.113701],[0.114613,-0.113615],[0.114489,-0.113472],[0.11433,-0.113293],[0.114079,-0.11329],[0.113718,-0.113333],[0.113183,-0.113374],[0.112845,-0.113363],[0.112568,-0.113283],[0.112261,-0.113152],[0.111582,-0.113122],[0.111063,-0.113181],[0.11072,-0.11321],[0.110516,-0.113195],[0.110209,-0.113108],[0.110063,-0.113217],[0.109983,-0.113407],[0.10991,-0.113677],[0.109771,-0.114057],[0.109537,-0.114276],[0.109158,-0.114619],[0.109077,-0.114794],[0.109163,-0.115023],[0.109163,-0.11502],[0.10938,-0.114915],[0.109509,-0.114808],[0.109687,-0.114711],[0.109881,-0.114678],[0.110113,-0.114692],[0.110406,-0.114759],[0.110642,-0.114799],[0.110847,-0.114878],[0.111106,-0.114943],[0.111484,-0.114959],[0.11216,-0.114978],[0.112414,-0.114963],[0.112539,-0.11489],[0.11264,-0.114821],[0.112799,-0.11477],[0.11314,-0.114791],[0.113396,-0.114847],[0.113665,-0.114892],[0.11398,-0.114897],[0.114358,-0.114903],[0.114572,-0.114865],[0.114769,-0.114785],[0.114919,-0.114705],[0.115009,-0.114561],[0.115084,-0.114438],[0.115191,-0.114353],[0.115324,-0.114305],[0.115564,-0.114223],[0.115665,-0.114187]]]]}},{"type":"Feature","id":56,"properties":{"Clan":"Yyrodh Abbey","Name":"Bay of Shadows"},"geometry":{"type":"MultiPolygon","coordinates":[[[[0.114075,-0.113286],[0.113907,-0.113177],[0.113805,-0.113063],[0.113615,-0.112801],[0.113521,-0.112675],[0.112911,-0.112414],[0.112702,-0.112139],[0.112444,-0.111822],[0.112283,-0.111565],[0.112011,-0.1111],[0.111852,-0.110866],[0.111198,-0.110492],[0.111109,-0.110759],[0.110978,-0.110871],[0.110857,-0.111025],[0.110852,-0.111156],[0.110848,-0.111375],[0.110737,-0.111581],[0.110559,-0.11169],[0.110278,-0.111811],[0.110081,-0.111878],[0.109953,-0.111918],[0.109769,-0.112002],[0.109644,-0.112129],[0.109524,-0.112288],[0.109507,-0.112364],[0.109558,-0.112435],[0.109784,-0.112517],[0.109951,-0.112672],[0.110131,-0.112804],[0.110242,-0.112906],[0.110226,-0.113005],[0.110215,-0.11311],[0.110516,-0.113195],[0.11072,-0.11321],[0.111063,-0.113181],[0.111582,-0.113122],[0.112261,-0.113152],[0.112568,-0.113283],[0.112845,-0.113363],[0.113183,-0.113374],[0.113718,-0.113333],[0.11395,-0.113305],[0.114075,-0.113286]]]]}},{"type":"Feature","id":57,"properties":{"Clan":"Yyrodh Abbey","Name":"Shadowmount West"},"geometry":{"type":"MultiPolygon","coordinates":[[[[0.109504,-0.112365],[0.109298,-0.112445],[0.108691,-0.112692],[0.108414,-0.112873],[0.107928,-0.113042],[0.107347,-0.113254],[0.107106,-0.113502],[0.106719,-0.114079],[0.106361,-0.114816],[0.105865,-0.115598],[0.105653,-0.116109],[0.105346,-0.116649],[0.105259,-0.116905],[0.1052,-0.117065],[0.105241,-0.117255],[0.105408,-0.117432],[0.105567,-0.117703],[0.105894,-0.118039],[0.106105,-0.118044],[0.106651,-0.11775],[0.107072,-0.117464],[0.107563,-0.117109],[0.107885,-0.11682],[0.108259,-0.116577],[0.108464,-0.116338],[0.108639,-0.116131],[0.108778,-0.11578],[0.108807,-0.115495],[0.108836,-0.115225],[0.108902,-0.115057],[0.109077,-0.114794],[0.109088,-0.114772],[0.10915,-0.114636],[0.109158,-0.114619],[0.109537,-0.114276],[0.109771,-0.114057],[0.10991,-0.113677],[0.109983,-0.113407],[0.110063,-0.113217],[0.110209,-0.113108],[0.110215,-0.11311],[0.110226,-0.113005],[0.110242,-0.112906],[0.110131,-0.112804],[0.109951,-0.112672],[0.109784,-0.112517],[0.109558,-0.112435],[0.109507,-0.112364],[0.10951,-0.11235],[0.109504,-0.112365]]]]}},{"type":"Feature","id":58,"properties":{"Clan":"Yyrodh Abbey","Name":"Pass of Shadows"},"geometry":{"type":"MultiPolygon","coordinates":[[[[0.106254,-0.114985],[0.106224,-0.115032],[0.106361,-0.114816],[0.106719,-0.114079],[0.107106,-0.113502],[0.107347,-0.113254],[0.107928,-0.113042],[0.108414,-0.112873],[0.108691,-0.112692],[0.109298,-0.112445],[0.109504,-0.112365],[0.10951,-0.11235],[0.109524,-0.112288],[0.109644,-0.112129],[0.109769,-0.112002],[0.109953,-0.111918],[0.110081,-0.111878],[0.110232,-0.111827],[0.110231,-0.111675],[0.109964,-0.111712],[0.109679,-0.111675],[0.10946,-0.111567],[0.109133,-0.111488],[0.108464,-0.111534],[0.108268,-0.111464],[0.107862,-0.11138],[0.107614,-0.111348],[0.107366,-0.111483],[0.106941,-0.111282],[0.106684,-0.111366],[0.106399,-0.111221],[0.106203,-0.111165],[0.106016,-0.111081],[0.105894,-0.111086],[0.105796,-0.111179],[0.105703,-0.111273],[0.105619,-0.11145],[0.105572,-0.11167],[0.105376,-0.111913],[0.10531,-0.112119],[0.105184,-0.112422],[0.105058,-0.11281],[0.104904,-0.11303],[0.104876,-0.113792],[0.104992,-0.113932],[0.105229,-0.114088],[0.105537,-0.11429],[0.105746,-0.114456],[0.105798,-0.114559],[0.106254,-0.114985]]]]}},{"type":"Feature","id":59,"properties":{"Clan":"Vale","Name":"Maze of Green"},"geometry":{"type":"MultiPolygon","coordinates":[[[[0.097461,-0.117101],[0.097251,-0.11686],[0.097163,-0.116752],[0.097146,-0.116366],[0.097072,-0.116212],[0.097067,-0.116006],[0.097165,-0.115759],[0.097277,-0.115446],[0.09738,-0.115152],[0.09738,-0.114889],[0.096249,-0.114707],[0.095789,-0.114605],[0.095482,-0.114495],[0.095248,-0.114313],[0.09492,-0.114254],[0.094555,-0.114225],[0.093985,-0.114159],[0.093519,-0.114012],[0.093116,-0.113892],[0.092386,-0.113727],[0.092129,-0.113626],[0.091752,-0.113473],[0.091545,-0.11336],[0.091025,-0.113733],[0.090597,-0.113988],[0.089838,-0.114302],[0.089066,-0.114655],[0.088175,-0.11498],[0.087678,-0.11507],[0.087361,-0.115148],[0.087502,-0.115402],[0.087655,-0.115976],[0.087749,-0.116469],[0.087815,-0.117039],[0.088043,-0.117885],[0.088268,-0.118385],[0.088431,-0.118633],[0.088726,-0.11895],[0.089104,-0.119334],[0.089445,-0.119754],[0.089721,-0.120086],[0.089927,-0.120324],[0.090235,-0.120829],[0.090375,-0.12124],[0.090436,-0.121651],[0.090459,-0.121899],[0.090459,-0.121988],[0.0908,-0.12198],[0.091553,-0.121622],[0.092188,-0.121395],[0.092588,-0.12128],[0.09308,-0.121065],[0.093272,-0.120951],[0.093517,-0.120949],[0.093911,-0.120794],[0.094388,-0.120591],[0.094543,-0.120574],[0.095061,-0.120332],[0.095295,-0.120185],[0.095605,-0.119774],[0.095864,-0.119449],[0.096205,-0.119284],[0.096743,-0.119],[0.097087,-0.118785],[0.097249,-0.118456],[0.097309,-0.117974],[0.097307,-0.117907],[0.097461,-0.117101]]]]}},{"type":"Feature","id":60,"properties":{"Clan":"Vale","Name":"Summerwood"},"geometry":{"type":"MultiPolygon","coordinates":[[[[0.097381,-0.11489],[0.09738,-0.115071],[0.09738,-0.115152],[0.097277,-0.115446],[0.097165,-0.115759],[0.097067,-0.116006],[0.097072,-0.116212],[0.097146,-0.116366],[0.097163,-0.116752],[0.097251,-0.11686],[0.097461,-0.117101],[0.097348,-0.117692],[0.097446,-0.117493],[0.097479,-0.117232],[0.097461,-0.117101],[0.097919,-0.117403],[0.09826,-0.117633],[0.098487,-0.11819],[0.09855,-0.11848],[0.098648,-0.118716],[0.098935,-0.119054],[0.099372,-0.119425],[0.099668,-0.119658],[0.099839,-0.119715],[0.100075,-0.119787],[0.100272,-0.119909],[0.100637,-0.12013],[0.100972,-0.120415],[0.101463,-0.120926],[0.101968,-0.12133],[0.102291,-0.121722],[0.102529,-0.121893],[0.102826,-0.122209],[0.103007,-0.12225],[0.103,-0.122284],[0.103009,-0.122248],[0.103067,-0.12175],[0.103137,-0.121301],[0.103165,-0.121165],[0.103198,-0.120684],[0.103259,-0.120535],[0.103619,-0.120292],[0.103717,-0.120128],[0.103796,-0.119871],[0.103885,-0.119516],[0.104207,-0.118838],[0.104576,-0.11817],[0.10489,-0.117647],[0.105081,-0.117348],[0.105235,-0.117249],[0.105241,-0.117255],[0.1052,-0.117065],[0.105259,-0.116905],[0.105346,-0.116649],[0.105653,-0.116109],[0.105865,-0.115598],[0.106224,-0.115032],[0.106254,-0.114985],[0.105798,-0.114559],[0.105746,-0.114456],[0.105537,-0.11429],[0.105229,-0.114088],[0.104992,-0.113932],[0.104876,-0.113792],[0.104887,-0.113488],[0.10485,-0.113516],[0.1044,-0.113574],[0.103988,-0.113658],[0.103784,-0.113708],[0.103592,-0.113721],[0.10311,-0.113719],[0.102807,-0.113763],[0.102312,-0.11375],[0.102115,-0.113827],[0.101871,-0.113836],[0.101659,-0.113855],[0.101515,-0.113876],[0.101397,-0.113928],[0.101259,-0.114049],[0.100955,-0.11425],[0.100535,-0.114653],[0.100223,-0.114847],[0.099877,-0.11495],[0.099651,-0.115015],[0.098736,-0.115027],[0.098633,-0.114981],[0.098126,-0.114981],[0.097889,-0.114978],[0.097758,-0.114954],[0.097642,-0.114905],[0.097381,-0.11489]]]]}},{"type":"Feature","id":61,"properties":{"Clan":"Vale","Name":"Middle Vale"},"geometry":{"type":"MultiPolygon","coordinates":[[[[0.087366,-0.115148],[0.08717,-0.11491],[0.087023,-0.114773],[0.086798,-0.114485],[0.086581,-0.114283],[0.086395,-0.113996],[0.086284,-0.113781],[0.086213,-0.113536],[0.086138,-0.113153],[0.08604,-0.112869],[0.085815,-0.1124],[0.085456,-0.111565],[0.08516,-0.111203],[0.085056,-0.110997],[0.08493,-0.11045],[0.084924,-0.109657],[0.084933,-0.109364],[0.084918,-0.108518],[0.084921,-0.106998],[0.08496,-0.106541],[0.084661,-0.107002],[0.084595,-0.107103],[0.084151,-0.107364],[0.083705,-0.107625],[0.08348,-0.107759],[0.083225,-0.107912],[0.083013,-0.107987],[0.082835,-0.108131],[0.082444,-0.108303],[0.082164,-0.108403],[0.081901,-0.108469],[0.081722,-0.108521],[0.081626,-0.108563],[0.081339,-0.108655],[0.081125,-0.108709],[0.080979,-0.108755],[0.080871,-0.108785],[0.080705,-0.108845],[0.080612,-0.108892],[0.08046,-0.108955],[0.080612,-0.108892],[0.080964,-0.109235],[0.081184,-0.109633],[0.081408,-0.110291],[0.08159,-0.11096],[0.081716,-0.111609],[0.081693,-0.112095],[0.081562,-0.112427],[0.081375,-0.112777],[0.081319,-0.113142],[0.081263,-0.11346],[0.081216,-0.114053],[0.081053,-0.114516],[0.080856,-0.115063],[0.080754,-0.115492],[0.080698,-0.115763],[0.080576,-0.116053],[0.080319,-0.116278],[0.080165,-0.116441],[0.079917,-0.116573],[0.079587,-0.116916],[0.07945,-0.117212],[0.079336,-0.11752],[0.079301,-0.117783],[0.079256,-0.118079],[0.079085,-0.118615],[0.079046,-0.11892],[0.078969,-0.119043],[0.078968,-0.119045],[0.078969,-0.119043],[0.078997,-0.11919],[0.07898,-0.119726],[0.078913,-0.120583],[0.078851,-0.121057],[0.078783,-0.1217],[0.078777,-0.12232],[0.078777,-0.122709],[0.079062,-0.122714],[0.079469,-0.122918],[0.080172,-0.123301],[0.081054,-0.12383],[0.081326,-0.123893],[0.083802,-0.123881],[0.083901,-0.123932],[0.086007,-0.123926],[0.086941,-0.123619],[0.08738,-0.123577],[0.087749,-0.123553],[0.088081,-0.12346],[0.088529,-0.123301],[0.08931,-0.122885],[0.089754,-0.122675],[0.089931,-0.122633],[0.090114,-0.122493],[0.090324,-0.122408],[0.090487,-0.122404],[0.090541,-0.122743],[0.090487,-0.122404],[0.090501,-0.122292],[0.090453,-0.122099],[0.090446,-0.121988],[0.090459,-0.121988],[0.090459,-0.121899],[0.090436,-0.121651],[0.090375,-0.12124],[0.090235,-0.120829],[0.089927,-0.120324],[0.089721,-0.120086],[0.089445,-0.119754],[0.089104,-0.119334],[0.088726,-0.11895],[0.088431,-0.118633],[0.088268,-0.118385],[0.088043,-0.117885],[0.087815,-0.117039],[0.087749,-0.116469],[0.087655,-0.115976],[0.08752,-0.115471],[0.087366,-0.115148]]]]}},{"type":"Feature","id":62,"properties":{"Clan":"Yyrodh Abbey","Name":"Shadowmount North"},"geometry":{"type":"MultiPolygon","coordinates":[[[[0.111203,-0.110488],[0.111063,-0.110109],[0.11081,-0.109787],[0.110549,-0.109735],[0.110404,-0.109777],[0.10974,-0.109446],[0.109502,-0.109193],[0.109133,-0.109095],[0.108642,-0.108833],[0.108212,-0.108623],[0.107577,-0.108427],[0.107175,-0.108212],[0.106876,-0.107955],[0.106679,-0.107992],[0.106548,-0.108436],[0.106516,-0.108768],[0.106474,-0.108964],[0.106408,-0.109161],[0.106273,-0.109301],[0.106119,-0.109427],[0.10588,-0.109712],[0.105819,-0.10988],[0.10581,-0.110039],[0.105824,-0.110366],[0.105829,-0.110572],[0.105834,-0.110675],[0.105834,-0.110787],[0.105885,-0.110988],[0.105885,-0.111086],[0.105981,-0.111083],[0.106016,-0.111081],[0.106203,-0.111165],[0.106399,-0.111221],[0.106684,-0.111366],[0.106941,-0.111282],[0.107366,-0.111483],[0.107614,-0.111348],[0.107862,-0.11138],[0.108268,-0.111464],[0.108464,-0.111534],[0.109133,-0.111488],[0.10946,-0.111567],[0.109679,-0.111675],[0.109964,-0.111712],[0.110231,-0.111675],[0.110232,-0.111827],[0.110278,-0.111811],[0.110559,-0.11169],[0.110737,-0.111581],[0.110848,-0.111375],[0.110852,-0.111156],[0.110857,-0.111025],[0.110978,-0.110871],[0.111109,-0.110759],[0.111171,-0.110574],[0.111203,-0.110488]]]]}},{"type":"Feature","id":63,"properties":{"Clan":"Vale","Name":"South Summerland"},"geometry":{"type":"MultiPolygon","coordinates":[[[[0.105811,-0.110065],[0.105501,-0.110108],[0.105301,-0.110165],[0.105206,-0.110207],[0.105058,-0.11024],[0.104896,-0.110274],[0.104509,-0.110425],[0.104233,-0.110578],[0.103988,-0.110668],[0.10391,-0.110695],[0.10293,-0.110695],[0.102733,-0.110532],[0.102469,-0.110335],[0.102344,-0.110268],[0.102153,-0.110228],[0.101986,-0.11014],[0.101782,-0.110064],[0.101674,-0.109966],[0.101523,-0.109939],[0.101345,-0.10991],[0.101016,-0.109909],[0.100652,-0.109878],[0.100078,-0.109831],[0.099869,-0.109816],[0.099647,-0.109753],[0.0993,-0.109657],[0.09919,-0.109597],[0.098909,-0.109576],[0.098834,-0.10954],[0.098684,-0.109528],[0.098334,-0.109516],[0.098091,-0.109463],[0.097857,-0.109428],[0.097283,-0.109403],[0.097101,-0.109246],[0.096903,-0.108976],[0.096616,-0.10862],[0.096539,-0.108484],[0.096267,-0.108306],[0.096204,-0.108261],[0.096204,-0.108693],[0.096206,-0.108862],[0.096265,-0.108971],[0.0963,-0.109063],[0.096296,-0.109275],[0.096215,-0.109463],[0.096214,-0.1096],[0.096017,-0.109914],[0.095966,-0.110013],[0.095963,-0.110198],[0.095936,-0.110303],[0.095936,-0.110593],[0.095891,-0.110746],[0.095828,-0.110988],[0.095697,-0.111335],[0.09546,-0.111667],[0.095158,-0.111885],[0.094599,-0.112068],[0.094177,-0.112202],[0.093678,-0.112376],[0.093334,-0.11248],[0.093023,-0.112606],[0.092724,-0.11272],[0.092153,-0.112974],[0.091641,-0.113297],[0.091553,-0.113361],[0.091597,-0.113388],[0.091752,-0.113473],[0.092129,-0.113626],[0.092386,-0.113727],[0.093116,-0.113892],[0.093519,-0.114012],[0.093985,-0.114159],[0.094555,-0.114225],[0.09492,-0.114254],[0.095248,-0.114313],[0.095482,-0.114495],[0.095789,-0.114605],[0.096249,-0.114707],[0.09738,-0.114889],[0.09738,-0.115071],[0.097381,-0.11489],[0.097642,-0.114905],[0.097758,-0.114954],[0.097889,-0.114978],[0.098126,-0.114981],[0.098633,-0.114981],[0.098736,-0.115027],[0.099651,-0.115015],[0.099877,-0.11495],[0.100223,-0.114847],[0.100535,-0.114653],[0.100955,-0.11425],[0.101259,-0.114049],[0.101397,-0.113928],[0.101515,-0.113876],[0.101659,-0.113855],[0.101871,-0.113836],[0.102115,-0.113827],[0.102312,-0.11375],[0.102807,-0.113763],[0.10311,-0.113719],[0.103592,-0.113721],[0.103784,-0.113708],[0.103988,-0.113658],[0.1044,-0.113574],[0.10485,-0.113516],[0.104887,-0.113488],[0.104904,-0.11303],[0.105058,-0.11281],[0.105184,-0.112422],[0.10531,-0.112119],[0.105376,-0.111913],[0.105572,-0.11167],[0.105619,-0.11145],[0.105703,-0.111273],[0.105796,-0.111179],[0.105894,-0.111086],[0.105885,-0.111086],[0.105885,-0.110988],[0.105834,-0.110787],[0.105834,-0.110675],[0.105829,-0.110572],[0.105824,-0.110366],[0.105816,-0.110186],[0.105811,-0.110065]]]]}},{"type":"Feature","id":64,"properties":{"Clan":"Vale","Name":"Southern Land of Reeds"},"geometry":{"type":"MultiPolygon","coordinates":[[[[0.0962,-0.108254],[0.096192,-0.10797],[0.096145,-0.107722],[0.096107,-0.107171],[0.095997,-0.106665],[0.095721,-0.106039],[0.095698,-0.105305],[0.095707,-0.104946],[0.095702,-0.104548],[0.095249,-0.104838],[0.094394,-0.105212],[0.093815,-0.105427],[0.093544,-0.105502],[0.093151,-0.105908],[0.092188,-0.106698],[0.0911,-0.1071],[0.090455,-0.107333],[0.089843,-0.10745],[0.089109,-0.107857],[0.088151,-0.10838],[0.087291,-0.108922],[0.086553,-0.109333],[0.085618,-0.109899],[0.085081,-0.110114],[0.084928,-0.110133],[0.08493,-0.11045],[0.085056,-0.110997],[0.08516,-0.111203],[0.085456,-0.111565],[0.085815,-0.1124],[0.08604,-0.112869],[0.086138,-0.113153],[0.086213,-0.113536],[0.086284,-0.113781],[0.086395,-0.113996],[0.086581,-0.114283],[0.086798,-0.114485],[0.087023,-0.114773],[0.08717,-0.11491],[0.087366,-0.115147],[0.087678,-0.11507],[0.088175,-0.11498],[0.089066,-0.114655],[0.089838,-0.114302],[0.090597,-0.113988],[0.091025,-0.113733],[0.091545,-0.11336],[0.091597,-0.113388],[0.091553,-0.113361],[0.091641,-0.113297],[0.092153,-0.112974],[0.092724,-0.11272],[0.093023,-0.112606],[0.093334,-0.11248],[0.093678,-0.112376],[0.094177,-0.112202],[0.094599,-0.112068],[0.095158,-0.111885],[0.09546,-0.111667],[0.095697,-0.111335],[0.095828,-0.110988],[0.095891,-0.110746],[0.095936,-0.110593],[0.095936,-0.110303],[0.095963,-0.110198],[0.095966,-0.110013],[0.096017,-0.109914],[0.096214,-0.1096],[0.096215,-0.109463],[0.096296,-0.109275],[0.0963,-0.109063],[0.096265,-0.108971],[0.096206,-0.108862],[0.096204,-0.108693],[0.096204,-0.108524],[0.0962,-0.108254]]]]}},{"type":"Feature","id":65,"properties":{"Clan":"Vale","Name":"Southern Blue Coast"},"geometry":{"type":"MultiPolygon","coordinates":[[[[0.110806,-0.109788],[0.110705,-0.109533],[0.110624,-0.109241],[0.110626,-0.109011],[0.110624,-0.108536],[0.110837,-0.108241],[0.111237,-0.107633],[0.111361,-0.107516],[0.111641,-0.107103],[0.111886,-0.106846],[0.112081,-0.10671],[0.11219,-0.106599],[0.112249,-0.106547],[0.112315,-0.106519],[0.112422,-0.106486],[0.112462,-0.106429],[0.11247,-0.106322],[0.112523,-0.105989],[0.112537,-0.105885],[0.112523,-0.105589],[0.112431,-0.105363],[0.112253,-0.104911],[0.112091,-0.10462],[0.111939,-0.104287],[0.111813,-0.10395],[0.111761,-0.103814],[0.111643,-0.103508],[0.111398,-0.103233],[0.111111,-0.103051],[0.110779,-0.102793],[0.110396,-0.102503],[0.110025,-0.102318],[0.109744,-0.102013],[0.10963,-0.101866],[0.109499,-0.10175],[0.10899,-0.101235],[0.108243,-0.100413],[0.10812,-0.100236],[0.107991,-0.10003],[0.107961,-0.099979],[0.107878,-0.099761],[0.107806,-0.099599],[0.107782,-0.099534],[0.107743,-0.09948],[0.107659,-0.099384],[0.107608,-0.099321],[0.107561,-0.099243],[0.107507,-0.099148],[0.107465,-0.099082],[0.107429,-0.099028],[0.107357,-0.098879],[0.107229,-0.098627],[0.107172,-0.098544],[0.107049,-0.098379],[0.10698,-0.098304],[0.106885,-0.098152],[0.106747,-0.098017],[0.106651,-0.097957],[0.106598,-0.097901],[0.106505,-0.097835],[0.10643,-0.097829],[0.106328,-0.09785],[0.106263,-0.097877],[0.106215,-0.097907],[0.106035,-0.097972],[0.105844,-0.098053],[0.105739,-0.098092],[0.105674,-0.098098],[0.105611,-0.098101],[0.105536,-0.098113],[0.105488,-0.098131],[0.105407,-0.098149],[0.105315,-0.098173],[0.105243,-0.098215],[0.105201,-0.098224],[0.105078,-0.098236],[0.105007,-0.09823],[0.104887,-0.098236],[0.104782,-0.098233],[0.104746,-0.098292],[0.104821,-0.098349],[0.105047,-0.098702],[0.105273,-0.098863],[0.105361,-0.099074],[0.10539,-0.099169],[0.105419,-0.099271],[0.105543,-0.099607],[0.105587,-0.099673],[0.105602,-0.09979],[0.105631,-0.09987],[0.105653,-0.100097],[0.105668,-0.100184],[0.105668,-0.100301],[0.105653,-0.100447],[0.105624,-0.100564],[0.105617,-0.100834],[0.105587,-0.100878],[0.105551,-0.101009],[0.105522,-0.101119],[0.105507,-0.101228],[0.105463,-0.101352],[0.105463,-0.101455],[0.105456,-0.101542],[0.105427,-0.101688],[0.105397,-0.101783],[0.105383,-0.101849],[0.105368,-0.101929],[0.105354,-0.101973],[0.105324,-0.102083],[0.105324,-0.102112],[0.105339,-0.102221],[0.105346,-0.10225],[0.105376,-0.102323],[0.105427,-0.102389],[0.105463,-0.102455],[0.105507,-0.102521],[0.10561,-0.10278],[0.105701,-0.102963],[0.105838,-0.103145],[0.105895,-0.103316],[0.105975,-0.103545],[0.106032,-0.103693],[0.10618,-0.10399],[0.106317,-0.104252],[0.106397,-0.104503],[0.106442,-0.104731],[0.106465,-0.104879],[0.1065,-0.105438],[0.106488,-0.105587],[0.106477,-0.107241],[0.106522,-0.107515],[0.106693,-0.107743],[0.106934,-0.108005],[0.107175,-0.108212],[0.107577,-0.108427],[0.108212,-0.108623],[0.108642,-0.108833],[0.109133,-0.109095],[0.109502,-0.109193],[0.10974,-0.109446],[0.110404,-0.109777],[0.110441,-0.109766],[0.110806,-0.109788]]]]}},{"type":"Feature","id":66,"properties":{"Clan":"Longservant","Name":"North Summerlands"},"geometry":{"type":"MultiPolygon","coordinates":[[[[0.104745,-0.098291],[0.104277,-0.098025],[0.103843,-0.097698],[0.103245,-0.097287],[0.10303,-0.09716],[0.102964,-0.097114],[0.102857,-0.097034],[0.102805,-0.096988],[0.102726,-0.096908],[0.102665,-0.096838],[0.102558,-0.096745],[0.102488,-0.096693],[0.102432,-0.096646],[0.102343,-0.096567],[0.102315,-0.096534],[0.10224,-0.096464],[0.10217,-0.096399],[0.1021,-0.096343],[0.102006,-0.096287],[0.101843,-0.096123],[0.10174,-0.096011],[0.101609,-0.095885],[0.101483,-0.095777],[0.101347,-0.09566],[0.10124,-0.095558],[0.10117,-0.095487],[0.101053,-0.095394],[0.100941,-0.095291],[0.100857,-0.095235],[0.100763,-0.095179],[0.100618,-0.09509],[0.100352,-0.094885],[0.100235,-0.094773],[0.099983,-0.094394],[0.099847,-0.094198],[0.099693,-0.093894],[0.099516,-0.093712],[0.099259,-0.093413],[0.099198,-0.093315],[0.099146,-0.093216],[0.099053,-0.093062],[0.098964,-0.092941],[0.098824,-0.092698],[0.098693,-0.092445],[0.098642,-0.092296],[0.098146,-0.09253],[0.097829,-0.092702],[0.097469,-0.092969],[0.097245,-0.093179],[0.097016,-0.093254],[0.096903,-0.09331],[0.096824,-0.093389],[0.096665,-0.093469],[0.096609,-0.093525],[0.09645,-0.093623],[0.096385,-0.093665],[0.096231,-0.093716],[0.096118,-0.093768],[0.09603,-0.093796],[0.095838,-0.093889],[0.095759,-0.09395],[0.095735,-0.093992],[0.095544,-0.0941],[0.095371,-0.09416],[0.0951,-0.094319],[0.094922,-0.094403],[0.094628,-0.094487],[0.094403,-0.094558],[0.094114,-0.094656],[0.093978,-0.09474],[0.093768,-0.09481],[0.093656,-0.094843],[0.09353,-0.094857],[0.093198,-0.094941],[0.093044,-0.094978],[0.092889,-0.095044],[0.092889,-0.0951],[0.092959,-0.095198],[0.093025,-0.095333],[0.093072,-0.095604],[0.093109,-0.095787],[0.093109,-0.095983],[0.093118,-0.09609],[0.09316,-0.096436],[0.09331,-0.096819],[0.093516,-0.097212],[0.093791,-0.097726],[0.094301,-0.098417],[0.094773,-0.098922],[0.095333,-0.099516],[0.095604,-0.099927],[0.095857,-0.100431],[0.096066,-0.100929],[0.096519,-0.101659],[0.096782,-0.102294],[0.097161,-0.102798],[0.097329,-0.103024],[0.097636,-0.103192],[0.097826,-0.103441],[0.097972,-0.103667],[0.098257,-0.103806],[0.098534,-0.103937],[0.098936,-0.104017],[0.099388,-0.104163],[0.099958,-0.104193],[0.100564,-0.104215],[0.101046,-0.104054],[0.10136,-0.103944],[0.101696,-0.103791],[0.102031,-0.103536],[0.102535,-0.103192],[0.102944,-0.103076],[0.103287,-0.102908],[0.103521,-0.102747],[0.103828,-0.10274],[0.104156,-0.102594],[0.104492,-0.102382],[0.104959,-0.102353],[0.105222,-0.102338],[0.105413,-0.102371],[0.105376,-0.102323],[0.105346,-0.10225],[0.105339,-0.102221],[0.105324,-0.102112],[0.105324,-0.102083],[0.105354,-0.101973],[0.105368,-0.101929],[0.105383,-0.101849],[0.105397,-0.101783],[0.105427,-0.101688],[0.105456,-0.101542],[0.105463,-0.101455],[0.105463,-0.101352],[0.105507,-0.101228],[0.105522,-0.101119],[0.105551,-0.101009],[0.105587,-0.100878],[0.105617,-0.100834],[0.105624,-0.100564],[0.105653,-0.100447],[0.105668,-0.100301],[0.105668,-0.100184],[0.105653,-0.100097],[0.105631,-0.09987],[0.105602,-0.09979],[0.105587,-0.099673],[0.105543,-0.099607],[0.105419,-0.099271],[0.10539,-0.099169],[0.105361,-0.099074],[0.105273,-0.098863],[0.105047,-0.098702],[0.104821,-0.098349],[0.104766,-0.098307],[0.104745,-0.098291]]]]}},{"type":"Feature","id":67,"properties":{"Clan":"Longservant","Name":"Land of Reeds"},"geometry":{"type":"MultiPolygon","coordinates":[[[[0.092883,-0.095043],[0.092651,-0.095009],[0.092459,-0.095013],[0.092303,-0.095048],[0.091692,-0.095029],[0.091328,-0.095271],[0.090812,-0.09581],[0.090305,-0.096438],[0.089999,-0.096548],[0.089758,-0.096541],[0.089809,-0.097001],[0.089685,-0.097541],[0.089517,-0.098169],[0.089385,-0.099082],[0.089203,-0.099863],[0.088721,-0.100308],[0.088275,-0.1006],[0.087947,-0.100834],[0.087684,-0.10106],[0.08745,-0.101265],[0.087224,-0.10136],[0.087107,-0.101425],[0.086954,-0.101491],[0.0868,-0.101535],[0.086581,-0.101615],[0.086384,-0.101688],[0.085939,-0.101922],[0.085691,-0.102061],[0.0856,-0.102222],[0.085594,-0.102844],[0.085492,-0.103386],[0.085271,-0.104076],[0.085267,-0.104899],[0.085259,-0.105757],[0.085194,-0.105948],[0.085107,-0.106145],[0.085047,-0.106414],[0.084959,-0.106548],[0.084921,-0.106998],[0.084918,-0.108518],[0.084933,-0.109364],[0.084924,-0.109657],[0.084928,-0.110133],[0.085081,-0.110114],[0.085618,-0.109899],[0.086553,-0.109333],[0.087291,-0.108922],[0.088151,-0.10838],[0.089109,-0.107857],[0.089843,-0.10745],[0.090455,-0.107333],[0.0911,-0.1071],[0.092188,-0.106698],[0.093151,-0.105908],[0.093544,-0.105502],[0.093815,-0.105427],[0.094394,-0.105212],[0.095249,-0.104838],[0.095702,-0.104548],[0.095936,-0.104371],[0.09609,-0.104095],[0.09624,-0.103838],[0.096389,-0.103539],[0.096632,-0.103151],[0.096838,-0.102787],[0.096982,-0.10256],[0.096782,-0.102294],[0.096519,-0.101659],[0.096066,-0.100929],[0.095857,-0.100431],[0.095604,-0.099927],[0.095333,-0.099516],[0.094773,-0.098922],[0.094301,-0.098417],[0.093791,-0.097726],[0.093516,-0.097212],[0.09331,-0.096819],[0.09316,-0.096436],[0.093118,-0.09609],[0.093109,-0.095983],[0.093109,-0.095787],[0.093072,-0.095604],[0.093025,-0.095333],[0.092959,-0.095198],[0.092931,-0.095157],[0.092883,-0.095043]]]]}},{"type":"Feature","id":68,"properties":{"Clan":"Vale","Name":"First Candle Tower"},"geometry":{"type":"MultiPolygon","coordinates":[[[[0.101604,-0.103833],[0.10136,-0.103944],[0.101046,-0.104054],[0.100564,-0.104215],[0.099958,-0.104193],[0.099388,-0.104163],[0.098936,-0.104017],[0.098534,-0.103937],[0.098257,-0.103806],[0.097972,-0.103667],[0.097826,-0.103441],[0.097636,-0.103192],[0.097329,-0.103024],[0.097161,-0.102798],[0.096982,-0.10256],[0.096838,-0.102787],[0.096632,-0.103151],[0.096389,-0.103539],[0.09624,-0.103838],[0.09609,-0.104095],[0.095936,-0.104371],[0.095702,-0.104548],[0.095707,-0.104946],[0.095698,-0.105305],[0.095721,-0.106039],[0.095997,-0.106665],[0.096107,-0.107171],[0.096145,-0.107722],[0.096192,-0.10797],[0.0962,-0.108254],[0.096204,-0.108524],[0.096204,-0.108261],[0.096267,-0.108306],[0.096539,-0.108484],[0.096616,-0.10862],[0.096903,-0.108976],[0.097101,-0.109246],[0.097283,-0.109403],[0.097857,-0.109428],[0.098091,-0.109463],[0.098334,-0.109516],[0.098684,-0.109528],[0.098834,-0.10954],[0.098909,-0.109576],[0.09919,-0.109597],[0.0993,-0.109657],[0.099647,-0.109753],[0.099869,-0.109816],[0.100078,-0.109831],[0.100652,-0.109878],[0.101016,-0.109909],[0.101345,-0.10991],[0.101523,-0.109939],[0.101674,-0.109966],[0.101782,-0.110064],[0.101986,-0.11014],[0.102153,-0.110228],[0.102344,-0.110268],[0.102469,-0.110335],[0.102733,-0.110532],[0.10293,-0.110695],[0.10391,-0.110695],[0.103988,-0.110668],[0.104233,-0.110578],[0.104509,-0.110425],[0.104896,-0.110274],[0.105058,-0.11024],[0.105206,-0.110207],[0.105301,-0.110165],[0.105501,-0.110108],[0.105811,-0.110065],[0.105816,-0.110186],[0.10581,-0.110039],[0.105819,-0.10988],[0.10588,-0.109712],[0.106119,-0.109427],[0.106273,-0.109301],[0.106408,-0.109161],[0.106474,-0.108964],[0.106516,-0.108768],[0.106548,-0.108436],[0.106679,-0.107992],[0.106876,-0.107955],[0.106934,-0.108005],[0.106693,-0.107743],[0.106522,-0.107515],[0.106477,-0.107241],[0.106488,-0.105587],[0.1065,-0.105438],[0.106465,-0.104879],[0.106442,-0.104731],[0.106397,-0.104503],[0.106317,-0.104252],[0.10618,-0.10399],[0.106032,-0.103693],[0.105975,-0.103545],[0.105895,-0.103316],[0.105838,-0.103145],[0.105701,-0.102963],[0.10561,-0.10278],[0.105507,-0.102521],[0.105463,-0.102455],[0.105427,-0.102389],[0.105413,-0.102371],[0.105222,-0.102338],[0.104959,-0.102353],[0.104492,-0.102382],[0.104156,-0.102594],[0.103828,-0.10274],[0.103521,-0.102747],[0.103287,-0.102908],[0.102944,-0.103076],[0.102535,-0.103192],[0.102031,-0.103536],[0.101696,-0.103791],[0.101619,-0.103826],[0.101604,-0.103833]]]]}},{"type":"Feature","id":69,"properties":{"Clan":"Outer Blood","Name":null},"geometry":{"type":"MultiPolygon","coordinates":[[[[0.204457,-0.063235],[0.204634,-0.063305],[0.205106,-0.06337],[0.205494,-0.06338],[0.205704,-0.063403],[0.206097,-0.063641],[0.206522,-0.063936],[0.206644,-0.06401],[0.206704,-0.064169],[0.206812,-0.064389],[0.206994,-0.064632],[0.207078,-0.064702],[0.207223,-0.064735],[0.20734,-0.064749],[0.207499,-0.064809],[0.207681,-0.064828],[0.207788,-0.065057],[0.207802,-0.065272],[0.207706,-0.065619],[0.207867,-0.065334],[0.207977,-0.065224],[0.20821,-0.064984],[0.208451,-0.064575],[0.208648,-0.063779],[0.20859,-0.063027],[0.208458,-0.062501],[0.208407,-0.062194],[0.20848,-0.06191],[0.208568,-0.061603],[0.208568,-0.061377],[0.208458,-0.061201],[0.208276,-0.061099],[0.208108,-0.060924],[0.207984,-0.060771],[0.207911,-0.060807],[0.207619,-0.060734],[0.20748,-0.060625],[0.207297,-0.060435],[0.206984,-0.060201],[0.206874,-0.060092],[0.206713,-0.060084],[0.206443,-0.060121],[0.206202,-0.060172],[0.205976,-0.060172],[0.205523,-0.060121],[0.205195,-0.060084],[0.205107,-0.060092],[0.204983,-0.060113],[0.204866,-0.060208],[0.204757,-0.060245],[0.204391,-0.060238],[0.204034,-0.060238],[0.203727,-0.060179],[0.204048,-0.060303],[0.20418,-0.060362],[0.204151,-0.060486],[0.203953,-0.060661],[0.2038,-0.060851],[0.203698,-0.061033],[0.203501,-0.061318],[0.203442,-0.061559],[0.203391,-0.061873],[0.203428,-0.062151],[0.203559,-0.062326],[0.203822,-0.062596],[0.204048,-0.062771],[0.204092,-0.062903],[0.204187,-0.063049],[0.204348,-0.063173],[0.204457,-0.063235]]]]}},{"type":"Feature","id":70,"properties":{"Clan":"Steelheart","Name":null},"geometry":{"type":"MultiPolygon","coordinates":[[[[0.04715,-0.051963],[0.047168,-0.052034],[0.047524,-0.051998],[0.047845,-0.052016],[0.04813,-0.051927],[0.048558,-0.051891],[0.048772,-0.051731],[0.049307,-0.051642],[0.049699,-0.051374],[0.050234,-0.051089],[0.050804,-0.050893],[0.05084,-0.050644],[0.050572,-0.050109],[0.050376,-0.049877],[0.049931,-0.049503],[0.049521,-0.048879],[0.0492,-0.048718],[0.049004,-0.048522],[0.048736,-0.047988],[0.048594,-0.047542],[0.048433,-0.047132],[0.048219,-0.046722],[0.048005,-0.046205],[0.047702,-0.045884],[0.047684,-0.045599],[0.047667,-0.045278],[0.04756,-0.044779],[0.047435,-0.04444],[0.047364,-0.044369],[0.047078,-0.044904],[0.047114,-0.045403],[0.046865,-0.046526],[0.046989,-0.047702],[0.047185,-0.048308],[0.04731,-0.04879],[0.047292,-0.049307],[0.047274,-0.049984],[0.047328,-0.050733],[0.047257,-0.051357],[0.04715,-0.051963]]]]}},{"type":"Feature","id":71,"properties":{"Clan":"Outer Blood","Name":null},"geometry":{"type":"MultiPolygon","coordinates":[[[[0.215972,-0.165847],[0.215388,-0.165401],[0.215366,-0.165664],[0.215373,-0.166117],[0.215409,-0.166504],[0.215366,-0.166971],[0.215373,-0.167124],[0.215329,-0.1673],[0.21519,-0.167409],[0.215139,-0.167482],[0.215183,-0.16773],[0.21522,-0.167971],[0.215198,-0.168125],[0.215132,-0.16838],[0.214949,-0.168628],[0.214789,-0.168753],[0.21473,-0.169015],[0.214709,-0.169359],[0.214949,-0.169753],[0.215169,-0.170169],[0.215519,-0.170403],[0.215811,-0.170454],[0.216183,-0.170556],[0.216351,-0.170658],[0.21649,-0.170863],[0.216607,-0.170885],[0.216687,-0.170673],[0.216811,-0.170344],[0.216957,-0.170067],[0.217198,-0.169782],[0.217315,-0.169483],[0.217439,-0.168884],[0.217447,-0.168643],[0.217096,-0.168081],[0.216914,-0.167738],[0.216702,-0.16757],[0.216381,-0.167584],[0.216169,-0.167482],[0.215935,-0.167343],[0.215891,-0.167139],[0.215906,-0.166642],[0.215899,-0.16635],[0.215913,-0.166058],[0.215972,-0.165847]]]]}},{"type":"Feature","id":72,"properties":{"Clan":"Vale","Name":"Makepeace"},"geometry":{"type":"MultiPolygon","coordinates":[[[[0.16113,-0.121169],[0.161239,-0.120752],[0.161356,-0.120519],[0.1614,-0.120285],[0.161444,-0.120052],[0.161473,-0.119803],[0.161517,-0.119592],[0.161488,-0.119387],[0.161291,-0.119205],[0.161166,-0.119007],[0.160991,-0.118409],[0.160926,-0.117978],[0.160904,-0.117533],[0.160947,-0.117116],[0.160991,-0.116861],[0.160999,-0.116014],[0.160794,-0.116072],[0.160509,-0.116131],[0.160363,-0.116226],[0.160261,-0.116357],[0.160137,-0.116423],[0.159852,-0.116342],[0.159509,-0.116328],[0.159253,-0.11635],[0.158925,-0.116518],[0.158596,-0.116656],[0.158458,-0.116686],[0.158355,-0.116503],[0.158173,-0.116306],[0.157961,-0.116445],[0.157771,-0.116686],[0.157742,-0.117043],[0.157764,-0.117467],[0.157224,-0.118569],[0.157143,-0.118861],[0.157005,-0.119205],[0.156975,-0.119358],[0.157005,-0.119935],[0.15718,-0.119964],[0.157355,-0.12011],[0.157552,-0.120249],[0.157742,-0.120351],[0.157952,-0.12035],[0.158124,-0.120509],[0.158283,-0.12084],[0.158238,-0.121057],[0.158295,-0.121228],[0.158375,-0.121365],[0.158432,-0.121627],[0.158432,-0.121787],[0.158363,-0.122141],[0.158443,-0.122357],[0.158546,-0.122494],[0.158603,-0.122586],[0.158637,-0.122688],[0.158717,-0.122985],[0.158808,-0.123384],[0.158877,-0.123669],[0.159185,-0.123738],[0.15939,-0.12343],[0.159481,-0.123202],[0.159687,-0.123042],[0.159755,-0.122551],[0.160029,-0.122939],[0.160268,-0.122814],[0.160645,-0.122665],[0.16093,-0.122266],[0.161135,-0.121764],[0.161158,-0.121388],[0.16113,-0.121169]]]]}},{"type":"Feature","id":73,"properties":{"Clan":"Longservant","Name":"Blue Coast"},"geometry":{"type":"MultiPolygon","coordinates":[[[[0.106504,-0.097835],[0.106524,-0.097849],[0.106517,-0.097843],[0.106505,-0.097835],[0.106504,-0.097835]]],[[[0.1065,-0.097832],[0.1063,-0.097502],[0.106155,-0.097239],[0.105749,-0.097084],[0.105338,-0.096623],[0.104979,-0.096068],[0.104723,-0.095516],[0.10467,-0.095284],[0.10459,-0.095044],[0.104413,-0.094898],[0.104229,-0.094484],[0.103589,-0.093897],[0.10307,-0.093331],[0.102504,-0.092725],[0.102309,-0.092496],[0.102167,-0.09232],[0.10212,-0.092078],[0.102106,-0.091842],[0.102019,-0.091613],[0.101951,-0.09133],[0.101924,-0.091107],[0.101864,-0.090683],[0.10187,-0.090514],[0.101891,-0.090352],[0.101891,-0.090238],[0.101972,-0.089415],[0.101965,-0.089052],[0.101756,-0.088607],[0.101635,-0.088243],[0.101594,-0.087825],[0.101628,-0.087407],[0.101655,-0.087084],[0.101749,-0.086659],[0.101675,-0.086403],[0.100895,-0.085647],[0.100127,-0.084762],[0.099231,-0.083835],[0.098989,-0.083709],[0.098536,-0.083677],[0.098084,-0.083699],[0.097936,-0.084014],[0.097789,-0.084573],[0.097641,-0.085173],[0.097547,-0.085784],[0.097557,-0.086121],[0.097525,-0.086394],[0.097494,-0.086605],[0.097399,-0.087016],[0.097368,-0.087142],[0.097357,-0.087405],[0.097357,-0.087521],[0.097389,-0.087679],[0.097389,-0.087964],[0.097378,-0.088132],[0.097357,-0.088332],[0.097336,-0.088585],[0.097315,-0.088901],[0.097304,-0.089017],[0.097336,-0.089227],[0.097346,-0.089322],[0.097315,-0.089754],[0.097294,-0.089891],[0.097568,-0.090091],[0.097589,-0.090154],[0.09762,-0.090417],[0.097747,-0.090712],[0.097884,-0.091017],[0.097978,-0.091291],[0.098126,-0.091481],[0.098231,-0.091565],[0.098536,-0.091881],[0.098673,-0.092186],[0.098676,-0.092396],[0.098693,-0.092445],[0.098824,-0.092698],[0.098964,-0.092941],[0.099053,-0.093062],[0.099146,-0.093216],[0.099198,-0.093315],[0.099259,-0.093413],[0.099516,-0.093712],[0.099693,-0.093894],[0.099847,-0.094198],[0.099983,-0.094394],[0.100235,-0.094773],[0.100352,-0.094885],[0.100618,-0.09509],[0.100763,-0.095179],[0.100857,-0.095235],[0.100941,-0.095291],[0.101053,-0.095394],[0.10117,-0.095487],[0.10124,-0.095558],[0.101347,-0.09566],[0.101483,-0.095777],[0.101609,-0.095885],[0.10174,-0.096011],[0.101843,-0.096123],[0.102006,-0.096287],[0.1021,-0.096343],[0.10217,-0.096399],[0.10224,-0.096464],[0.102315,-0.096534],[0.102343,-0.096567],[0.102432,-0.096646],[0.102488,-0.096693],[0.102558,-0.096745],[0.102665,-0.096838],[0.102726,-0.096908],[0.102805,-0.096988],[0.102857,-0.097034],[0.102964,-0.097114],[0.10303,-0.09716],[0.103245,-0.097287],[0.103843,-0.097698],[0.104277,-0.098025],[0.104745,-0.098291],[0.104766,-0.098307],[0.104746,-0.098292],[0.104782,-0.098233],[0.104887,-0.098236],[0.105007,-0.09823],[0.105078,-0.098236],[0.105201,-0.098224],[0.105243,-0.098215],[0.105315,-0.098173],[0.105407,-0.098149],[0.105488,-0.098131],[0.105536,-0.098113],[0.105611,-0.098101],[0.105674,-0.098098],[0.105739,-0.098092],[0.105844,-0.098053],[0.106035,-0.097972],[0.106215,-0.097907],[0.106263,-0.097877],[0.106328,-0.09785],[0.10643,-0.097829],[0.106504,-0.097835],[0.1065,-0.097832]]]]}},{"type":"Feature","id":74,"properties":{"Clan":"Outer Blood","Name":"The Second Candle Tower"},"geometry":{"type":"MultiPolygon","coordinates":[[[[0.157641,-0.040674],[0.157016,-0.040796],[0.156341,-0.040807],[0.156027,-0.040778],[0.155529,-0.040724],[0.155209,-0.040665],[0.155055,-0.040588],[0.154238,-0.040434],[0.153633,-0.040363],[0.152526,-0.039504],[0.151454,-0.039558],[0.151092,-0.039623],[0.15015,-0.039753],[0.149718,-0.039783],[0.149404,-0.0398],[0.149256,-0.039842],[0.148883,-0.039866],[0.148036,-0.03996],[0.147378,-0.040067],[0.146845,-0.040191],[0.14659,-0.040286],[0.146614,-0.040476],[0.146878,-0.041012],[0.147086,-0.041239],[0.147185,-0.041429],[0.147352,-0.041876],[0.147602,-0.04213],[0.148068,-0.042452],[0.148709,-0.042888],[0.14902,-0.043131],[0.149372,-0.043226],[0.149956,-0.043673],[0.150623,-0.044113],[0.150957,-0.044318],[0.151177,-0.044397],[0.151488,-0.044412],[0.152121,-0.044545],[0.152526,-0.044594],[0.152803,-0.044701],[0.153148,-0.044807],[0.153903,-0.044799],[0.154308,-0.044701],[0.154949,-0.044363],[0.155548,-0.043707],[0.156064,-0.043089],[0.156545,-0.042703],[0.156992,-0.042286],[0.157326,-0.041675],[0.157538,-0.041145],[0.157641,-0.040674]]]]}},{"type":"Feature","id":75,"properties":{"Clan":"Outer Blood","Name":"Bylong"},"geometry":{"type":"MultiPolygon","coordinates":[[[[0.14563,-0.033235],[0.144617,-0.033287],[0.143416,-0.033238],[0.14126,-0.033863],[0.140767,-0.034274],[0.138858,-0.034965],[0.13797,-0.035443],[0.136785,-0.036167],[0.135831,-0.036726],[0.13509,-0.036858],[0.134366,-0.037565],[0.133461,-0.039622],[0.133395,-0.040247],[0.133083,-0.041317],[0.132984,-0.041975],[0.133313,-0.041629],[0.13384,-0.042896],[0.134432,-0.043867],[0.134745,-0.044312],[0.135255,-0.045216],[0.135633,-0.045381],[0.135929,-0.045743],[0.13588,-0.046451],[0.136061,-0.047026],[0.1369,-0.047421],[0.137196,-0.047816],[0.138002,-0.048376],[0.138644,-0.048557],[0.139039,-0.049182],[0.140207,-0.049922],[0.141228,-0.050153],[0.141557,-0.051091],[0.142527,-0.051864],[0.143597,-0.052341],[0.144453,-0.052193],[0.145506,-0.051601],[0.146361,-0.051584],[0.147365,-0.051765],[0.147743,-0.052127],[0.148616,-0.052588],[0.149734,-0.052917],[0.149965,-0.052983],[0.15031,-0.053378],[0.150837,-0.053509],[0.152729,-0.053115],[0.153799,-0.052966],[0.154177,-0.053871],[0.155181,-0.054497],[0.155839,-0.054842],[0.157254,-0.054809],[0.157987,-0.054685],[0.158193,-0.055071],[0.159093,-0.055019],[0.160198,-0.054762],[0.161124,-0.054351],[0.161664,-0.053914],[0.162204,-0.053374],[0.165117,-0.051267],[0.165091,-0.051243],[0.165744,-0.050579],[0.16627,-0.050021],[0.166923,-0.049558],[0.167555,-0.049368],[0.168008,-0.049379],[0.168292,-0.0492],[0.168619,-0.049031],[0.168829,-0.048979],[0.168977,-0.048905],[0.168977,-0.048673],[0.168977,-0.048315],[0.169324,-0.04802],[0.169714,-0.04762],[0.169925,-0.047325],[0.170198,-0.046936],[0.170377,-0.046609],[0.170662,-0.046262],[0.171115,-0.045893],[0.171546,-0.045693],[0.17182,-0.045261],[0.172062,-0.044766],[0.17222,-0.044356],[0.172304,-0.04385],[0.172315,-0.043334],[0.171399,-0.04266],[0.170809,-0.042028],[0.170441,-0.041428],[0.170146,-0.041102],[0.169219,-0.040744],[0.168029,-0.04048],[0.167597,-0.040217],[0.16706,-0.039712],[0.166523,-0.03888],[0.166207,-0.038532],[0.165849,-0.038079],[0.165512,-0.037742],[0.16468,-0.037132],[0.164038,-0.036637],[0.163427,-0.036005],[0.163259,-0.035615],[0.163122,-0.035204],[0.163132,-0.034709],[0.163006,-0.034583],[0.162764,-0.034646],[0.162606,-0.034752],[0.162448,-0.034783],[0.1623,-0.034804],[0.162153,-0.034899],[0.161816,-0.035036],[0.161595,-0.035099],[0.161468,-0.035067],[0.161152,-0.034846],[0.160742,-0.034846],[0.160331,-0.034815],[0.159036,-0.034246],[0.158667,-0.034004],[0.158362,-0.033783],[0.157519,-0.033614],[0.157193,-0.033604],[0.156814,-0.03372],[0.156498,-0.033856],[0.15614,-0.034025],[0.155792,-0.034141],[0.153591,-0.034046],[0.151896,-0.034004],[0.149242,-0.033835],[0.147799,-0.034004],[0.14563,-0.033235]],[[0.147185,-0.041429],[0.147086,-0.041239],[0.146878,-0.041012],[0.146614,-0.040476],[0.14659,-0.040286],[0.146845,-0.040191],[0.147378,-0.040067],[0.148036,-0.03996],[0.148883,-0.039866],[0.149256,-0.039842],[0.149404,-0.0398],[0.149718,-0.039783],[0.15015,-0.039753],[0.151092,-0.039623],[0.151454,-0.039558],[0.152526,-0.039504],[0.153633,-0.040363],[0.154238,-0.040434],[0.155055,-0.040588],[0.155209,-0.040665],[0.155529,-0.040724],[0.156027,-0.040778],[0.156341,-0.040807],[0.157016,-0.040796],[0.157641,-0.040674],[0.157538,-0.041145],[0.157326,-0.041675],[0.156992,-0.042286],[0.156545,-0.042703],[0.156064,-0.043089],[0.155548,-0.043707],[0.154949,-0.044363],[0.154308,-0.044701],[0.153903,-0.044799],[0.153148,-0.044807],[0.152803,-0.044701],[0.152526,-0.044594],[0.152121,-0.044545],[0.151488,-0.044412],[0.151177,-0.044397],[0.150957,-0.044318],[0.150623,-0.044113],[0.149956,-0.043673],[0.149372,-0.043226],[0.14902,-0.043131],[0.148709,-0.042888],[0.148068,-0.042452],[0.147602,-0.04213],[0.147352,-0.041876],[0.147185,-0.041429]]]]}},{"type":"Feature","id":76,"properties":{"Clan":"Outer Blood","Name":null},"geometry":{"type":"MultiPolygon","coordinates":[[[[0.215785,-0.165667],[0.21675,-0.166335],[0.216961,-0.166524],[0.21701,-0.167112],[0.217218,-0.166829],[0.217839,-0.166151],[0.218574,-0.165645],[0.219121,-0.165084],[0.219169,-0.164349],[0.219302,-0.163482],[0.219302,-0.16239],[0.219272,-0.161788],[0.21909,-0.160882],[0.218525,-0.159775],[0.217435,-0.158321],[0.216893,-0.157496],[0.216564,-0.15696],[0.215797,-0.156937],[0.215838,-0.157583],[0.215861,-0.1588],[0.216091,-0.159469],[0.21638,-0.160149],[0.216634,-0.160369],[0.217049,-0.160697],[0.217499,-0.161343],[0.217718,-0.162087],[0.217764,-0.162589],[0.21792,-0.163212],[0.217925,-0.163835],[0.217585,-0.164331],[0.217389,-0.164786],[0.217164,-0.164994],[0.216824,-0.165178],[0.216472,-0.165351],[0.216207,-0.165472],[0.216005,-0.165565],[0.215785,-0.165667]]]]}},{"type":"Feature","id":77,"properties":{"Clan":"Outer Blood","Name":null},"geometry":{"type":"MultiPolygon","coordinates":[[[[0.21586,-0.15695],[0.216559,-0.156949],[0.216448,-0.156635],[0.216312,-0.156229],[0.216124,-0.155786],[0.21602,-0.155447],[0.215924,-0.154941],[0.215839,-0.154557],[0.215725,-0.154262],[0.21564,-0.154111],[0.215537,-0.153978],[0.215408,-0.153867],[0.215345,-0.153705],[0.215315,-0.153557],[0.215319,-0.153317],[0.215374,-0.153033],[0.215467,-0.152771],[0.215492,-0.152542],[0.215533,-0.152361],[0.215555,-0.152221],[0.215625,-0.151819],[0.215743,-0.151586],[0.215577,-0.151608],[0.215127,-0.151568],[0.214817,-0.151501],[0.214514,-0.151416],[0.214071,-0.151232],[0.214068,-0.151579],[0.213857,-0.151863],[0.213547,-0.152136],[0.213016,-0.152494],[0.212588,-0.152616],[0.212684,-0.152911],[0.213042,-0.153598],[0.213307,-0.154004],[0.213802,-0.15434],[0.214108,-0.154594],[0.214326,-0.154908],[0.214588,-0.155244],[0.214776,-0.155731],[0.214823,-0.155977],[0.214726,-0.156154],[0.214764,-0.156331],[0.214943,-0.156558],[0.215512,-0.156786],[0.21586,-0.15695]]]]}},{"type":"Feature","id":78,"properties":{"Clan":"Outer Blood","Name":null},"geometry":{"type":"MultiPolygon","coordinates":[[[[0.215797,-0.156937],[0.215512,-0.156786],[0.214943,-0.156558],[0.214764,-0.156331],[0.214749,-0.156264],[0.214598,-0.156314],[0.214327,-0.156239],[0.214061,-0.15602],[0.213658,-0.155737],[0.213018,-0.155564],[0.212648,-0.155547],[0.212049,-0.155703],[0.211628,-0.155755],[0.211328,-0.155732],[0.210879,-0.155749],[0.210244,-0.155945],[0.209698,-0.156141],[0.209343,-0.156362],[0.209092,-0.15651],[0.208837,-0.156661],[0.208513,-0.156849],[0.208247,-0.157034],[0.20787,-0.157399],[0.207745,-0.157647],[0.207527,-0.158197],[0.207786,-0.158289],[0.208059,-0.158477],[0.20855,-0.158769],[0.209251,-0.15875],[0.209845,-0.15868],[0.210388,-0.158577],[0.210794,-0.158326],[0.211063,-0.157898],[0.211266,-0.157554],[0.211584,-0.157392],[0.212001,-0.157314],[0.212772,-0.157316],[0.212914,-0.157387],[0.213543,-0.157377],[0.213918,-0.157434],[0.214497,-0.157696],[0.214913,-0.158048],[0.21543,-0.158159],[0.215849,-0.158155],[0.215838,-0.157583],[0.215806,-0.157074],[0.215804,-0.157038],[0.215797,-0.156937]]]]}},{"type":"Feature","id":79,"properties":{"Clan":"Outer Blood","Name":null},"geometry":{"type":"MultiPolygon","coordinates":[[[[0.212583,-0.152613],[0.212967,-0.152508],[0.213016,-0.152494],[0.213547,-0.152136],[0.213857,-0.151863],[0.214068,-0.151579],[0.21407,-0.151349],[0.214085,-0.151095],[0.213952,-0.150449],[0.2139,-0.150028],[0.213635,-0.149347],[0.213496,-0.148909],[0.213346,-0.148557],[0.212728,-0.14798],[0.212628,-0.147865],[0.212521,-0.14771],[0.212366,-0.147563],[0.212248,-0.147437],[0.2121,-0.147334],[0.211897,-0.147238],[0.211824,-0.147197],[0.211691,-0.147116],[0.211558,-0.147009],[0.211502,-0.146939],[0.211347,-0.146791],[0.211251,-0.146625],[0.211196,-0.146459],[0.211133,-0.146315],[0.211071,-0.14619],[0.211059,-0.146016],[0.211052,-0.145832],[0.211048,-0.145732],[0.211045,-0.145584],[0.210989,-0.14513],[0.210938,-0.144935],[0.210871,-0.14475],[0.210809,-0.14464],[0.210761,-0.144599],[0.210565,-0.144492],[0.210299,-0.144455],[0.210078,-0.144499],[0.209941,-0.144651],[0.20962,-0.144975],[0.209465,-0.145053],[0.209266,-0.145123],[0.209033,-0.145201],[0.208863,-0.145352],[0.208701,-0.145433],[0.208546,-0.145463],[0.208372,-0.14554],[0.208321,-0.145673],[0.208306,-0.145965],[0.20828,-0.146348],[0.208228,-0.146588],[0.208173,-0.146762],[0.208203,-0.146814],[0.208317,-0.146791],[0.208428,-0.146832],[0.208653,-0.147031],[0.209264,-0.147855],[0.210453,-0.149041],[0.210769,-0.149421],[0.211537,-0.150331],[0.211759,-0.150631],[0.211922,-0.151229],[0.212063,-0.151527],[0.212313,-0.151981],[0.212482,-0.152284],[0.21257,-0.152413],[0.212578,-0.152549],[0.212583,-0.152613]]]]}},{"type":"Feature","id":80,"properties":{"Clan":"Outer Blood","Name":null},"geometry":{"type":"MultiPolygon","coordinates":[[[[0.215743,-0.151586],[0.216018,-0.151344],[0.216081,-0.151263],[0.216234,-0.151137],[0.216378,-0.15102],[0.216568,-0.15092],[0.216793,-0.150839],[0.217072,-0.150641],[0.217189,-0.150488],[0.217243,-0.150371],[0.217397,-0.150182],[0.217622,-0.149983],[0.217856,-0.149749],[0.218109,-0.149461],[0.21828,-0.149145],[0.218496,-0.148893],[0.218622,-0.148569],[0.218793,-0.148262],[0.218884,-0.147938],[0.219001,-0.147622],[0.219082,-0.147109],[0.219253,-0.146946],[0.219442,-0.146649],[0.219559,-0.146451],[0.219677,-0.146163],[0.219758,-0.145982],[0.21992,-0.145721],[0.220028,-0.145559],[0.220073,-0.145397],[0.220289,-0.145018],[0.220109,-0.145009],[0.219947,-0.144964],[0.219839,-0.144577],[0.219334,-0.143901],[0.2191,-0.143549],[0.218559,-0.142603],[0.218127,-0.141918],[0.217451,-0.141143],[0.216883,-0.140585],[0.216324,-0.140215],[0.215838,-0.139837],[0.215658,-0.139557],[0.21563,-0.139035],[0.21554,-0.138584],[0.215414,-0.138188],[0.215369,-0.13853],[0.215279,-0.138908],[0.215207,-0.139107],[0.214982,-0.139476],[0.214639,-0.139765],[0.214333,-0.140179],[0.213954,-0.140738],[0.213711,-0.141017],[0.213261,-0.141206],[0.212882,-0.141396],[0.21208,-0.14172],[0.211792,-0.141846],[0.211828,-0.142369],[0.211936,-0.14281],[0.211792,-0.143216],[0.211582,-0.143461],[0.211349,-0.143615],[0.210988,-0.144099],[0.2108,-0.144341],[0.210569,-0.144494],[0.210761,-0.144599],[0.210809,-0.14464],[0.210871,-0.14475],[0.210938,-0.144935],[0.210989,-0.14513],[0.211045,-0.145584],[0.211048,-0.145732],[0.211052,-0.145832],[0.211059,-0.146016],[0.211071,-0.14619],[0.211133,-0.146315],[0.211196,-0.146459],[0.211251,-0.146625],[0.211347,-0.146791],[0.211502,-0.146939],[0.211558,-0.147009],[0.211691,-0.147116],[0.211824,-0.147197],[0.211897,-0.147238],[0.2121,-0.147334],[0.212248,-0.147437],[0.212366,-0.147563],[0.212521,-0.14771],[0.212628,-0.147865],[0.212728,-0.14798],[0.213346,-0.148557],[0.213496,-0.148909],[0.213635,-0.149347],[0.2139,-0.150028],[0.213952,-0.150449],[0.214085,-0.151095],[0.214077,-0.151234],[0.214514,-0.151416],[0.214817,-0.151501],[0.215127,-0.151568],[0.215577,-0.151608],[0.215743,-0.151586]]]]}},{"type":"Feature","id":81,"properties":{"Clan":"Outer Blood","Name":null},"geometry":{"type":"MultiPolygon","coordinates":[[[[0.215389,-0.165401],[0.215785,-0.165667],[0.216005,-0.165565],[0.216207,-0.165472],[0.216472,-0.165351],[0.216824,-0.165178],[0.217164,-0.164994],[0.217389,-0.164786],[0.217585,-0.164331],[0.217925,-0.163835],[0.21792,-0.163212],[0.217764,-0.162589],[0.217718,-0.162087],[0.217499,-0.161343],[0.217049,-0.160697],[0.216634,-0.160369],[0.21638,-0.160149],[0.216091,-0.159469],[0.215861,-0.1588],[0.215849,-0.158155],[0.21543,-0.158159],[0.214913,-0.158048],[0.214497,-0.157696],[0.213918,-0.157434],[0.213543,-0.157377],[0.212914,-0.157387],[0.212772,-0.157316],[0.212001,-0.157314],[0.211584,-0.157392],[0.211266,-0.157554],[0.211063,-0.157898],[0.210794,-0.158326],[0.210388,-0.158577],[0.209845,-0.15868],[0.209251,-0.15875],[0.20855,-0.158769],[0.208059,-0.158477],[0.207786,-0.158289],[0.207553,-0.158206],[0.207498,-0.158292],[0.207354,-0.158477],[0.207089,-0.158927],[0.206685,-0.159377],[0.206339,-0.159734],[0.206062,-0.160092],[0.20582,-0.160397],[0.205439,-0.16083],[0.205232,-0.160945],[0.204805,-0.161089],[0.20409,-0.161389],[0.203582,-0.161614],[0.203248,-0.161868],[0.20319,-0.162335],[0.203288,-0.162693],[0.203513,-0.163206],[0.203623,-0.163627],[0.204084,-0.164256],[0.204442,-0.164527],[0.204782,-0.164682],[0.205457,-0.164654],[0.20597,-0.164705],[0.206483,-0.164925],[0.206899,-0.165126],[0.207423,-0.165282],[0.207741,-0.165432],[0.208502,-0.165594],[0.209482,-0.165974],[0.209996,-0.165974],[0.210094,-0.166101],[0.210272,-0.165992],[0.211005,-0.165882],[0.211727,-0.165746],[0.212802,-0.165575],[0.213307,-0.165481],[0.213587,-0.165377],[0.213847,-0.165263],[0.213958,-0.165257],[0.21409,-0.165288],[0.214138,-0.165207],[0.214212,-0.165085],[0.214485,-0.164917],[0.214602,-0.164891],[0.214881,-0.164955],[0.215136,-0.165132],[0.215389,-0.165401]]]]}},{"type":"Feature","id":82,"properties":{"Clan":"Outer Blood","Name":null},"geometry":{"type":"MultiPolygon","coordinates":[[[[0.208376,-0.145547],[0.208638,-0.145445],[0.208701,-0.145433],[0.208863,-0.145352],[0.209033,-0.145201],[0.209266,-0.145123],[0.209465,-0.145053],[0.20962,-0.144975],[0.209941,-0.144651],[0.210078,-0.144499],[0.210299,-0.144455],[0.210565,-0.144492],[0.210569,-0.144494],[0.2108,-0.144341],[0.210988,-0.144099],[0.211349,-0.143615],[0.211582,-0.143461],[0.211792,-0.143216],[0.211936,-0.14281],[0.211828,-0.142369],[0.211793,-0.141864],[0.211776,-0.141815],[0.211709,-0.141654],[0.211343,-0.141331],[0.211126,-0.141149],[0.210866,-0.140877],[0.210767,-0.140558],[0.210696,-0.140313],[0.210691,-0.140171],[0.210644,-0.140296],[0.210552,-0.140537],[0.210531,-0.140776],[0.210533,-0.141123],[0.210488,-0.14122],[0.210401,-0.141362],[0.210212,-0.141678],[0.21016,-0.141737],[0.210091,-0.142155],[0.210037,-0.142356],[0.209964,-0.142375],[0.209742,-0.142836],[0.209513,-0.143301],[0.20926,-0.14379],[0.209158,-0.143984],[0.208889,-0.144284],[0.208681,-0.144525],[0.208546,-0.144666],[0.208412,-0.144914],[0.208362,-0.145295],[0.208376,-0.145547]]]]}},{"type":"Feature","id":83,"properties":{"Clan":"Outer Blood","Name":"Idolbridge"},"geometry":{"type":"MultiPolygon","coordinates":[[[[0.209642,-0.143027],[0.2097,-0.14292],[0.209742,-0.142836],[0.209964,-0.142375],[0.210037,-0.142356],[0.210091,-0.142155],[0.210137,-0.141878],[0.210144,-0.141817],[0.209793,-0.141191],[0.209547,-0.140535],[0.20926,-0.139889],[0.209065,-0.139254],[0.208705,-0.138309],[0.208422,-0.137456],[0.208278,-0.136774],[0.208114,-0.136236],[0.208048,-0.135993],[0.207917,-0.135652],[0.207812,-0.135573],[0.207668,-0.135836],[0.207484,-0.136026],[0.207307,-0.136177],[0.207432,-0.136662],[0.207766,-0.137489],[0.208252,-0.138775],[0.208652,-0.139733],[0.208927,-0.140589],[0.209085,-0.141038],[0.209343,-0.141981],[0.209502,-0.142328],[0.209609,-0.142666],[0.209642,-0.143027]]]]}},{"type":"Feature","id":84,"properties":{"Clan":"Outer Blood","Name":null},"geometry":{"type":"MultiPolygon","coordinates":[[[[0.210684,-0.140206],[0.210702,-0.140334],[0.210767,-0.140558],[0.210866,-0.140877],[0.211126,-0.141149],[0.211343,-0.141331],[0.211709,-0.141654],[0.211776,-0.141815],[0.211793,-0.141864],[0.211792,-0.141846],[0.21208,-0.14172],[0.212882,-0.141396],[0.213261,-0.141206],[0.213711,-0.141017],[0.213954,-0.140738],[0.214333,-0.140179],[0.214639,-0.139765],[0.214982,-0.139476],[0.215207,-0.139107],[0.215279,-0.138908],[0.215369,-0.13853],[0.215402,-0.138284],[0.215428,-0.138119],[0.215532,-0.138009],[0.215555,-0.137738],[0.215572,-0.13745],[0.215636,-0.137075],[0.215653,-0.136562],[0.21563,-0.1361],[0.215348,-0.136066],[0.215146,-0.136094],[0.214996,-0.136123],[0.214886,-0.136158],[0.214719,-0.136192],[0.214494,-0.136204],[0.214234,-0.136152],[0.213848,-0.136043],[0.213358,-0.135841],[0.212827,-0.135639],[0.212504,-0.135437],[0.212251,-0.135212],[0.212095,-0.134964],[0.211968,-0.134808],[0.21176,-0.13471],[0.211633,-0.134953],[0.211535,-0.135241],[0.211391,-0.13576],[0.211305,-0.136089],[0.211161,-0.136579],[0.211103,-0.137046],[0.211091,-0.137484],[0.210993,-0.13783],[0.210936,-0.138148],[0.210847,-0.138496],[0.210776,-0.138739],[0.21076,-0.138924],[0.210774,-0.139195],[0.21085,-0.139413],[0.210783,-0.139819],[0.210684,-0.140206]]]]}},{"type":"Feature","id":85,"properties":{"Clan":"Outer Blood","Name":null},"geometry":{"type":"MultiPolygon","coordinates":[[[[0.220286,-0.145017],[0.220419,-0.144888],[0.22043,-0.144738],[0.220406,-0.144591],[0.22041,-0.143959],[0.22042,-0.143658],[0.220468,-0.143447],[0.220516,-0.143318],[0.220586,-0.143267],[0.220678,-0.143137],[0.220778,-0.142982],[0.220892,-0.14292],[0.221077,-0.142982],[0.221276,-0.143141],[0.221439,-0.143462],[0.22156,-0.143577],[0.221619,-0.143661],[0.221653,-0.143765],[0.221649,-0.144053],[0.221608,-0.144348],[0.221619,-0.144496],[0.221708,-0.144499],[0.22176,-0.144414],[0.221808,-0.14427],[0.221822,-0.144149],[0.221819,-0.143986],[0.221797,-0.143853],[0.221797,-0.143673],[0.221745,-0.143506],[0.221671,-0.143292],[0.221619,-0.143182],[0.221586,-0.143078],[0.221546,-0.14289],[0.221512,-0.142783],[0.221258,-0.142274],[0.221095,-0.141956],[0.220955,-0.141491],[0.220937,-0.141236],[0.220878,-0.141048],[0.220527,-0.140694],[0.220283,-0.140417],[0.219826,-0.139874],[0.21901,-0.138339],[0.218825,-0.138044],[0.218612,-0.137415],[0.218468,-0.137006],[0.218439,-0.136625],[0.218456,-0.136279],[0.218381,-0.135829],[0.218266,-0.135529],[0.218006,-0.135166],[0.217758,-0.134912],[0.217614,-0.134549],[0.21747,-0.134393],[0.21732,-0.134307],[0.217268,-0.134399],[0.217251,-0.134514],[0.217228,-0.134566],[0.217101,-0.134595],[0.217055,-0.134658],[0.216968,-0.134837],[0.216916,-0.134993],[0.216893,-0.135079],[0.216864,-0.135252],[0.216835,-0.135443],[0.216778,-0.13565],[0.21672,-0.135864],[0.216611,-0.136094],[0.216559,-0.136227],[0.216524,-0.1364],[0.216512,-0.136637],[0.216501,-0.136717],[0.216443,-0.136775],[0.216357,-0.136815],[0.216334,-0.136954],[0.21627,-0.137219],[0.216172,-0.137352],[0.216057,-0.137507],[0.21551,-0.138033],[0.215428,-0.138119],[0.215416,-0.138194],[0.21554,-0.138584],[0.21563,-0.139035],[0.215658,-0.139557],[0.215838,-0.139837],[0.216324,-0.140215],[0.216883,-0.140585],[0.217451,-0.141143],[0.218127,-0.141918],[0.218559,-0.142603],[0.2191,-0.143549],[0.219334,-0.143901],[0.219839,-0.144577],[0.219947,-0.144964],[0.220109,-0.145009],[0.220228,-0.145015],[0.220286,-0.145017]]]]}},{"type":"Feature","id":86,"properties":{"Clan":"Outer Blood","Name":null},"geometry":{"type":"MultiPolygon","coordinates":[[[[0.196103,-0.166591],[0.196229,-0.167078],[0.196148,-0.16751],[0.195734,-0.16833],[0.195301,-0.168862],[0.194823,-0.169285],[0.194661,-0.169682],[0.194544,-0.17025],[0.1944,-0.170502],[0.194058,-0.17088],[0.194003,-0.171088],[0.193913,-0.171421],[0.19385,-0.172133],[0.193886,-0.172755],[0.193967,-0.173106],[0.194067,-0.173656],[0.194229,-0.173737],[0.1944,-0.173692],[0.194733,-0.173602],[0.195076,-0.173268],[0.195418,-0.172971],[0.195598,-0.172601],[0.195788,-0.17225],[0.196121,-0.171935],[0.196409,-0.171601],[0.196626,-0.171358],[0.197013,-0.170871],[0.197392,-0.170592],[0.197554,-0.170241],[0.197527,-0.170042],[0.197455,-0.169754],[0.197563,-0.169475],[0.197725,-0.169096],[0.197815,-0.168844],[0.197914,-0.168519],[0.197986,-0.16806],[0.19805,-0.167744],[0.198059,-0.167465],[0.197959,-0.166852],[0.197887,-0.166555],[0.197806,-0.166339],[0.197608,-0.166149],[0.19741,-0.16605],[0.197284,-0.166041],[0.197148,-0.166068],[0.196977,-0.166131],[0.196806,-0.166176],[0.196725,-0.166185],[0.196518,-0.166249],[0.196274,-0.16642],[0.196103,-0.166591]]]]}},{"type":"Feature","id":87,"properties":{"Clan":"Outer Blood","Name":null},"geometry":{"type":"MultiPolygon","coordinates":[[[[0.19335,-0.165734],[0.193483,-0.165708],[0.193701,-0.165671],[0.194147,-0.16566],[0.194509,-0.165704],[0.194697,-0.16587],[0.194841,-0.165959],[0.195192,-0.166003],[0.195416,-0.165968],[0.195554,-0.165986],[0.195635,-0.166015],[0.195583,-0.165917],[0.195526,-0.165807],[0.195353,-0.165432],[0.195093,-0.165069],[0.19477,-0.164884],[0.194453,-0.164792],[0.19417,-0.164803],[0.193899,-0.164948],[0.193692,-0.165138],[0.19349,-0.165374],[0.193398,-0.165588],[0.19335,-0.165734]]]]}},{"type":"Feature","id":88,"properties":{"Clan":"Outer Blood","Name":null},"geometry":{"type":"MultiPolygon","coordinates":[[[[0.196099,-0.166596],[0.195885,-0.166764],[0.19563,-0.166926],[0.195391,-0.167036],[0.19497,-0.167208],[0.194684,-0.167266],[0.194447,-0.167348],[0.194039,-0.167497],[0.193936,-0.167569],[0.193759,-0.167736],[0.193566,-0.167993],[0.193489,-0.168209],[0.193469,-0.168494],[0.193496,-0.168704],[0.193541,-0.168855],[0.193565,-0.169081],[0.193614,-0.16928],[0.19361,-0.169563],[0.193658,-0.169694],[0.193729,-0.169815],[0.193842,-0.170119],[0.193923,-0.170322],[0.193961,-0.170529],[0.193998,-0.170751],[0.194039,-0.170847],[0.194065,-0.170872],[0.1944,-0.170502],[0.194544,-0.17025],[0.194661,-0.169682],[0.194823,-0.169285],[0.195301,-0.168862],[0.195734,-0.16833],[0.196148,-0.16751],[0.196229,-0.167078],[0.196167,-0.166837],[0.196099,-0.166596]]]]}},{"type":"Feature","id":89,"properties":{"Clan":"Outer Blood","Name":null},"geometry":{"type":"MultiPolygon","coordinates":[[[[0.213806,-0.169064],[0.213798,-0.168964],[0.213712,-0.168711],[0.213707,-0.167991],[0.213717,-0.167504],[0.213838,-0.166991],[0.213832,-0.166511],[0.213871,-0.166089],[0.213913,-0.165771],[0.21409,-0.165288],[0.213958,-0.165257],[0.213847,-0.165263],[0.213587,-0.165377],[0.213307,-0.165481],[0.212802,-0.165575],[0.211727,-0.165746],[0.211005,-0.165882],[0.210272,-0.165992],[0.210172,-0.166053],[0.209652,-0.16646],[0.209454,-0.166927],[0.209424,-0.167261],[0.209323,-0.167667],[0.209906,-0.167945],[0.210326,-0.168082],[0.210499,-0.16828],[0.210757,-0.168858],[0.210964,-0.169161],[0.212495,-0.169171],[0.212687,-0.1692],[0.213105,-0.169249],[0.213543,-0.169138],[0.213806,-0.169064]]]]}},{"type":"Feature","id":90,"properties":{"Clan":"Outer Blood","Name":null},"geometry":{"type":"MultiPolygon","coordinates":[[[[0.214218,-0.171234],[0.214448,-0.171396],[0.214666,-0.171536],[0.214753,-0.171604],[0.214902,-0.171685],[0.214857,-0.171442],[0.214633,-0.171088],[0.21437,-0.170721],[0.214156,-0.170462],[0.214078,-0.170231],[0.214065,-0.169978],[0.214039,-0.169677],[0.214069,-0.169622],[0.213913,-0.169378],[0.213845,-0.169174],[0.213793,-0.169067],[0.213543,-0.169138],[0.213105,-0.169249],[0.212687,-0.1692],[0.212495,-0.169171],[0.210964,-0.169161],[0.210757,-0.168858],[0.210499,-0.16828],[0.210326,-0.168082],[0.209906,-0.167945],[0.209323,-0.167667],[0.209222,-0.167841],[0.208965,-0.168205],[0.208512,-0.16863],[0.208109,-0.168867],[0.207474,-0.169085],[0.207331,-0.169109],[0.207101,-0.169228],[0.206405,-0.169196],[0.205343,-0.169037],[0.204599,-0.169045],[0.2045,-0.169139],[0.204693,-0.169329],[0.20491,-0.169529],[0.20507,-0.16972],[0.205194,-0.169826],[0.205325,-0.169882],[0.205421,-0.170023],[0.205471,-0.170204],[0.205641,-0.170394],[0.205715,-0.170566],[0.205725,-0.170809],[0.205738,-0.171075],[0.20555,-0.171692],[0.205303,-0.17184],[0.205043,-0.172038],[0.204634,-0.172211],[0.204709,-0.172496],[0.204894,-0.172843],[0.205241,-0.173177],[0.205402,-0.173313],[0.205711,-0.173399],[0.205946,-0.173412],[0.206144,-0.173313],[0.206379,-0.173115],[0.206664,-0.172991],[0.207048,-0.172843],[0.207505,-0.172855],[0.207852,-0.172904],[0.208347,-0.173016],[0.208594,-0.173078],[0.209077,-0.17335],[0.209609,-0.173808],[0.21003,-0.174179],[0.210463,-0.174439],[0.210946,-0.174637],[0.211453,-0.174959],[0.212035,-0.175095],[0.212443,-0.17512],[0.212901,-0.175045],[0.21326,-0.174835],[0.213532,-0.174476],[0.213866,-0.174315],[0.21399,-0.174018],[0.2142,-0.173511],[0.214275,-0.17309],[0.214361,-0.172558],[0.214402,-0.172426],[0.214427,-0.172203],[0.214396,-0.171995],[0.214376,-0.171767],[0.214326,-0.171585],[0.214218,-0.171234]]]]}},{"type":"Feature","id":91,"properties":{"Clan":"Outer Blood","Name":null},"geometry":{"type":"MultiPolygon","coordinates":[[[[0.204514,-0.169124],[0.204449,-0.169063],[0.204238,-0.168835],[0.203773,-0.16843],[0.202799,-0.167423],[0.202252,-0.167692],[0.201907,-0.16789],[0.201577,-0.167966],[0.20139,-0.168098],[0.201045,-0.16825],[0.200832,-0.168386],[0.201167,-0.168721],[0.201537,-0.169182],[0.201816,-0.169628],[0.2021,-0.169816],[0.202409,-0.169948],[0.202951,-0.170084],[0.203392,-0.170561],[0.20395,-0.171413],[0.204377,-0.171809],[0.204666,-0.172198],[0.205043,-0.172038],[0.205303,-0.17184],[0.20555,-0.171692],[0.205738,-0.171075],[0.205725,-0.170809],[0.205715,-0.170566],[0.205641,-0.170394],[0.205471,-0.170204],[0.205421,-0.170023],[0.205325,-0.169882],[0.205194,-0.169826],[0.20507,-0.16972],[0.20491,-0.169529],[0.204693,-0.169329],[0.204562,-0.169201],[0.204514,-0.169124]]]]}},{"type":"Feature","id":92,"properties":{"Clan":"Outer Blood","Name":null},"geometry":{"type":"MultiPolygon","coordinates":[[[[0.200828,-0.16839],[0.2011,-0.168225],[0.20139,-0.168098],[0.201577,-0.167966],[0.201907,-0.16789],[0.202252,-0.167692],[0.202773,-0.167436],[0.203036,-0.16724],[0.203308,-0.166903],[0.203422,-0.166394],[0.203461,-0.165203],[0.203555,-0.164992],[0.203742,-0.164714],[0.203889,-0.164347],[0.204077,-0.164246],[0.203623,-0.163627],[0.203513,-0.163206],[0.203288,-0.162693],[0.203192,-0.162343],[0.202923,-0.162487],[0.202759,-0.162923],[0.202668,-0.163309],[0.202394,-0.163982],[0.202236,-0.164329],[0.202118,-0.164702],[0.202014,-0.16492],[0.201877,-0.165134],[0.201615,-0.165421],[0.201208,-0.165653],[0.20098,-0.16578],[0.200513,-0.166141],[0.200255,-0.166338],[0.199861,-0.166542],[0.199448,-0.166475],[0.198922,-0.166467],[0.198916,-0.166801],[0.199039,-0.167152],[0.199329,-0.167499],[0.199846,-0.167962],[0.200407,-0.16839],[0.200828,-0.16839]]]]}},{"type":"Feature","id":93,"properties":{"Clan":"Outer Blood","Name":null},"geometry":{"type":"MultiPolygon","coordinates":[[[[0.207237,-0.165227],[0.206899,-0.165126],[0.206483,-0.164925],[0.20597,-0.164705],[0.205457,-0.164654],[0.204782,-0.164682],[0.204442,-0.164527],[0.204084,-0.164256],[0.204077,-0.164246],[0.203889,-0.164347],[0.203742,-0.164714],[0.203555,-0.164992],[0.203461,-0.165203],[0.203422,-0.166394],[0.203308,-0.166903],[0.203036,-0.16724],[0.202773,-0.167436],[0.202799,-0.167423],[0.203773,-0.16843],[0.204238,-0.168835],[0.204449,-0.169063],[0.204514,-0.169124],[0.204515,-0.169125],[0.204599,-0.169045],[0.205343,-0.169037],[0.206405,-0.169196],[0.207101,-0.169228],[0.207331,-0.169109],[0.207474,-0.169085],[0.208109,-0.168867],[0.208512,-0.16863],[0.208965,-0.168205],[0.209222,-0.167841],[0.209323,-0.167667],[0.209323,-0.167667],[0.209424,-0.167261],[0.209454,-0.166927],[0.209652,-0.16646],[0.210172,-0.166053],[0.210094,-0.166101],[0.209996,-0.165974],[0.209482,-0.165974],[0.208502,-0.165594],[0.207741,-0.165432],[0.207423,-0.165282],[0.207337,-0.165257],[0.207315,-0.16525],[0.207311,-0.165249],[0.207301,-0.165246],[0.207273,-0.165238],[0.207259,-0.165233],[0.207237,-0.165227]]]]}},{"type":"Feature","id":94,"properties":{"Clan":"Werebrand","Name":null},"geometry":{"type":"MultiPolygon","coordinates":[[[[0.173026,-0.231457],[0.173019,-0.230896],[0.17272,-0.230424],[0.172487,-0.230294],[0.172209,-0.230121],[0.171763,-0.229856],[0.17156,-0.22979],[0.171377,-0.22969],[0.171257,-0.22956],[0.171041,-0.229339],[0.170823,-0.229369],[0.170708,-0.229462],[0.17062,-0.22954],[0.170613,-0.230239],[0.170718,-0.230384],[0.170926,-0.23059],[0.171064,-0.230698],[0.17131,-0.2308],[0.17149,-0.23088],[0.171635,-0.230948],[0.171813,-0.231099],[0.171926,-0.231146],[0.171979,-0.231241],[0.172104,-0.231332],[0.172199,-0.231374],[0.172407,-0.231414],[0.172588,-0.231447],[0.172735,-0.231484],[0.172801,-0.231518],[0.172846,-0.231548],[0.172905,-0.231533],[0.172965,-0.231511],[0.173026,-0.231457]]]]}},{"type":"Feature","id":95,"properties":{"Clan":"Werebrand","Name":null},"geometry":{"type":"MultiPolygon","coordinates":[[[[0.16615,-0.234183],[0.166333,-0.234093],[0.166463,-0.234018],[0.166626,-0.233943],[0.166776,-0.233878],[0.166927,-0.23384],[0.167097,-0.233762],[0.167105,-0.233619],[0.166746,-0.233577],[0.166641,-0.233331],[0.166586,-0.233106],[0.16643,-0.232625],[0.1662,-0.231935],[0.165739,-0.231565],[0.164992,-0.23154],[0.164746,-0.231289],[0.164298,-0.230963],[0.16423,-0.23087],[0.163925,-0.230943],[0.163599,-0.231048],[0.163296,-0.231159],[0.16308,-0.231291],[0.162787,-0.231517],[0.162586,-0.231773],[0.162511,-0.231971],[0.162366,-0.232286],[0.162362,-0.232634],[0.162409,-0.232826],[0.16246,-0.233065],[0.16257,-0.233351],[0.162707,-0.233652],[0.162789,-0.233695],[0.162817,-0.23357],[0.162867,-0.233484],[0.162914,-0.233402],[0.163071,-0.233245],[0.163208,-0.233229],[0.1636,-0.233257],[0.163944,-0.233198],[0.164301,-0.23312],[0.164473,-0.232998],[0.16461,-0.232908],[0.1649,-0.232799],[0.16506,-0.232924],[0.165346,-0.233362],[0.165612,-0.233781],[0.16582,-0.233997],[0.165953,-0.234106],[0.16615,-0.234183]]]]}},{"type":"Feature","id":96,"properties":{"Clan":"Werebrand","Name":null},"geometry":{"type":"MultiPolygon","coordinates":[[[[0.176343,-0.237402],[0.176321,-0.237325],[0.176161,-0.237415],[0.176059,-0.237517],[0.175687,-0.237623],[0.175448,-0.237709],[0.175225,-0.237752],[0.175119,-0.237791],[0.174963,-0.237869],[0.174892,-0.237901],[0.174775,-0.237944],[0.174622,-0.237987],[0.17452,-0.238002],[0.174426,-0.238002],[0.174313,-0.237983],[0.174195,-0.237951],[0.174089,-0.237912],[0.174046,-0.237885],[0.174019,-0.237857],[0.173992,-0.237807],[0.173909,-0.23774],[0.173674,-0.237568],[0.173475,-0.237351],[0.173427,-0.237268],[0.173331,-0.237153],[0.173263,-0.237056],[0.173074,-0.236958],[0.172884,-0.236915],[0.172743,-0.23689],[0.172645,-0.236817],[0.172346,-0.23667],[0.172082,-0.236578],[0.171905,-0.236523],[0.171746,-0.236315],[0.171428,-0.236511],[0.17081,-0.236799],[0.170229,-0.237049],[0.169807,-0.237257],[0.169513,-0.237361],[0.169287,-0.237429],[0.168864,-0.237551],[0.168546,-0.237759],[0.168338,-0.237802],[0.168136,-0.237949],[0.167781,-0.238077],[0.16758,-0.238126],[0.167702,-0.238255],[0.168155,-0.238353],[0.168552,-0.238414],[0.168864,-0.238524],[0.169207,-0.238689],[0.169397,-0.238842],[0.169996,-0.239289],[0.170369,-0.23949],[0.1707,-0.23957],[0.170951,-0.239595],[0.172082,-0.239595],[0.172266,-0.239533],[0.172762,-0.239448],[0.173043,-0.239393],[0.173153,-0.239319],[0.173263,-0.239197],[0.173502,-0.23905],[0.173733,-0.238969],[0.17432,-0.238723],[0.175104,-0.238738],[0.175229,-0.238797],[0.175562,-0.238923],[0.175898,-0.239091],[0.176169,-0.239177],[0.176368,-0.239236],[0.176372,-0.23918],[0.176343,-0.237402]]]]}},{"type":"Feature","id":97,"properties":{"Clan":"Werebrand","Name":null},"geometry":{"type":"MultiPolygon","coordinates":[[[[0.176326,-0.237322],[0.176368,-0.239259],[0.176388,-0.24014],[0.176388,-0.240254],[0.176447,-0.240477],[0.176619,-0.240814],[0.17677,-0.241065],[0.176888,-0.24122],[0.176918,-0.241393],[0.176885,-0.241528],[0.177031,-0.241651],[0.177134,-0.241928],[0.177164,-0.242541],[0.177164,-0.243273],[0.177164,-0.24387],[0.177253,-0.244079],[0.177597,-0.244482],[0.177985,-0.245155],[0.178314,-0.245677],[0.178613,-0.245827],[0.17915,-0.245976],[0.179957,-0.245812],[0.180345,-0.245707],[0.180928,-0.24514],[0.181182,-0.244453],[0.181211,-0.243989],[0.181197,-0.243497],[0.181122,-0.243004],[0.180838,-0.242361],[0.180509,-0.241689],[0.180569,-0.241271],[0.180659,-0.240644],[0.180524,-0.240076],[0.180405,-0.239434],[0.180031,-0.238956],[0.179748,-0.238508],[0.179554,-0.237925],[0.179434,-0.237417],[0.179568,-0.236925],[0.179539,-0.236058],[0.179464,-0.235476],[0.179404,-0.234998],[0.179718,-0.23413],[0.179919,-0.233604],[0.180358,-0.232782],[0.180569,-0.232179],[0.180693,-0.231539],[0.180569,-0.230879],[0.180349,-0.230201],[0.180263,-0.229732],[0.18036,-0.229353],[0.180268,-0.228337],[0.17984,-0.227267],[0.179277,-0.226612],[0.178904,-0.226117],[0.178965,-0.226429],[0.178916,-0.226643],[0.178776,-0.226918],[0.178623,-0.227475],[0.178586,-0.227872],[0.178598,-0.228484],[0.178598,-0.229475],[0.178592,-0.229683],[0.178641,-0.230063],[0.178763,-0.230681],[0.178745,-0.231115],[0.178543,-0.231831],[0.178415,-0.23243],[0.178378,-0.23306],[0.178298,-0.233721],[0.178152,-0.234143],[0.177913,-0.234504],[0.177668,-0.23481],[0.177417,-0.235436],[0.177281,-0.23581],[0.17711,-0.236222],[0.177089,-0.236313],[0.176918,-0.236598],[0.176809,-0.236784],[0.176614,-0.237004],[0.176523,-0.237146],[0.176326,-0.237322]]]]}},{"type":"Feature","id":98,"properties":{"Clan":"Werebrand","Name":null},"geometry":{"type":"MultiPolygon","coordinates":[[[[0.178904,-0.226114],[0.178717,-0.225962],[0.178362,-0.225837],[0.177989,-0.225763],[0.177776,-0.225672],[0.17757,-0.225624],[0.177358,-0.225532],[0.177202,-0.225407],[0.176918,-0.225205],[0.176767,-0.225056],[0.17657,-0.224937],[0.17648,-0.224967],[0.176464,-0.225053],[0.176532,-0.225175],[0.176593,-0.225259],[0.176689,-0.225403],[0.176969,-0.225732],[0.177097,-0.225881],[0.17723,-0.22614],[0.177324,-0.226356],[0.177365,-0.22656],[0.177377,-0.226759],[0.177353,-0.226891],[0.177318,-0.227138],[0.17721,-0.227454],[0.17715,-0.227833],[0.177115,-0.228038],[0.17712,-0.228241],[0.177098,-0.228538],[0.176907,-0.228877],[0.176778,-0.229085],[0.176642,-0.22932],[0.176647,-0.229708],[0.176684,-0.229795],[0.176702,-0.229899],[0.176726,-0.230092],[0.176731,-0.230198],[0.176734,-0.230322],[0.176749,-0.230488],[0.176734,-0.230673],[0.176714,-0.23079],[0.176699,-0.231012],[0.176704,-0.231188],[0.176702,-0.231282],[0.17667,-0.231388],[0.176618,-0.231566],[0.176526,-0.231717],[0.176491,-0.231834],[0.176474,-0.232022],[0.176457,-0.232103],[0.176477,-0.232281],[0.176509,-0.232524],[0.176563,-0.232667],[0.176687,-0.232846],[0.176677,-0.232949],[0.176672,-0.233088],[0.176593,-0.233281],[0.176459,-0.233462],[0.176036,-0.23388],[0.175969,-0.233924],[0.175799,-0.234112],[0.175527,-0.234379],[0.175395,-0.234511],[0.175296,-0.234647],[0.175123,-0.234751],[0.174943,-0.234825],[0.174453,-0.23502],[0.174111,-0.235146],[0.173785,-0.235273],[0.173471,-0.235329],[0.172899,-0.235322],[0.17254,-0.235255],[0.17207,-0.235137],[0.171823,-0.235297],[0.171741,-0.235562],[0.171739,-0.235896],[0.171771,-0.236208],[0.171751,-0.236321],[0.171905,-0.236523],[0.172082,-0.236578],[0.172346,-0.23667],[0.172645,-0.236817],[0.172743,-0.23689],[0.172884,-0.236915],[0.173074,-0.236958],[0.173263,-0.237056],[0.173331,-0.237153],[0.173427,-0.237268],[0.173475,-0.237351],[0.173674,-0.237568],[0.173909,-0.23774],[0.173992,-0.237807],[0.174019,-0.237857],[0.174046,-0.237885],[0.174089,-0.237912],[0.174195,-0.237951],[0.174313,-0.237983],[0.174426,-0.238002],[0.17452,-0.238002],[0.174622,-0.237987],[0.174775,-0.237944],[0.174892,-0.237901],[0.174963,-0.237869],[0.175119,-0.237791],[0.175225,-0.237752],[0.175448,-0.237709],[0.175687,-0.237623],[0.176059,-0.237517],[0.176161,-0.237415],[0.176321,-0.237325],[0.176326,-0.237343],[0.176326,-0.237322],[0.176523,-0.237146],[0.176614,-0.237004],[0.176809,-0.236784],[0.176918,-0.236598],[0.177089,-0.236313],[0.17711,-0.236222],[0.177281,-0.23581],[0.177417,-0.235436],[0.177668,-0.23481],[0.177913,-0.234504],[0.178152,-0.234143],[0.178298,-0.233721],[0.178378,-0.23306],[0.178415,-0.23243],[0.178543,-0.231831],[0.178745,-0.231115],[0.178763,-0.230681],[0.178641,-0.230063],[0.178592,-0.229683],[0.178598,-0.229475],[0.178598,-0.228484],[0.178586,-0.227872],[0.178623,-0.227475],[0.178776,-0.226918],[0.178916,-0.226643],[0.178965,-0.226429],[0.178944,-0.226318],[0.178904,-0.226114]]]]}},{"type":"Feature","id":99,"properties":{"Clan":"Werebrand","Name":null},"geometry":{"type":"MultiPolygon","coordinates":[[[[0.178734,-0.24586],[0.178613,-0.245827],[0.178314,-0.245677],[0.177985,-0.245155],[0.177597,-0.244482],[0.177253,-0.244079],[0.177164,-0.24387],[0.177164,-0.243273],[0.177164,-0.242541],[0.177134,-0.241928],[0.177031,-0.241651],[0.176885,-0.241528],[0.176263,-0.242375],[0.176043,-0.242553],[0.175332,-0.242928],[0.174377,-0.243183],[0.173151,-0.243631],[0.172079,-0.243998],[0.170516,-0.244544],[0.170295,-0.244691],[0.170428,-0.244898],[0.170664,-0.245178],[0.17087,-0.245606],[0.170959,-0.246431],[0.170973,-0.247021],[0.170932,-0.247245],[0.170895,-0.247331],[0.170878,-0.247435],[0.170925,-0.247603],[0.170962,-0.247727],[0.170967,-0.247848],[0.170927,-0.247947],[0.171093,-0.248036],[0.171227,-0.248046],[0.171316,-0.248093],[0.171425,-0.248138],[0.171563,-0.248202],[0.171704,-0.248259],[0.171904,-0.248289],[0.172028,-0.248299],[0.172167,-0.248336],[0.172456,-0.248425],[0.172632,-0.248504],[0.17284,-0.248546],[0.173015,-0.2486],[0.173374,-0.248692],[0.17352,-0.248769],[0.173681,-0.248853],[0.17397,-0.24884],[0.174252,-0.248786],[0.174554,-0.248692],[0.17476,-0.248655],[0.174953,-0.248583],[0.17523,-0.248516],[0.175611,-0.248499],[0.175705,-0.248504],[0.175826,-0.248482],[0.17591,-0.24843],[0.175955,-0.248358],[0.176002,-0.248294],[0.176073,-0.248239],[0.176187,-0.248162],[0.176358,-0.248021],[0.17659,-0.247883],[0.176709,-0.247814],[0.176798,-0.247727],[0.176907,-0.247638],[0.176986,-0.247593],[0.177133,-0.247447],[0.177214,-0.247342],[0.177295,-0.247217],[0.17736,-0.247091],[0.17741,-0.247009],[0.177516,-0.246858],[0.177589,-0.246786],[0.177694,-0.246689],[0.177739,-0.246633],[0.177854,-0.246566],[0.177964,-0.246494],[0.178087,-0.246432],[0.178238,-0.246336],[0.178311,-0.246296],[0.178403,-0.246219],[0.178472,-0.246156],[0.178554,-0.246086],[0.178638,-0.245989],[0.178734,-0.24586]]]]}},{"type":"Feature","id":100,"properties":{"Clan":"Werebrand","Name":null},"geometry":{"type":"MultiPolygon","coordinates":[[[[0.167579,-0.238127],[0.168163,-0.237929],[0.168338,-0.237802],[0.168546,-0.237759],[0.168864,-0.237551],[0.169287,-0.237429],[0.169513,-0.237361],[0.169807,-0.237257],[0.170229,-0.237049],[0.17081,-0.236799],[0.171428,-0.236511],[0.171746,-0.236315],[0.171751,-0.236321],[0.171771,-0.236208],[0.171739,-0.235896],[0.171741,-0.235562],[0.171823,-0.235297],[0.172069,-0.235138],[0.171975,-0.23501],[0.17187,-0.23489],[0.17163,-0.23472],[0.171495,-0.234614],[0.171415,-0.234549],[0.171335,-0.234454],[0.17131,-0.234414],[0.1713,-0.234284],[0.17125,-0.234239],[0.17117,-0.234224],[0.17109,-0.234224],[0.171045,-0.234149],[0.171009,-0.234049],[0.170974,-0.233944],[0.170944,-0.233879],[0.170909,-0.233809],[0.170864,-0.233709],[0.170854,-0.233664],[0.170849,-0.233589],[0.170889,-0.233513],[0.170919,-0.233478],[0.170754,-0.233423],[0.170519,-0.233438],[0.170144,-0.233508],[0.169693,-0.233584],[0.169438,-0.233659],[0.168973,-0.233764],[0.168582,-0.234084],[0.168372,-0.234344],[0.168069,-0.234578],[0.167763,-0.234883],[0.167646,-0.235026],[0.167478,-0.235178],[0.167163,-0.235311],[0.166997,-0.235399],[0.166896,-0.235498],[0.166826,-0.235496],[0.166802,-0.235559],[0.166691,-0.23558],[0.166396,-0.235547],[0.166332,-0.235574],[0.16623,-0.235506],[0.166189,-0.235463],[0.166097,-0.235406],[0.165951,-0.235348],[0.165918,-0.23532],[0.165855,-0.235301],[0.165763,-0.235305],[0.165771,-0.23533],[0.165709,-0.235365],[0.165638,-0.235369],[0.165578,-0.235326],[0.165494,-0.235283],[0.165318,-0.235268],[0.165093,-0.235264],[0.164847,-0.235294],[0.164643,-0.235346],[0.164482,-0.235363],[0.164463,-0.235436],[0.164463,-0.235515],[0.164481,-0.235601],[0.164521,-0.235679],[0.164612,-0.235785],[0.164667,-0.23586],[0.164679,-0.23597],[0.164713,-0.236166],[0.164791,-0.236387],[0.16491,-0.236596],[0.164962,-0.236785],[0.165012,-0.236964],[0.165178,-0.237405],[0.165232,-0.237563],[0.165344,-0.237673],[0.165462,-0.237716],[0.165579,-0.237742],[0.165777,-0.237826],[0.166018,-0.238027],[0.166187,-0.238131],[0.166349,-0.238199],[0.166515,-0.238199],[0.166752,-0.238205],[0.16696,-0.2382],[0.167053,-0.238207],[0.167141,-0.238169],[0.167215,-0.238171],[0.16732,-0.238169],[0.167445,-0.238126],[0.167509,-0.238123],[0.167579,-0.238127]]]]}},{"type":"Feature","id":101,"properties":{"Clan":"Werebrand","Name":null},"geometry":{"type":"MultiPolygon","coordinates":[[[[0.171276,-0.244281],[0.171003,-0.244176],[0.170596,-0.244176],[0.170358,-0.244076],[0.170141,-0.244021],[0.169939,-0.243941],[0.16971,-0.243904],[0.169582,-0.243862],[0.169502,-0.243818],[0.169405,-0.243801],[0.169235,-0.243661],[0.168891,-0.243521],[0.168693,-0.243417],[0.168583,-0.243411],[0.168225,-0.243322],[0.168104,-0.243313],[0.16788,-0.243267],[0.167748,-0.243244],[0.167655,-0.243205],[0.167473,-0.243019],[0.167365,-0.242915],[0.167158,-0.242679],[0.167062,-0.242557],[0.166741,-0.242196],[0.166615,-0.242048],[0.166396,-0.241904],[0.166204,-0.241795],[0.165749,-0.241559],[0.165639,-0.241482],[0.165624,-0.241409],[0.165526,-0.241316],[0.165341,-0.241174],[0.165159,-0.241047],[0.164826,-0.240783],[0.164576,-0.240517],[0.164288,-0.240376],[0.164131,-0.240302],[0.163978,-0.240464],[0.163888,-0.24074],[0.163623,-0.24104],[0.163328,-0.241305],[0.162942,-0.24157],[0.162797,-0.241671],[0.162482,-0.241896],[0.162267,-0.242036],[0.162227,-0.242126],[0.162182,-0.242356],[0.162177,-0.242566],[0.162187,-0.242822],[0.162202,-0.243067],[0.162312,-0.243332],[0.162455,-0.243431],[0.162806,-0.24354],[0.163377,-0.243658],[0.164026,-0.243814],[0.164433,-0.243939],[0.165058,-0.244088],[0.166247,-0.24487],[0.167146,-0.245495],[0.167257,-0.245542],[0.167628,-0.245529],[0.167891,-0.245414],[0.168285,-0.245199],[0.168618,-0.245045],[0.169005,-0.244869],[0.169121,-0.244748],[0.169467,-0.244619],[0.16971,-0.244562],[0.169921,-0.244527],[0.170043,-0.244552],[0.170316,-0.244678],[0.170516,-0.244544],[0.171125,-0.244331],[0.171276,-0.244281]]]]}},{"type":"Feature","id":102,"properties":{"Clan":"Werebrand","Name":null},"geometry":{"type":"MultiPolygon","coordinates":[[[[0.164133,-0.240303],[0.164289,-0.240376],[0.164579,-0.240517],[0.16483,-0.240784],[0.165165,-0.24105],[0.165349,-0.241178],[0.165535,-0.24132],[0.165634,-0.241413],[0.165649,-0.241487],[0.16576,-0.241564],[0.166218,-0.241801],[0.16641,-0.24191],[0.166631,-0.242055],[0.166758,-0.242204],[0.167081,-0.242566],[0.167178,-0.242689],[0.167386,-0.242926],[0.167495,-0.24303],[0.167678,-0.243217],[0.167772,-0.243256],[0.167904,-0.243279],[0.16813,-0.243325],[0.168251,-0.243334],[0.168611,-0.243423],[0.168722,-0.243429],[0.168921,-0.243533],[0.169267,-0.243674],[0.169439,-0.243814],[0.169536,-0.243831],[0.169617,-0.243876],[0.169745,-0.243918],[0.169976,-0.243954],[0.170179,-0.244035],[0.170397,-0.24409],[0.170637,-0.24419],[0.171046,-0.244189],[0.171318,-0.244293],[0.172128,-0.24401],[0.173205,-0.243639],[0.174437,-0.243187],[0.175397,-0.242929],[0.176112,-0.242551],[0.176333,-0.242372],[0.176958,-0.24152],[0.17699,-0.241384],[0.17696,-0.24121],[0.176841,-0.241054],[0.176689,-0.240802],[0.176515,-0.240463],[0.176456,-0.240239],[0.176456,-0.240125],[0.176435,-0.239239],[0.176435,-0.239215],[0.176234,-0.239157],[0.175963,-0.23907],[0.175624,-0.238901],[0.175289,-0.238776],[0.175163,-0.238717],[0.174375,-0.238702],[0.173785,-0.238951],[0.173553,-0.239032],[0.173313,-0.23918],[0.173202,-0.239303],[0.173092,-0.239377],[0.172809,-0.239433],[0.17231,-0.239519],[0.172126,-0.239581],[0.170988,-0.239583],[0.170736,-0.239558],[0.170403,-0.239479],[0.170028,-0.239276],[0.169424,-0.238828],[0.169233,-0.238674],[0.168889,-0.238508],[0.168575,-0.238398],[0.168175,-0.238337],[0.167719,-0.238239],[0.167596,-0.23811],[0.167596,-0.23811],[0.167526,-0.238107],[0.167461,-0.23811],[0.167336,-0.238154],[0.16723,-0.238156],[0.167155,-0.238153],[0.167067,-0.238192],[0.166973,-0.238185],[0.166764,-0.23819],[0.166526,-0.238184],[0.166359,-0.238185],[0.166196,-0.238116],[0.166026,-0.238012],[0.165783,-0.237811],[0.165706,-0.237778],[0.165649,-0.237875],[0.165628,-0.238077],[0.16563,-0.238186],[0.165627,-0.238299],[0.165646,-0.238394],[0.165597,-0.238513],[0.165537,-0.238621],[0.165359,-0.238836],[0.165262,-0.238993],[0.16481,-0.239448],[0.164667,-0.239629],[0.164495,-0.239846],[0.164307,-0.240084],[0.164133,-0.240303]]]]}},{"type":"Feature","id":103,"properties":{"Clan":"Werebrand","Name":null},"geometry":{"type":"MultiPolygon","coordinates":[[[[0.170934,-0.247941],[0.170967,-0.247848],[0.170962,-0.247727],[0.170925,-0.247603],[0.170878,-0.247435],[0.170895,-0.247331],[0.170932,-0.247245],[0.170973,-0.247021],[0.170959,-0.246431],[0.17087,-0.245606],[0.170664,-0.245178],[0.170428,-0.244898],[0.170295,-0.244691],[0.170316,-0.244678],[0.170043,-0.244552],[0.169921,-0.244527],[0.16971,-0.244562],[0.169467,-0.244619],[0.169121,-0.244748],[0.169005,-0.244869],[0.168618,-0.245045],[0.168285,-0.245199],[0.167891,-0.245414],[0.167628,-0.245529],[0.167257,-0.245542],[0.167146,-0.245495],[0.166247,-0.24487],[0.165058,-0.244088],[0.164433,-0.243939],[0.164026,-0.243814],[0.163377,-0.243658],[0.162806,-0.24354],[0.162455,-0.243431],[0.162438,-0.243419],[0.162388,-0.24379],[0.162363,-0.244283],[0.162318,-0.244511],[0.162286,-0.244946],[0.162162,-0.245324],[0.16211,-0.245442],[0.16206,-0.245548],[0.162013,-0.245636],[0.161904,-0.245679],[0.16169,-0.245627],[0.161744,-0.245767],[0.161873,-0.245858],[0.162144,-0.245977],[0.162396,-0.246024],[0.162658,-0.246298],[0.16295,-0.246705],[0.163104,-0.246886],[0.163296,-0.247072],[0.16348,-0.247171],[0.163742,-0.24726],[0.164008,-0.247417],[0.1641,-0.24748],[0.164311,-0.247626],[0.164442,-0.247775],[0.164545,-0.247815],[0.164664,-0.247865],[0.164805,-0.248018],[0.164936,-0.248147],[0.165409,-0.24829],[0.165468,-0.248317],[0.16561,-0.248406],[0.165896,-0.248623],[0.166026,-0.248783],[0.166105,-0.248812],[0.166259,-0.248982],[0.166465,-0.249094],[0.166614,-0.24919],[0.166774,-0.249208],[0.166867,-0.24917],[0.16701,-0.249138],[0.167211,-0.249108],[0.167461,-0.249035],[0.167679,-0.248993],[0.167908,-0.248935],[0.168067,-0.248906],[0.168324,-0.248897],[0.168604,-0.248881],[0.168819,-0.248839],[0.169072,-0.248702],[0.169328,-0.248568],[0.169468,-0.248497],[0.169593,-0.248421],[0.169737,-0.248336],[0.169779,-0.248279],[0.169901,-0.248156],[0.170019,-0.248031],[0.170152,-0.247938],[0.170573,-0.247914],[0.170814,-0.247921],[0.170934,-0.247941]]]]}},{"type":"Feature","id":104,"properties":{"Clan":"Werebrand","Name":null},"geometry":{"type":"MultiPolygon","coordinates":[[[[0.164481,-0.235363],[0.164266,-0.235289],[0.164055,-0.235346],[0.163639,-0.235629],[0.163473,-0.235781],[0.163215,-0.23599],[0.162868,-0.236295],[0.162417,-0.236695],[0.161801,-0.237262],[0.161491,-0.237502],[0.160725,-0.237917],[0.159955,-0.238243],[0.159579,-0.238628],[0.159084,-0.239484],[0.158839,-0.240009],[0.158729,-0.240424],[0.158779,-0.24075],[0.158774,-0.2412],[0.158774,-0.242066],[0.158839,-0.242586],[0.159024,-0.243227],[0.159209,-0.243682],[0.159489,-0.244133],[0.15978,-0.244468],[0.16028,-0.244883],[0.1606,-0.245053],[0.161081,-0.245394],[0.161386,-0.245529],[0.161591,-0.245594],[0.161703,-0.24563],[0.161904,-0.245679],[0.162013,-0.245636],[0.16206,-0.245548],[0.16211,-0.245442],[0.162162,-0.245324],[0.162286,-0.244946],[0.162318,-0.244511],[0.162363,-0.244283],[0.162388,-0.24379],[0.162438,-0.243419],[0.162312,-0.243332],[0.162202,-0.243067],[0.162187,-0.242822],[0.162177,-0.242566],[0.162182,-0.242356],[0.162227,-0.242126],[0.162267,-0.242036],[0.162482,-0.241896],[0.162797,-0.241671],[0.162942,-0.24157],[0.163328,-0.241305],[0.163623,-0.24104],[0.163888,-0.24074],[0.163978,-0.240464],[0.164131,-0.240302],[0.164133,-0.240303],[0.164307,-0.240084],[0.164495,-0.239846],[0.164667,-0.239629],[0.16481,-0.239448],[0.165262,-0.238993],[0.165359,-0.238836],[0.165537,-0.238621],[0.165597,-0.238513],[0.165646,-0.238394],[0.165627,-0.238299],[0.16563,-0.238186],[0.165628,-0.238077],[0.165649,-0.237875],[0.165697,-0.237793],[0.165579,-0.237742],[0.165462,-0.237716],[0.165344,-0.237673],[0.165232,-0.237563],[0.165178,-0.237405],[0.165012,-0.236964],[0.164962,-0.236785],[0.16491,-0.236596],[0.164791,-0.236387],[0.164713,-0.236166],[0.164679,-0.23597],[0.164667,-0.23586],[0.164612,-0.235785],[0.164521,-0.235679],[0.164481,-0.235601],[0.164463,-0.235515],[0.164463,-0.235436],[0.164482,-0.235363],[0.164481,-0.235363]]]]}},{"type":"Feature","id":105,"properties":{"Clan":"Outer Blood","Name":null},"geometry":{"type":"MultiPolygon","coordinates":[[[[0.146841,-0.074513],[0.147175,-0.074472],[0.147171,-0.074436],[0.147395,-0.074408],[0.147661,-0.074361],[0.14783,-0.074356],[0.147909,-0.074333],[0.148105,-0.07423],[0.148259,-0.074123],[0.148488,-0.074015],[0.148657,-0.073987],[0.148918,-0.073978],[0.149208,-0.074015],[0.149498,-0.074034],[0.149759,-0.074081],[0.150054,-0.074057],[0.150231,-0.07402],[0.150516,-0.074043],[0.150974,-0.074099],[0.151418,-0.073982],[0.1519,-0.073968],[0.151993,-0.074113],[0.151876,-0.074394],[0.151993,-0.074525],[0.152217,-0.074618],[0.15247,-0.074632],[0.15261,-0.074613],[0.152745,-0.074529],[0.152886,-0.074459],[0.153035,-0.074394],[0.153045,-0.074342],[0.153059,-0.074207],[0.153082,-0.074029],[0.153096,-0.073884],[0.153105,-0.073768],[0.153157,-0.073618],[0.153222,-0.073468],[0.153265,-0.073296],[0.153277,-0.072889],[0.153262,-0.072629],[0.153067,-0.072602],[0.152547,-0.072605],[0.152176,-0.072581],[0.151916,-0.072483],[0.151638,-0.072372],[0.151336,-0.072213],[0.151129,-0.072127],[0.150872,-0.072142],[0.150944,-0.072438],[0.15121,-0.0728],[0.151303,-0.073015],[0.151123,-0.073156],[0.150818,-0.073179],[0.150402,-0.073215],[0.150169,-0.073215],[0.149867,-0.073185],[0.149643,-0.073206],[0.149436,-0.073254],[0.149266,-0.073177],[0.149045,-0.073108],[0.14871,-0.073144],[0.148497,-0.073063],[0.148832,-0.072719],[0.148716,-0.072557],[0.14853,-0.072471],[0.14821,-0.072303],[0.147905,-0.072175],[0.147738,-0.072049],[0.147472,-0.072324],[0.147229,-0.072644],[0.147107,-0.072862],[0.147113,-0.07312],[0.147125,-0.073335],[0.147113,-0.073511],[0.146981,-0.073852],[0.146903,-0.07428],[0.146841,-0.074513]]]]}},{"type":"Feature","id":106,"properties":{"Clan":"Werebrand","Name":null},"geometry":{"type":"MultiPolygon","coordinates":[[[[0.159892,-0.231094],[0.159925,-0.230927],[0.159961,-0.230735],[0.160074,-0.230601],[0.16023,-0.230574],[0.16043,-0.230645],[0.160547,-0.230759],[0.160702,-0.230953],[0.16075,-0.231079],[0.160969,-0.231369],[0.161043,-0.231477],[0.161142,-0.231324],[0.161169,-0.231217],[0.161253,-0.231055],[0.161304,-0.230924],[0.16133,-0.230753],[0.161322,-0.230373],[0.161019,-0.230119],[0.16081,-0.22991],[0.160628,-0.22962],[0.160419,-0.22941],[0.160077,-0.229424],[0.15989,-0.229503],[0.159671,-0.229746],[0.159302,-0.229863],[0.159138,-0.229938],[0.159241,-0.230167],[0.159461,-0.230424],[0.159568,-0.230527],[0.159605,-0.230634],[0.159713,-0.23084],[0.159769,-0.230956],[0.159892,-0.231094]]]]}},{"type":"Feature","id":107,"properties":{"Clan":"Werebrand","Name":null},"geometry":{"type":"MultiPolygon","coordinates":[[[[0.15834,-0.231456],[0.158405,-0.231406],[0.158464,-0.231387],[0.158524,-0.23136],[0.158568,-0.231347],[0.158596,-0.231324],[0.158635,-0.231318],[0.158717,-0.231316],[0.158797,-0.231305],[0.158839,-0.231286],[0.158853,-0.231245],[0.15887,-0.231171],[0.158883,-0.231106],[0.158893,-0.230972],[0.158899,-0.230721],[0.158899,-0.230587],[0.158832,-0.230464],[0.158749,-0.230399],[0.158642,-0.230361],[0.158541,-0.230307],[0.158447,-0.230248],[0.158324,-0.230168],[0.158208,-0.230041],[0.158085,-0.229978],[0.157974,-0.230051],[0.157873,-0.23015],[0.157808,-0.230292],[0.157758,-0.230524],[0.15775,-0.230648],[0.157748,-0.230742],[0.15776,-0.230951],[0.157794,-0.231186],[0.157949,-0.231253],[0.158066,-0.231331],[0.158135,-0.231385],[0.158158,-0.231377],[0.158185,-0.231431],[0.158215,-0.231519],[0.158202,-0.231601],[0.15819,-0.23173],[0.158173,-0.231812],[0.158162,-0.231911],[0.158156,-0.231963],[0.158156,-0.232003],[0.158156,-0.232053],[0.158169,-0.232133],[0.158196,-0.23221],[0.158213,-0.232275],[0.158248,-0.232331],[0.158294,-0.232357],[0.158324,-0.232361],[0.158263,-0.232277],[0.158235,-0.232132],[0.158212,-0.232021],[0.158217,-0.231944],[0.158238,-0.231749],[0.15828,-0.231584],[0.1583,-0.231515],[0.15834,-0.231456]]]]}},{"type":"Feature","id":108,"properties":{"Clan":"Werebrand","Name":null},"geometry":{"type":"MultiPolygon","coordinates":[[[[0.15883,-0.237598],[0.15883,-0.237029],[0.158735,-0.236817],[0.158414,-0.23635],[0.158319,-0.236167],[0.158348,-0.235802],[0.158377,-0.235532],[0.158041,-0.235357],[0.157647,-0.235196],[0.157362,-0.235108],[0.157334,-0.235086],[0.157308,-0.235061],[0.157283,-0.235035],[0.15726,-0.235008],[0.157238,-0.234979],[0.157219,-0.234948],[0.157202,-0.234916],[0.157187,-0.234884],[0.157174,-0.23485],[0.157163,-0.234815],[0.157155,-0.23478],[0.157149,-0.234745],[0.157145,-0.234709],[0.157144,-0.234673],[0.157145,-0.234637],[0.157148,-0.234601],[0.157154,-0.234565],[0.157163,-0.23453],[0.157173,-0.234495],[0.157186,-0.234462],[0.157201,-0.234429],[0.157218,-0.234397],[0.157237,-0.234367],[0.157259,-0.234337],[0.157282,-0.23431],[0.157266,-0.234314],[0.157251,-0.23432],[0.157237,-0.234327],[0.157223,-0.234334],[0.157209,-0.234343],[0.157196,-0.234352],[0.157184,-0.234362],[0.157172,-0.234373],[0.157162,-0.234385],[0.157152,-0.234397],[0.157143,-0.234411],[0.157134,-0.234424],[0.157127,-0.234439],[0.157121,-0.234453],[0.157115,-0.234468],[0.157111,-0.234484],[0.157108,-0.234499],[0.157106,-0.234515],[0.157104,-0.234531],[0.157025,-0.23483],[0.157053,-0.235326],[0.157076,-0.235465],[0.157115,-0.23569],[0.157133,-0.235835],[0.157218,-0.23598],[0.15733,-0.236171],[0.157359,-0.236214],[0.157386,-0.236258],[0.15741,-0.236304],[0.157431,-0.236352],[0.157448,-0.2364],[0.157462,-0.23645],[0.157473,-0.236501],[0.157481,-0.236552],[0.157485,-0.236604],[0.157485,-0.236655],[0.157483,-0.236707],[0.157476,-0.236759],[0.157467,-0.236809],[0.157454,-0.23686],[0.157437,-0.236909],[0.157418,-0.236957],[0.157395,-0.237003],[0.157368,-0.237039],[0.157344,-0.237077],[0.157322,-0.237116],[0.157303,-0.237157],[0.157286,-0.237198],[0.157273,-0.237241],[0.157262,-0.237285],[0.157255,-0.237329],[0.15725,-0.237374],[0.157249,-0.237419],[0.157251,-0.237464],[0.157255,-0.237508],[0.157263,-0.237552],[0.157274,-0.237596],[0.157288,-0.237639],[0.157304,-0.23768],[0.157324,-0.237721],[0.157346,-0.23776],[0.157371,-0.237797],[0.157398,-0.237833],[0.157428,-0.237867],[0.15746,-0.237898],[0.157493,-0.237928],[0.157529,-0.237955],[0.157567,-0.237979],[0.157606,-0.238001],[0.157647,-0.23802],[0.157689,-0.238037],[0.157732,-0.23805],[0.158099,-0.237978],[0.15846,-0.237866],[0.158733,-0.237737],[0.15883,-0.237598]]]]}},{"type":"Feature","id":109,"properties":{"Clan":"Werebrand","Name":null},"geometry":{"type":"MultiPolygon","coordinates":[[[[0.160475,-0.235218],[0.160605,-0.234914],[0.160764,-0.234559],[0.16097,-0.234246],[0.161274,-0.234031],[0.161638,-0.233924],[0.161881,-0.233816],[0.161802,-0.233597],[0.161694,-0.233213],[0.161587,-0.233115],[0.161311,-0.233097],[0.1609,-0.233153],[0.160512,-0.233199],[0.15983,-0.233354],[0.159821,-0.233366],[0.159811,-0.233378],[0.159801,-0.233389],[0.15979,-0.233399],[0.159778,-0.233409],[0.159765,-0.233417],[0.159752,-0.233425],[0.159739,-0.233432],[0.159725,-0.233437],[0.15971,-0.233442],[0.159695,-0.233446],[0.159681,-0.233449],[0.159665,-0.233451],[0.15965,-0.233451],[0.159635,-0.233451],[0.15962,-0.233449],[0.159605,-0.233447],[0.15959,-0.233443],[0.159576,-0.233439],[0.159562,-0.233433],[0.159548,-0.233427],[0.159535,-0.233419],[0.159522,-0.233411],[0.15951,-0.233402],[0.159499,-0.233391],[0.159488,-0.233381],[0.159478,-0.233369],[0.159469,-0.233357],[0.159461,-0.233344],[0.159454,-0.233331],[0.159447,-0.233317],[0.159442,-0.233303],[0.159438,-0.233288],[0.159435,-0.233273],[0.159432,-0.233258],[0.159431,-0.233243],[0.159431,-0.233228],[0.159432,-0.233213],[0.159434,-0.233198],[0.159437,-0.233183],[0.159441,-0.233168],[0.159446,-0.233154],[0.159452,-0.23314],[0.159459,-0.233127],[0.159467,-0.233114],[0.159476,-0.233101],[0.159486,-0.23309],[0.159496,-0.233079],[0.159508,-0.233068],[0.159519,-0.233059],[0.159532,-0.23305],[0.159545,-0.233043],[0.159559,-0.233036],[0.159881,-0.232821],[0.160007,-0.232779],[0.160194,-0.232639],[0.160292,-0.232513],[0.160325,-0.232358],[0.160433,-0.232442],[0.160468,-0.23252],[0.160477,-0.232604],[0.160468,-0.232644],[0.160506,-0.232615],[0.160539,-0.232571],[0.160557,-0.232534],[0.160549,-0.232468],[0.160514,-0.232364],[0.160447,-0.232265],[0.160387,-0.232209],[0.160309,-0.232173],[0.160219,-0.232157],[0.160049,-0.232153],[0.15997,-0.232168],[0.159892,-0.232188],[0.159783,-0.232238],[0.159653,-0.232278],[0.15952,-0.232315],[0.159346,-0.232397],[0.159258,-0.232465],[0.159136,-0.23258],[0.158994,-0.232706],[0.158845,-0.232757],[0.158659,-0.232815],[0.158556,-0.232859],[0.158478,-0.232933],[0.158441,-0.233033],[0.158449,-0.233171],[0.158543,-0.233272],[0.158638,-0.233387],[0.158703,-0.233496],[0.158788,-0.233709],[0.158874,-0.233944],[0.15895,-0.234055],[0.159012,-0.234164],[0.159079,-0.234256],[0.159126,-0.234335],[0.159188,-0.23443],[0.159205,-0.234549],[0.159204,-0.234737],[0.159204,-0.234982],[0.159177,-0.235239],[0.159201,-0.235422],[0.159222,-0.235535],[0.159291,-0.235771],[0.159345,-0.235912],[0.159413,-0.236062],[0.159494,-0.236154],[0.159572,-0.236148],[0.159629,-0.236088],[0.15971,-0.236038],[0.15994,-0.235801],[0.160218,-0.235522],[0.160306,-0.235508],[0.160372,-0.235377],[0.160475,-0.235218]]]]}},{"type":"Feature","id":110,"properties":{"Clan":"Werebrand","Name":null},"geometry":{"type":"MultiPolygon","coordinates":[[[[0.157395,-0.233666],[0.157464,-0.233433],[0.157499,-0.23322],[0.157538,-0.23308],[0.157589,-0.232787],[0.157778,-0.232335],[0.157822,-0.232066],[0.157772,-0.231749],[0.157691,-0.231537],[0.157508,-0.23125],[0.157434,-0.23107],[0.157338,-0.230834],[0.15712,-0.230702],[0.156934,-0.23072],[0.156674,-0.230786],[0.156426,-0.230792],[0.156145,-0.23069],[0.156028,-0.230547],[0.155881,-0.230406],[0.155828,-0.230364],[0.155672,-0.230337],[0.15549,-0.23031],[0.155376,-0.230284],[0.155331,-0.230224],[0.155292,-0.230137],[0.155259,-0.229978],[0.15522,-0.229883],[0.155158,-0.229814],[0.155017,-0.229629],[0.154889,-0.229611],[0.154736,-0.229563],[0.15456,-0.229509],[0.154428,-0.229476],[0.154323,-0.229494],[0.154266,-0.229575],[0.154251,-0.229685],[0.154275,-0.229823],[0.15441,-0.229987],[0.154533,-0.230137],[0.154625,-0.230287],[0.154634,-0.23037],[0.154661,-0.230517],[0.1547,-0.23078],[0.15473,-0.230995],[0.154909,-0.231312],[0.155031,-0.231517],[0.155171,-0.23176],[0.155288,-0.231928],[0.155503,-0.232092],[0.15568,-0.232162],[0.155975,-0.232181],[0.156152,-0.232171],[0.15626,-0.232307],[0.156404,-0.232541],[0.156512,-0.232699],[0.156624,-0.232816],[0.156727,-0.232891],[0.156839,-0.232998],[0.15697,-0.233148],[0.157077,-0.233237],[0.157161,-0.233344],[0.157274,-0.233522],[0.157395,-0.233666]]]]}},{"type":"Feature","id":111,"properties":{"Clan":"Werebrand","Name":null},"geometry":{"type":"MultiPolygon","coordinates":[[[[0.156975,-0.227751],[0.157147,-0.227872],[0.15739,-0.227984],[0.157619,-0.228181],[0.157811,-0.228377],[0.158077,-0.228526],[0.158461,-0.22862],[0.158741,-0.228676],[0.15897,-0.228844],[0.159143,-0.229008],[0.159306,-0.229153],[0.159493,-0.229101],[0.159643,-0.229022],[0.159778,-0.228994],[0.159998,-0.228872],[0.160208,-0.228886],[0.160208,-0.228784],[0.160143,-0.228699],[0.160049,-0.228555],[0.159928,-0.228372],[0.159839,-0.228171],[0.159741,-0.227947],[0.159587,-0.227639],[0.159428,-0.227312],[0.159306,-0.227195],[0.159175,-0.227111],[0.159045,-0.227097],[0.158872,-0.227143],[0.158694,-0.227185],[0.158563,-0.227218],[0.158414,-0.227241],[0.158316,-0.227237],[0.15826,-0.227204],[0.158255,-0.227157],[0.15826,-0.227078],[0.158241,-0.227003],[0.158171,-0.226896],[0.158091,-0.226751],[0.157998,-0.226653],[0.157806,-0.226615],[0.157643,-0.226536],[0.157437,-0.226526],[0.157283,-0.226578],[0.157152,-0.226653],[0.15704,-0.226769],[0.156886,-0.227031],[0.156867,-0.227218],[0.156876,-0.227424],[0.156904,-0.227508],[0.156942,-0.227615],[0.156975,-0.227751]]]]}},{"type":"Feature","id":112,"properties":{"Clan":"Werebrand","Name":null},"geometry":{"type":"MultiPolygon","coordinates":[[[[0.155736,-0.227302],[0.155713,-0.227475],[0.155694,-0.227555],[0.155666,-0.227634],[0.155601,-0.227746],[0.155568,-0.227849],[0.155517,-0.227956],[0.15546,-0.228041],[0.155432,-0.228101],[0.155423,-0.228246],[0.155446,-0.228377],[0.155479,-0.228494],[0.155507,-0.228611],[0.155521,-0.228741],[0.155554,-0.2289],[0.155629,-0.22905],[0.155685,-0.229162],[0.155774,-0.229312],[0.155886,-0.229405],[0.155984,-0.22948],[0.15611,-0.229512],[0.156171,-0.229545],[0.156297,-0.229494],[0.15633,-0.229377],[0.156358,-0.229087],[0.156339,-0.22891],[0.15632,-0.228727],[0.156306,-0.228629],[0.156283,-0.228433],[0.156269,-0.228312],[0.156232,-0.228148],[0.156175,-0.228017],[0.156082,-0.22783],[0.155989,-0.227667],[0.155886,-0.227475],[0.155736,-0.227302]]]]}},{"type":"Feature","id":113,"properties":{"Clan":"Werebrand","Name":null},"geometry":{"type":"MultiPolygon","coordinates":[[[[0.155475,-0.225269],[0.155624,-0.225433],[0.155736,-0.225587],[0.155802,-0.225657],[0.155904,-0.22569],[0.155998,-0.225681],[0.156068,-0.225587],[0.156227,-0.225452],[0.156512,-0.225475],[0.156652,-0.225545],[0.156802,-0.225601],[0.157049,-0.22569],[0.157152,-0.225681],[0.157278,-0.225615],[0.157255,-0.225536],[0.157185,-0.225354],[0.157115,-0.225237],[0.157031,-0.22497],[0.156961,-0.224779],[0.156811,-0.224452],[0.156671,-0.22426],[0.156601,-0.224139],[0.156587,-0.223952],[0.156629,-0.223452],[0.156568,-0.223368],[0.1564,-0.223195],[0.156203,-0.223171],[0.156096,-0.223171],[0.155937,-0.223106],[0.155811,-0.223031],[0.155703,-0.223045],[0.155526,-0.223087],[0.155367,-0.223185],[0.155283,-0.223302],[0.15511,-0.22347],[0.155045,-0.223554],[0.15496,-0.223639],[0.154867,-0.223774],[0.154783,-0.223933],[0.154764,-0.22412],[0.154811,-0.224442],[0.15489,-0.224583],[0.155059,-0.224812],[0.155157,-0.224896],[0.155283,-0.225012],[0.155348,-0.225106],[0.155475,-0.225269]]]]}},{"type":"Feature","id":114,"properties":{"Clan":"Werebrand","Name":null},"geometry":{"type":"MultiPolygon","coordinates":[[[[0.145298,-0.209282],[0.145431,-0.209191],[0.145564,-0.209158],[0.145822,-0.209041],[0.146029,-0.208859],[0.146304,-0.208651],[0.146387,-0.208468],[0.146436,-0.208252],[0.146436,-0.207978],[0.146403,-0.207612],[0.146445,-0.207363],[0.14642,-0.207139],[0.146304,-0.206715],[0.146029,-0.206441],[0.145838,-0.206209],[0.145722,-0.20615],[0.145489,-0.206192],[0.145265,-0.206258],[0.145149,-0.206242],[0.145066,-0.206175],[0.145016,-0.206076],[0.144999,-0.206051],[0.1449,-0.206092],[0.144858,-0.206184],[0.144742,-0.206317],[0.144617,-0.206433],[0.144542,-0.206541],[0.144443,-0.206674],[0.144351,-0.206807],[0.144335,-0.206956],[0.144509,-0.207131],[0.144559,-0.207264],[0.144642,-0.207421],[0.144808,-0.207795],[0.14485,-0.208003],[0.144833,-0.208202],[0.144816,-0.208427],[0.144833,-0.208634],[0.144841,-0.208759],[0.1449,-0.20885],[0.144941,-0.208958],[0.145049,-0.209108],[0.145298,-0.209282]]]]}},{"type":"Feature","id":115,"properties":{"Clan":"Werebrand","Name":null},"geometry":{"type":"MultiPolygon","coordinates":[[[[0.147531,-0.208025],[0.147547,-0.20837],[0.147541,-0.208498],[0.147525,-0.208636],[0.147488,-0.208743],[0.147424,-0.208833],[0.147297,-0.208955],[0.147185,-0.209051],[0.147212,-0.2092],[0.14719,-0.209429],[0.147212,-0.209625],[0.147291,-0.209785],[0.147361,-0.209928],[0.147488,-0.210178],[0.147648,-0.210258],[0.147818,-0.210375],[0.147887,-0.210433],[0.147977,-0.210497],[0.148068,-0.210566],[0.148137,-0.210635],[0.14819,-0.210742],[0.148264,-0.210821],[0.148403,-0.210901],[0.148605,-0.210784],[0.148716,-0.21071],[0.148908,-0.210705],[0.149131,-0.210699],[0.149397,-0.210465],[0.149402,-0.210253],[0.149386,-0.20987],[0.149312,-0.209604],[0.149211,-0.209423],[0.149057,-0.209333],[0.149051,-0.209184],[0.149019,-0.209008],[0.148982,-0.208881],[0.148871,-0.208806],[0.148716,-0.208775],[0.148621,-0.208721],[0.148509,-0.208583],[0.148413,-0.208429],[0.148217,-0.208259],[0.147999,-0.208057],[0.147898,-0.207897],[0.147839,-0.207828],[0.147717,-0.207865],[0.147595,-0.20794],[0.147531,-0.208025]]]]}},{"type":"Feature","id":116,"properties":{"Clan":"Werebrand","Name":null},"geometry":{"type":"MultiPolygon","coordinates":[[[[0.143032,-0.206908],[0.142941,-0.206402],[0.142837,-0.206104],[0.142565,-0.205494],[0.142149,-0.204948],[0.141812,-0.20478],[0.141448,-0.204728],[0.141072,-0.204728],[0.140838,-0.20465],[0.140605,-0.204611],[0.140241,-0.204429],[0.139891,-0.204338],[0.13967,-0.204209],[0.139397,-0.204066],[0.139086,-0.203962],[0.138891,-0.203819],[0.138774,-0.203793],[0.13832,-0.203754],[0.137892,-0.203767],[0.137671,-0.203715],[0.137489,-0.203559],[0.137411,-0.202923],[0.137308,-0.20243],[0.137178,-0.201872],[0.137009,-0.201496],[0.136866,-0.20121],[0.13662,-0.201145],[0.13649,-0.200989],[0.136503,-0.200678],[0.136607,-0.200561],[0.136464,-0.200444],[0.136074,-0.200224],[0.135932,-0.200249],[0.135945,-0.200509],[0.135893,-0.200717],[0.135828,-0.200899],[0.135659,-0.201145],[0.135283,-0.201781],[0.135049,-0.202145],[0.135179,-0.202417],[0.135568,-0.203157],[0.135776,-0.203858],[0.136178,-0.204468],[0.13662,-0.204909],[0.13684,-0.205208],[0.137152,-0.205455],[0.137554,-0.205831],[0.138086,-0.205909],[0.138502,-0.205987],[0.138748,-0.206039],[0.138683,-0.20613],[0.139008,-0.206182],[0.139501,-0.206078],[0.139748,-0.205987],[0.140306,-0.205922],[0.140605,-0.206091],[0.141176,-0.206493],[0.141825,-0.206714],[0.142162,-0.206844],[0.142435,-0.206895],[0.143032,-0.206908]]]]}},{"type":"Feature","id":117,"properties":{"Clan":"Werebrand","Name":null},"geometry":{"type":"MultiPolygon","coordinates":[[[[0.143035,-0.206911],[0.142907,-0.206906],[0.142435,-0.206895],[0.142162,-0.206844],[0.141825,-0.206714],[0.141176,-0.206493],[0.140605,-0.206091],[0.140306,-0.205922],[0.139748,-0.205987],[0.139501,-0.206078],[0.139008,-0.206182],[0.138893,-0.206163],[0.138752,-0.206159],[0.138578,-0.206184],[0.138519,-0.206333],[0.138528,-0.206533],[0.138702,-0.206765],[0.138594,-0.207031],[0.13847,-0.207305],[0.138378,-0.207579],[0.138121,-0.208028],[0.13763,-0.208435],[0.137307,-0.208767],[0.13734,-0.208958],[0.13729,-0.209266],[0.137083,-0.209662],[0.136865,-0.209944],[0.136716,-0.210194],[0.136684,-0.210811],[0.13678,-0.211045],[0.136918,-0.211311],[0.136993,-0.211731],[0.137051,-0.211986],[0.137089,-0.212682],[0.137349,-0.212677],[0.137556,-0.212858],[0.137716,-0.21314],[0.138093,-0.213645],[0.138428,-0.213958],[0.13904,-0.214139],[0.13921,-0.21424],[0.139306,-0.214283],[0.13963,-0.214336],[0.140114,-0.2144],[0.140321,-0.214405],[0.140667,-0.214527],[0.140895,-0.214729],[0.141034,-0.214846],[0.141294,-0.214362],[0.141634,-0.213836],[0.141836,-0.213661],[0.142439,-0.213199],[0.142803,-0.212859],[0.143048,-0.212389],[0.143229,-0.212025],[0.143385,-0.211801],[0.143467,-0.211644],[0.143627,-0.211355],[0.143661,-0.211198],[0.143644,-0.210981],[0.143647,-0.210688],[0.143722,-0.21032],[0.143753,-0.210103],[0.14378,-0.20963],[0.143814,-0.209327],[0.143787,-0.208723],[0.143739,-0.208536],[0.143654,-0.208331],[0.143493,-0.207961],[0.14336,-0.207719],[0.14311,-0.207078],[0.143035,-0.206911]]]]}},{"type":"Feature","id":118,"properties":{"Clan":"Werebrand","Name":null},"geometry":{"type":"MultiPolygon","coordinates":[[[[0.147217,-0.206857],[0.147533,-0.206915],[0.147824,-0.206873],[0.14794,-0.206815],[0.148206,-0.206715],[0.148331,-0.206773],[0.148679,-0.206865],[0.148812,-0.20689],[0.14902,-0.20689],[0.149195,-0.206798],[0.149219,-0.206699],[0.149236,-0.206524],[0.149244,-0.206333],[0.149228,-0.206167],[0.149186,-0.206134],[0.149012,-0.206184],[0.148929,-0.206125],[0.148879,-0.205993],[0.148787,-0.205885],[0.148605,-0.205785],[0.148472,-0.20571],[0.148272,-0.205569],[0.148156,-0.205486],[0.148056,-0.205361],[0.147965,-0.205162],[0.147882,-0.204946],[0.147807,-0.204755],[0.147708,-0.204506],[0.147616,-0.204381],[0.1475,-0.204281],[0.147184,-0.204165],[0.146927,-0.204198],[0.146769,-0.204306],[0.146752,-0.204414],[0.146785,-0.204481],[0.146802,-0.204605],[0.146794,-0.204796],[0.146777,-0.205012],[0.146752,-0.205228],[0.146752,-0.205519],[0.146819,-0.205843],[0.146902,-0.206159],[0.146952,-0.206308],[0.146976,-0.206449],[0.147035,-0.206649],[0.147143,-0.20679],[0.147158,-0.206779],[0.147217,-0.206857]]]]}},{"type":"Feature","id":119,"properties":{"Clan":"Werebrand","Name":null},"geometry":{"type":"MultiPolygon","coordinates":[[[[0.154586,-0.228723],[0.154697,-0.228656],[0.154758,-0.228549],[0.154835,-0.228421],[0.154926,-0.228281],[0.155018,-0.228094],[0.155059,-0.227896],[0.1551,-0.227778],[0.155109,-0.22763],[0.155072,-0.227399],[0.154974,-0.227256],[0.154771,-0.227066],[0.154726,-0.226846],[0.154652,-0.226779],[0.154517,-0.226705],[0.154242,-0.226692],[0.154079,-0.226443],[0.153907,-0.226345],[0.153687,-0.226186],[0.153524,-0.226019],[0.153321,-0.225881],[0.15316,-0.225725],[0.153108,-0.225775],[0.153066,-0.225977],[0.153055,-0.226075],[0.153031,-0.226295],[0.153016,-0.226572],[0.15301,-0.226733],[0.153015,-0.227093],[0.1531,-0.227334],[0.153212,-0.22744],[0.153315,-0.227535],[0.15342,-0.22762],[0.153573,-0.227759],[0.153713,-0.227858],[0.15392,-0.228042],[0.154043,-0.228202],[0.154145,-0.22828],[0.154295,-0.228399],[0.154461,-0.228566],[0.154586,-0.228723]]]]}},{"type":"Feature","id":120,"properties":{"Clan":"Werebrand","Name":null},"geometry":{"type":"MultiPolygon","coordinates":[[[[0.153555,-0.221503],[0.15356,-0.221673],[0.153544,-0.221795],[0.153571,-0.221965],[0.153624,-0.222146],[0.153677,-0.222316],[0.153815,-0.222582],[0.153932,-0.222699],[0.154102,-0.222641],[0.154299,-0.222492],[0.154405,-0.222391],[0.154453,-0.222295],[0.154469,-0.222263],[0.154506,-0.222221],[0.154517,-0.222093],[0.154464,-0.222003],[0.154379,-0.221907],[0.154342,-0.221848],[0.154198,-0.221694],[0.154129,-0.221588],[0.154044,-0.221498],[0.153985,-0.221423],[0.153911,-0.221248],[0.153863,-0.221179],[0.153799,-0.221163],[0.153762,-0.221163],[0.153719,-0.221189],[0.153672,-0.221237],[0.153656,-0.221274],[0.15364,-0.221317],[0.153618,-0.22137],[0.153587,-0.221418],[0.15356,-0.22146],[0.153555,-0.221503]]]]}},{"type":"Feature","id":121,"properties":{"Clan":"Werebrand","Name":null},"geometry":{"type":"MultiPolygon","coordinates":[[[[0.151368,-0.218712],[0.151419,-0.21864],[0.151453,-0.218572],[0.151497,-0.218521],[0.151555,-0.218511],[0.151613,-0.218548],[0.151644,-0.218586],[0.151705,-0.218592],[0.151777,-0.218514],[0.151834,-0.218446],[0.151824,-0.218324],[0.151794,-0.218171],[0.151742,-0.218102],[0.151674,-0.217936],[0.151603,-0.217674],[0.151572,-0.217544],[0.151552,-0.217453],[0.151555,-0.21733],[0.151501,-0.217102],[0.151341,-0.217102],[0.150922,-0.217099],[0.150766,-0.217034],[0.150613,-0.21698],[0.150483,-0.216969],[0.150375,-0.216946],[0.150296,-0.216918],[0.150225,-0.216898],[0.150147,-0.216864],[0.150004,-0.216775],[0.14983,-0.216663],[0.149711,-0.216581],[0.149663,-0.21649],[0.149623,-0.216374],[0.149582,-0.216282],[0.149551,-0.216136],[0.149568,-0.215983],[0.149347,-0.216149],[0.149306,-0.216302],[0.149306,-0.216411],[0.149354,-0.216585],[0.149432,-0.216782],[0.149493,-0.216901],[0.149541,-0.217014],[0.149626,-0.217214],[0.149793,-0.217483],[0.149806,-0.217643],[0.149827,-0.217871],[0.149854,-0.218038],[0.149905,-0.218174],[0.149959,-0.218252],[0.150068,-0.218368],[0.150205,-0.218579],[0.150333,-0.218743],[0.150418,-0.218871],[0.150561,-0.218983],[0.150715,-0.219078],[0.150779,-0.219126],[0.150832,-0.219137],[0.150912,-0.219137],[0.151024,-0.219116],[0.15112,-0.219047],[0.151178,-0.218972],[0.15121,-0.21893],[0.151311,-0.218813],[0.151368,-0.218712]]]]}},{"type":"Feature","id":122,"properties":{"Clan":"Werebrand","Name":null},"geometry":{"type":"MultiPolygon","coordinates":[[[[0.15256,-0.2239],[0.152599,-0.223394],[0.152637,-0.222602],[0.152663,-0.222005],[0.152702,-0.221641],[0.15265,-0.221485],[0.152534,-0.221395],[0.152365,-0.221304],[0.152222,-0.221265],[0.15204,-0.220875],[0.152069,-0.220309],[0.152065,-0.220095],[0.152054,-0.219958],[0.152023,-0.219875],[0.151916,-0.219886],[0.151803,-0.219967],[0.151716,-0.220039],[0.151588,-0.220143],[0.151455,-0.220239],[0.151383,-0.220348],[0.15135,-0.220439],[0.151263,-0.220573],[0.151205,-0.220655],[0.151167,-0.220767],[0.15112,-0.220828],[0.151072,-0.220913],[0.150997,-0.221005],[0.150933,-0.221056],[0.150865,-0.221117],[0.150837,-0.221189],[0.150715,-0.221325],[0.150633,-0.221481],[0.150609,-0.221546],[0.150606,-0.221754],[0.150616,-0.22206],[0.150647,-0.222206],[0.150599,-0.222387],[0.1505,-0.222523],[0.15048,-0.222652],[0.15048,-0.222717],[0.150507,-0.222975],[0.150592,-0.223111],[0.150769,-0.223348],[0.150955,-0.223444],[0.150992,-0.223518],[0.151167,-0.223518],[0.151263,-0.223417],[0.151428,-0.223385],[0.151556,-0.223454],[0.151736,-0.223592],[0.151906,-0.223747],[0.152055,-0.223837],[0.152119,-0.223901],[0.152247,-0.223927],[0.152396,-0.223927],[0.15256,-0.2239]]]]}},{"type":"Feature","id":123,"properties":{"Clan":"Werebrand","Name":null},"geometry":{"type":"MultiPolygon","coordinates":[[[[0.149973,-0.214894],[0.151235,-0.215724],[0.151443,-0.215683],[0.151572,-0.215632],[0.151763,-0.215547],[0.151953,-0.215493],[0.152093,-0.215533],[0.152215,-0.215632],[0.152311,-0.21568],[0.15243,-0.215765],[0.152532,-0.215843],[0.152692,-0.215979],[0.15275,-0.216095],[0.152842,-0.216228],[0.152903,-0.216156],[0.152906,-0.216013],[0.152845,-0.215738],[0.152831,-0.215612],[0.152808,-0.215489],[0.152808,-0.215391],[0.152791,-0.215248],[0.15276,-0.214948],[0.152746,-0.214632],[0.152683,-0.214453],[0.152598,-0.214362],[0.15255,-0.214256],[0.152449,-0.214113],[0.152305,-0.214038],[0.151774,-0.214495],[0.151619,-0.214527],[0.151449,-0.214538],[0.151274,-0.214533],[0.151098,-0.214511],[0.150838,-0.214469],[0.150625,-0.214479],[0.150439,-0.214586],[0.150322,-0.214644],[0.150136,-0.214729],[0.149973,-0.214894]]]]}},{"type":"Feature","id":124,"properties":{"Clan":"Werebrand","Name":null},"geometry":{"type":"MultiPolygon","coordinates":[[[[0.148833,-0.212837],[0.148716,-0.212555],[0.148658,-0.212411],[0.148546,-0.212289],[0.148365,-0.212177],[0.148009,-0.212044],[0.147834,-0.212071],[0.147669,-0.212177],[0.147658,-0.212555],[0.147669,-0.213177],[0.147626,-0.213448],[0.147579,-0.213804],[0.147616,-0.21398],[0.147706,-0.21416],[0.147738,-0.214224],[0.147791,-0.21432],[0.147791,-0.214485],[0.147807,-0.214644],[0.147839,-0.214772],[0.147898,-0.214921],[0.148004,-0.215011],[0.148174,-0.215101],[0.148318,-0.215107],[0.148429,-0.215086],[0.148583,-0.214926],[0.148706,-0.214788],[0.14878,-0.214687],[0.148887,-0.214522],[0.148924,-0.214347],[0.148897,-0.214134],[0.14886,-0.214043],[0.148833,-0.213969],[0.148833,-0.212837]]]]}},{"type":"Feature","id":125,"properties":{"Clan":"Werebrand","Name":null},"geometry":{"type":"MultiPolygon","coordinates":[[[[0.153024,-0.210611],[0.153074,-0.210695],[0.153149,-0.210861],[0.153207,-0.210944],[0.153323,-0.211168],[0.153357,-0.211284],[0.153398,-0.211434],[0.153506,-0.211633],[0.153614,-0.211833],[0.153664,-0.211949],[0.15388,-0.211766],[0.154179,-0.211434],[0.154246,-0.211151],[0.154254,-0.210861],[0.154221,-0.210678],[0.154204,-0.210528],[0.154204,-0.210412],[0.154212,-0.210229],[0.154212,-0.210105],[0.154054,-0.209922],[0.153938,-0.209847],[0.153747,-0.209806],[0.153622,-0.209797],[0.153415,-0.209822],[0.153298,-0.209964],[0.153141,-0.210188],[0.153124,-0.210263],[0.153074,-0.210404],[0.153024,-0.210611]]]]}},{"type":"Feature","id":126,"properties":{"Clan":"Werebrand","Name":null},"geometry":{"type":"MultiPolygon","coordinates":[[[[0.155171,-0.218882],[0.155182,-0.218738],[0.155256,-0.218563],[0.155485,-0.218377],[0.15557,-0.218105],[0.155554,-0.217664],[0.155368,-0.217207],[0.155224,-0.21701],[0.154916,-0.216867],[0.154682,-0.216755],[0.154506,-0.216611],[0.154363,-0.216526],[0.154288,-0.216415],[0.154198,-0.216234],[0.154198,-0.21608],[0.154171,-0.215926],[0.154049,-0.215745],[0.154017,-0.215681],[0.154044,-0.215612],[0.154193,-0.215623],[0.154081,-0.215591],[0.15406,-0.215596],[0.153948,-0.215654],[0.153842,-0.215766],[0.153746,-0.215878],[0.153767,-0.216005],[0.153693,-0.216117],[0.153624,-0.216149],[0.153459,-0.216154],[0.153385,-0.216223],[0.153305,-0.216324],[0.153214,-0.216484],[0.153151,-0.216691],[0.153135,-0.216845],[0.153081,-0.216899],[0.152933,-0.216925],[0.152731,-0.216883],[0.152566,-0.216856],[0.152497,-0.216845],[0.152449,-0.216813],[0.152465,-0.216744],[0.152417,-0.216744],[0.152369,-0.216883],[0.152374,-0.216973],[0.152449,-0.217111],[0.15247,-0.217164],[0.15255,-0.217308],[0.15263,-0.217574],[0.152725,-0.217834],[0.152768,-0.218031],[0.15272,-0.21843],[0.152731,-0.218637],[0.152869,-0.218844],[0.153066,-0.219052],[0.153167,-0.219179],[0.153198,-0.219318],[0.153214,-0.21952],[0.153273,-0.219695],[0.153363,-0.219945],[0.153501,-0.220152],[0.153719,-0.220344],[0.153847,-0.22036],[0.154102,-0.220434],[0.15431,-0.220482],[0.154528,-0.220599],[0.154661,-0.220684],[0.154746,-0.220833],[0.154799,-0.220966],[0.154841,-0.221056],[0.154894,-0.22121],[0.154868,-0.221264],[0.154815,-0.221301],[0.154793,-0.221343],[0.154868,-0.221333],[0.15491,-0.221301],[0.15498,-0.221179],[0.155043,-0.22103],[0.155112,-0.220838],[0.155139,-0.220695],[0.155182,-0.22045],[0.155171,-0.220269],[0.155171,-0.218882]]]]}},{"type":"Feature","id":127,"properties":{"Clan":"Werebrand","Name":null},"geometry":{"type":"MultiPolygon","coordinates":[[[[0.146688,-0.231626],[0.146943,-0.231443],[0.14714,-0.231268],[0.147345,-0.2311],[0.147447,-0.230932],[0.147637,-0.230603],[0.147768,-0.230362],[0.147914,-0.229983],[0.147914,-0.229567],[0.147724,-0.229012],[0.147359,-0.228522],[0.147199,-0.228216],[0.14706,-0.22807],[0.147045,-0.227924],[0.147002,-0.227624],[0.146943,-0.227522],[0.146804,-0.227369],[0.146622,-0.227164],[0.146578,-0.226989],[0.146563,-0.226821],[0.146556,-0.226675],[0.146476,-0.22669],[0.146417,-0.226777],[0.146403,-0.226931],[0.146344,-0.22704],[0.146067,-0.227215],[0.14587,-0.227325],[0.145702,-0.227449],[0.145738,-0.227632],[0.145797,-0.227938],[0.146023,-0.228435],[0.146184,-0.228829],[0.146359,-0.229347],[0.146301,-0.229625],[0.146257,-0.229815],[0.146184,-0.22999],[0.146162,-0.230114],[0.146213,-0.230377],[0.14633,-0.230844],[0.146461,-0.231231],[0.146571,-0.231567],[0.146688,-0.231626]]]]}},{"type":"Feature","id":128,"properties":{"Clan":"Werebrand","Name":null},"geometry":{"type":"MultiPolygon","coordinates":[[[[0.099255,-0.205943],[0.099558,-0.206585],[0.099719,-0.206977],[0.100004,-0.207512],[0.100467,-0.2081],[0.100628,-0.20851],[0.100949,-0.208956],[0.101537,-0.209366],[0.10241,-0.209562],[0.10323,-0.20949],[0.103872,-0.209294],[0.104229,-0.209027],[0.104745,-0.208635],[0.10528,-0.208332],[0.106189,-0.208029],[0.106938,-0.207797],[0.106475,-0.207619],[0.105922,-0.207298],[0.105548,-0.206924],[0.105173,-0.206585],[0.105107,-0.206459],[0.105032,-0.206338],[0.10495,-0.206222],[0.104859,-0.206111],[0.104762,-0.206007],[0.104658,-0.20591],[0.104548,-0.20582],[0.104432,-0.205737],[0.104311,-0.205663],[0.104185,-0.205596],[0.104055,-0.205538],[0.103921,-0.205489],[0.103785,-0.205449],[0.103646,-0.205418],[0.103505,-0.205396],[0.103363,-0.205384],[0.103221,-0.205381],[0.103078,-0.205388],[0.102937,-0.205404],[0.102797,-0.20543],[0.102659,-0.205465],[0.102523,-0.205509],[0.102391,-0.205561],[0.102263,-0.205623],[0.102139,-0.205693],[0.10202,-0.205771],[0.101906,-0.205857],[0.101798,-0.20595],[0.101697,-0.20605],[0.101624,-0.206109],[0.101546,-0.206164],[0.101465,-0.206212],[0.101381,-0.206256],[0.101294,-0.206293],[0.101204,-0.206324],[0.101113,-0.206349],[0.10102,-0.206367],[0.100926,-0.206379],[0.100832,-0.206385],[0.100737,-0.206384],[0.100643,-0.206376],[0.10055,-0.206363],[0.100457,-0.206342],[0.100366,-0.206316],[0.100278,-0.206283],[0.100191,-0.206244],[0.100108,-0.206199],[0.100028,-0.206149],[0.099951,-0.206093],[0.099879,-0.206032],[0.099255,-0.205943]]]]}},{"type":"Feature","id":129,"properties":{"Clan":"Werebrand","Name":null},"geometry":{"type":"MultiPolygon","coordinates":[[[[0.106938,-0.207798],[0.107036,-0.207985],[0.107189,-0.208237],[0.10725,-0.208339],[0.107362,-0.208727],[0.107759,-0.209667],[0.107824,-0.210124],[0.10788,-0.210279],[0.108142,-0.210779],[0.108338,-0.211045],[0.108483,-0.211157],[0.108735,-0.2114],[0.109025,-0.211615],[0.10932,-0.211709],[0.109689,-0.211685],[0.10989,-0.211582],[0.110011,-0.211386],[0.110086,-0.211269],[0.110263,-0.211059],[0.110422,-0.211082],[0.110651,-0.211321],[0.110848,-0.211559],[0.110992,-0.211681],[0.111469,-0.211839],[0.111871,-0.211732],[0.112147,-0.211573],[0.112329,-0.211438],[0.112623,-0.211344],[0.112787,-0.211274],[0.113189,-0.211012],[0.113721,-0.211092],[0.114296,-0.211274],[0.114736,-0.21147],[0.115091,-0.211592],[0.115366,-0.211727],[0.115623,-0.211881],[0.115885,-0.212026],[0.116217,-0.212307],[0.116745,-0.212966],[0.116965,-0.213255],[0.117128,-0.213512],[0.11724,-0.213746],[0.117264,-0.213928],[0.117376,-0.214153],[0.117455,-0.214377],[0.117507,-0.214559],[0.117516,-0.214727],[0.117497,-0.215031],[0.117441,-0.215237],[0.117479,-0.215564],[0.117441,-0.215746],[0.117778,-0.215718],[0.118142,-0.215662],[0.118581,-0.215461],[0.118787,-0.215307],[0.119413,-0.215017],[0.119745,-0.214788],[0.120072,-0.214625],[0.120628,-0.21419],[0.12082,-0.213896],[0.121268,-0.213092],[0.121198,-0.212783],[0.121081,-0.212386],[0.120983,-0.212157],[0.120866,-0.212096],[0.120698,-0.211952],[0.12039,-0.211858],[0.120208,-0.211797],[0.119848,-0.211512],[0.119694,-0.211279],[0.119567,-0.211064],[0.119394,-0.210568],[0.119151,-0.210106],[0.11903,-0.209863],[0.118623,-0.209751],[0.11846,-0.209587],[0.117927,-0.209148],[0.117465,-0.208788],[0.117306,-0.208643],[0.117502,-0.208573],[0.117656,-0.208424],[0.117764,-0.208068],[0.117792,-0.207732],[0.117497,-0.207321],[0.116848,-0.206573],[0.116706,-0.20631],[0.116685,-0.20614],[0.116563,-0.206035],[0.11638,-0.2059],[0.116261,-0.205709],[0.116261,-0.205619],[0.116129,-0.205545],[0.116015,-0.205577],[0.115836,-0.205628],[0.115492,-0.205796],[0.114801,-0.206122],[0.114044,-0.206472],[0.113448,-0.206621],[0.113166,-0.206717],[0.112998,-0.206763],[0.11239,-0.207117],[0.111764,-0.207336],[0.11146,-0.207449],[0.111245,-0.207509],[0.110594,-0.207512],[0.110107,-0.207486],[0.109877,-0.207546],[0.109587,-0.20759],[0.109353,-0.207546],[0.108888,-0.207583],[0.108695,-0.207509],[0.108613,-0.207497],[0.108334,-0.207527],[0.108178,-0.207579],[0.107821,-0.207713],[0.107624,-0.207765],[0.107461,-0.20778],[0.107397,-0.207799],[0.106938,-0.207798]]]]}},{"type":"Feature","id":130,"properties":{"Clan":"Werebrand","Name":null},"geometry":{"type":"MultiPolygon","coordinates":[[[[0.119025,-0.209839],[0.118995,-0.209631],[0.119029,-0.209349],[0.119069,-0.209066],[0.119177,-0.208943],[0.119694,-0.209033],[0.119947,-0.209185],[0.120188,-0.209319],[0.120434,-0.209382],[0.12072,-0.209464],[0.121032,-0.209534],[0.121281,-0.209646],[0.121486,-0.209824],[0.121634,-0.209943],[0.121716,-0.210014],[0.121787,-0.210051],[0.121887,-0.210103],[0.121947,-0.21017],[0.121995,-0.210218],[0.12208,-0.210174],[0.122062,-0.210014],[0.122032,-0.209914],[0.121965,-0.20981],[0.121887,-0.209724],[0.12179,-0.20959],[0.121701,-0.209434],[0.121645,-0.209174],[0.121723,-0.208772],[0.121787,-0.208412],[0.121835,-0.208308],[0.121608,-0.20823],[0.121136,-0.208152],[0.12085,-0.208029],[0.12059,-0.207947],[0.120274,-0.207906],[0.119947,-0.207921],[0.119378,-0.207869],[0.119244,-0.207828],[0.119107,-0.207754],[0.119036,-0.207706],[0.118787,-0.207635],[0.11859,-0.207598],[0.118348,-0.207505],[0.118081,-0.207509],[0.117858,-0.207587],[0.117791,-0.207698],[0.117785,-0.207813],[0.117764,-0.208068],[0.117656,-0.208424],[0.117502,-0.208573],[0.117306,-0.208643],[0.117465,-0.208788],[0.117927,-0.209148],[0.11846,-0.209587],[0.118623,-0.209751],[0.11884,-0.20981],[0.119025,-0.209839]]]]}},{"type":"Feature","id":131,"properties":{"Clan":"Werebrand","Name":null},"geometry":{"type":"MultiPolygon","coordinates":[[[[0.117857,-0.207585],[0.118055,-0.207515],[0.118057,-0.207442],[0.118207,-0.207312],[0.118267,-0.207174],[0.118462,-0.2069],[0.118513,-0.206793],[0.118601,-0.206635],[0.118705,-0.206486],[0.118772,-0.206293],[0.11882,-0.206126],[0.118835,-0.205962],[0.11885,-0.205617],[0.118846,-0.205434],[0.118839,-0.205048],[0.118846,-0.204817],[0.118902,-0.204509],[0.118932,-0.204338],[0.119003,-0.204078],[0.119066,-0.203814],[0.119133,-0.203691],[0.119274,-0.203401],[0.11943,-0.203174],[0.119634,-0.20284],[0.119779,-0.202661],[0.11988,-0.202479],[0.119909,-0.202353],[0.119913,-0.202167],[0.119898,-0.201673],[0.119876,-0.201483],[0.119872,-0.201398],[0.119813,-0.201286],[0.119686,-0.20129],[0.119538,-0.201338],[0.119296,-0.20142],[0.119047,-0.201517],[0.118779,-0.201647],[0.11843,-0.201728],[0.118103,-0.201981],[0.11782,-0.202056],[0.117519,-0.202148],[0.117237,-0.202253],[0.116958,-0.20236],[0.11691,-0.20245],[0.116865,-0.202695],[0.116757,-0.202974],[0.116713,-0.203096],[0.116627,-0.203241],[0.116382,-0.203498],[0.116319,-0.203751],[0.116293,-0.20397],[0.116263,-0.204223],[0.116278,-0.20439],[0.116326,-0.204617],[0.116282,-0.205048],[0.116293,-0.205449],[0.116156,-0.20556],[0.116261,-0.205619],[0.116261,-0.205709],[0.11638,-0.2059],[0.116563,-0.206035],[0.116685,-0.20614],[0.116706,-0.20631],[0.116848,-0.206573],[0.117497,-0.207321],[0.117789,-0.207728],[0.117791,-0.207698],[0.117837,-0.207621],[0.117857,-0.207585]]]]}},{"type":"Feature","id":132,"properties":{"Clan":"Werebrand","Name":null},"geometry":{"type":"MultiPolygon","coordinates":[[[[0.114118,-0.200494],[0.113833,-0.20067],[0.113386,-0.200688],[0.112637,-0.200699],[0.111987,-0.200676],[0.111592,-0.200374],[0.111243,-0.200258],[0.110291,-0.20027],[0.109762,-0.200264],[0.109443,-0.200502],[0.108972,-0.20063],[0.10824,-0.200804],[0.107886,-0.20085],[0.107694,-0.200821],[0.107503,-0.200717],[0.10727,-0.200525],[0.106974,-0.200397],[0.106852,-0.200339],[0.106631,-0.200223],[0.106364,-0.20013],[0.106056,-0.199927],[0.105731,-0.199793],[0.105435,-0.199753],[0.105017,-0.199625],[0.10454,-0.199213],[0.10425,-0.198905],[0.103495,-0.198301],[0.103309,-0.198045],[0.103054,-0.197749],[0.102961,-0.197575],[0.102728,-0.197511],[0.102473,-0.197639],[0.102258,-0.197551],[0.10188,-0.197424],[0.101404,-0.197342],[0.100876,-0.197482],[0.100608,-0.19761],[0.100115,-0.197952],[0.099859,-0.198173],[0.099185,-0.19876],[0.09897,-0.199038],[0.09875,-0.199375],[0.098593,-0.199782],[0.098378,-0.200061],[0.098227,-0.200363],[0.098088,-0.200694],[0.097861,-0.201123],[0.097733,-0.201414],[0.0976,-0.201727],[0.097646,-0.201931],[0.097815,-0.20203],[0.098053,-0.202372],[0.098215,-0.202709],[0.098448,-0.202965],[0.098651,-0.203336],[0.098825,-0.203993],[0.098895,-0.204463],[0.09893,-0.204881],[0.099255,-0.205943],[0.099879,-0.206032],[0.099951,-0.206093],[0.100028,-0.206149],[0.100108,-0.206199],[0.100191,-0.206244],[0.100278,-0.206283],[0.100366,-0.206316],[0.100457,-0.206342],[0.10055,-0.206363],[0.100643,-0.206376],[0.100737,-0.206384],[0.100832,-0.206385],[0.100926,-0.206379],[0.10102,-0.206367],[0.101113,-0.206349],[0.101204,-0.206324],[0.101294,-0.206293],[0.101381,-0.206256],[0.101465,-0.206212],[0.101546,-0.206164],[0.101624,-0.206109],[0.101697,-0.20605],[0.101798,-0.20595],[0.101906,-0.205857],[0.10202,-0.205771],[0.102139,-0.205693],[0.102263,-0.205623],[0.102391,-0.205561],[0.102523,-0.205509],[0.102659,-0.205465],[0.102797,-0.20543],[0.102937,-0.205404],[0.103078,-0.205388],[0.103221,-0.205381],[0.103363,-0.205384],[0.103505,-0.205396],[0.103646,-0.205418],[0.103785,-0.205449],[0.103921,-0.205489],[0.104055,-0.205538],[0.104185,-0.205596],[0.104311,-0.205663],[0.104432,-0.205737],[0.104548,-0.20582],[0.104658,-0.20591],[0.104762,-0.206007],[0.104859,-0.206111],[0.10495,-0.206222],[0.105032,-0.206338],[0.105107,-0.206459],[0.105173,-0.206585],[0.105548,-0.206924],[0.105922,-0.207298],[0.106475,-0.207619],[0.106861,-0.207767],[0.106938,-0.207798],[0.107397,-0.207799],[0.107461,-0.20778],[0.107624,-0.207765],[0.107821,-0.207713],[0.108178,-0.207579],[0.108334,-0.207527],[0.108613,-0.207497],[0.108695,-0.207509],[0.108888,-0.207583],[0.109353,-0.207546],[0.109587,-0.20759],[0.109877,-0.207546],[0.110107,-0.207486],[0.110594,-0.207512],[0.111245,-0.207509],[0.11146,-0.207449],[0.111764,-0.207336],[0.11239,-0.207117],[0.112998,-0.206763],[0.113166,-0.206717],[0.113448,-0.206621],[0.114044,-0.206472],[0.114801,-0.206122],[0.115492,-0.205796],[0.115836,-0.205628],[0.116015,-0.205577],[0.116129,-0.205545],[0.116156,-0.20556],[0.116293,-0.205449],[0.116282,-0.205048],[0.116326,-0.204617],[0.116278,-0.20439],[0.116263,-0.204223],[0.116293,-0.20397],[0.116319,-0.203751],[0.116382,-0.203498],[0.116627,-0.203241],[0.116713,-0.203096],[0.116757,-0.202974],[0.116865,-0.202695],[0.11691,-0.20245],[0.116958,-0.20236],[0.117237,-0.202253],[0.117414,-0.202187],[0.116977,-0.202197],[0.116668,-0.202297],[0.116438,-0.202342],[0.116044,-0.202279],[0.115765,-0.202037],[0.11569,-0.201877],[0.115612,-0.201688],[0.115601,-0.201628],[0.115508,-0.201621],[0.115427,-0.201583],[0.115215,-0.201331],[0.115081,-0.201167],[0.114954,-0.201011],[0.114791,-0.200825],[0.11462,-0.200725],[0.114326,-0.20058],[0.114215,-0.200535],[0.114118,-0.200494]]]]}},{"type":"Feature","id":133,"properties":{"Clan":"Werebrand","Name":null},"geometry":{"type":"MultiPolygon","coordinates":[[[[0.12201,-0.210204],[0.122359,-0.210285],[0.122954,-0.210527],[0.123292,-0.210735],[0.123463,-0.210809],[0.123998,-0.211036],[0.124433,-0.211285],[0.124827,-0.211519],[0.124946,-0.211612],[0.125043,-0.21165],[0.125247,-0.211683],[0.125444,-0.21172],[0.12553,-0.211921],[0.125679,-0.212177],[0.125928,-0.212438],[0.12618,-0.212635],[0.126634,-0.212839],[0.126872,-0.212969],[0.126913,-0.213103],[0.127143,-0.213159],[0.127552,-0.213255],[0.127931,-0.213241],[0.128121,-0.213177],[0.128303,-0.213073],[0.128571,-0.21298],[0.128801,-0.213014],[0.129035,-0.21311],[0.129225,-0.213162],[0.1296,-0.213155],[0.129734,-0.213162],[0.12989,-0.213107],[0.130359,-0.213605],[0.130522,-0.213787],[0.130619,-0.213884],[0.130738,-0.214003],[0.130875,-0.214177],[0.131024,-0.214244],[0.131139,-0.214356],[0.131321,-0.214315],[0.131555,-0.214181],[0.131738,-0.213928],[0.131931,-0.213701],[0.132028,-0.213556],[0.132083,-0.213267],[0.132173,-0.212932],[0.132262,-0.212698],[0.132344,-0.21249],[0.132444,-0.212374],[0.132578,-0.212322],[0.132857,-0.212185],[0.133176,-0.212029],[0.133551,-0.211751],[0.133632,-0.211424],[0.133696,-0.21117],[0.133759,-0.210925],[0.133968,-0.210662],[0.134122,-0.210408],[0.134268,-0.21],[0.134376,-0.209637],[0.134449,-0.209119],[0.134467,-0.208566],[0.134458,-0.207876],[0.134313,-0.207504],[0.134213,-0.207123],[0.134195,-0.206851],[0.134504,-0.206687],[0.134694,-0.20666],[0.134594,-0.206342],[0.134603,-0.20607],[0.134504,-0.205716],[0.134413,-0.20548],[0.13415,-0.205108],[0.133995,-0.204636],[0.133596,-0.203965],[0.133342,-0.203937],[0.133033,-0.20391],[0.132725,-0.203792],[0.13238,-0.203375],[0.131881,-0.202876],[0.131273,-0.202504],[0.130474,-0.202286],[0.129948,-0.202286],[0.129385,-0.202277],[0.128795,-0.202322],[0.128269,-0.202295],[0.127606,-0.201986],[0.127352,-0.201732],[0.127107,-0.20136],[0.126962,-0.201142],[0.126653,-0.201142],[0.126236,-0.201215],[0.125301,-0.201424],[0.12482,-0.201542],[0.124403,-0.201714],[0.124094,-0.201896],[0.123586,-0.202286],[0.123305,-0.202612],[0.12316,-0.202912],[0.123087,-0.203248],[0.122797,-0.203856],[0.122797,-0.204164],[0.12276,-0.204373],[0.122479,-0.204854],[0.122261,-0.205253],[0.122216,-0.20548],[0.122243,-0.205843],[0.122297,-0.206288],[0.122334,-0.206479],[0.122316,-0.206923],[0.122379,-0.207368],[0.122297,-0.207767],[0.122125,-0.207931],[0.121934,-0.208076],[0.121792,-0.208293],[0.121835,-0.208308],[0.121787,-0.208412],[0.121723,-0.208772],[0.121645,-0.209174],[0.121701,-0.209434],[0.12179,-0.20959],[0.121887,-0.209724],[0.121965,-0.20981],[0.122032,-0.209914],[0.122062,-0.210014],[0.12208,-0.210174],[0.122039,-0.210196],[0.12201,-0.210204]]]]}},{"type":"Feature","id":134,"properties":{"Clan":"Werebrand","Name":null},"geometry":{"type":"MultiPolygon","coordinates":[[[[0.135048,-0.202145],[0.135463,-0.201477],[0.135659,-0.201145],[0.135828,-0.200899],[0.135893,-0.200717],[0.135945,-0.200509],[0.135936,-0.200328],[0.13591,-0.200217],[0.135771,-0.200159],[0.135486,-0.200055],[0.135219,-0.199979],[0.134981,-0.199881],[0.134778,-0.199822],[0.134563,-0.199782],[0.134325,-0.199718],[0.134052,-0.199613],[0.13386,-0.199544],[0.133564,-0.199578],[0.133384,-0.199544],[0.133302,-0.199422],[0.133256,-0.199131],[0.133215,-0.198974],[0.133221,-0.198742],[0.133221,-0.198545],[0.133302,-0.198365],[0.133552,-0.197824],[0.133633,-0.197575],[0.133622,-0.197395],[0.133639,-0.197116],[0.133651,-0.196982],[0.133645,-0.196767],[0.133709,-0.196483],[0.133678,-0.195892],[0.133682,-0.195848],[0.133689,-0.195669],[0.133674,-0.19555],[0.133641,-0.195424],[0.133619,-0.195305],[0.133607,-0.195186],[0.133604,-0.195104],[0.133607,-0.194974],[0.133589,-0.194785],[0.13357,-0.194599],[0.133566,-0.194484],[0.133548,-0.194387],[0.133533,-0.194328],[0.133485,-0.194235],[0.133466,-0.194145],[0.133466,-0.194064],[0.133399,-0.193978],[0.133303,-0.193822],[0.133254,-0.193766],[0.133184,-0.193636],[0.133113,-0.193543],[0.133076,-0.193443],[0.133039,-0.193316],[0.132949,-0.193053],[0.132864,-0.192789],[0.132827,-0.19251],[0.132812,-0.192369],[0.132778,-0.192212],[0.132738,-0.19209],[0.13266,-0.191844],[0.132366,-0.191506],[0.132109,-0.191309],[0.131916,-0.191034],[0.131786,-0.190937],[0.131637,-0.190804],[0.131489,-0.190629],[0.131273,-0.190358],[0.131057,-0.190105],[0.130886,-0.190276],[0.130738,-0.191235],[0.130715,-0.191462],[0.130615,-0.19183],[0.130398,-0.192395],[0.130389,-0.192547],[0.130458,-0.192795],[0.130674,-0.193073],[0.130826,-0.193151],[0.130943,-0.193216],[0.131238,-0.193946],[0.131321,-0.194124],[0.131357,-0.194358],[0.131369,-0.19465],[0.13149,-0.194748],[0.131666,-0.194883],[0.131711,-0.194974],[0.131799,-0.195143],[0.132068,-0.195652],[0.132109,-0.195704],[0.13229,-0.19623],[0.132361,-0.196513],[0.132442,-0.196777],[0.132482,-0.196948],[0.132506,-0.197048],[0.13263,-0.197267],[0.132575,-0.197631],[0.13257,-0.197726],[0.132485,-0.197938],[0.132392,-0.198126],[0.132347,-0.198333],[0.132306,-0.198518],[0.132282,-0.198718],[0.132163,-0.199085],[0.132109,-0.199401],[0.132056,-0.199841],[0.132078,-0.199936],[0.132171,-0.200143],[0.13228,-0.200307],[0.132378,-0.200467],[0.132532,-0.200595],[0.132858,-0.200966],[0.133282,-0.20138],[0.133515,-0.201623],[0.133724,-0.201661],[0.133862,-0.201691],[0.134022,-0.201692],[0.134271,-0.201717],[0.134441,-0.201787],[0.134696,-0.201936],[0.134964,-0.202098],[0.135048,-0.202145]]]]}},{"type":"Feature","id":135,"properties":{"Clan":"Werebrand","Name":null},"geometry":{"type":"MultiPolygon","coordinates":[[[[0.13106,-0.1901],[0.13095,-0.189867],[0.130822,-0.1896],[0.130683,-0.188863],[0.130648,-0.188195],[0.130538,-0.187707],[0.130218,-0.187103],[0.129788,-0.18669],[0.129701,-0.186475],[0.12944,-0.186144],[0.128999,-0.185575],[0.128563,-0.185296],[0.128255,-0.184977],[0.127959,-0.184803],[0.127128,-0.184396],[0.126867,-0.184286],[0.12628,-0.183902],[0.12567,-0.183647],[0.125467,-0.183333],[0.12502,-0.183176],[0.124381,-0.183147],[0.123882,-0.183113],[0.12369,-0.183049],[0.12333,-0.182398],[0.123132,-0.182015],[0.122946,-0.181684],[0.122778,-0.181312],[0.122569,-0.181074],[0.122354,-0.181016],[0.121959,-0.181027],[0.121541,-0.181033],[0.121169,-0.181074],[0.121047,-0.181283],[0.120873,-0.181573],[0.120728,-0.181736],[0.120594,-0.181794],[0.120461,-0.181846],[0.12031,-0.182073],[0.120251,-0.182236],[0.120234,-0.182439],[0.120141,-0.182828],[0.120019,-0.183188],[0.119938,-0.183391],[0.119862,-0.183775],[0.119787,-0.184112],[0.119682,-0.184309],[0.119403,-0.185052],[0.119194,-0.185552],[0.119101,-0.185668],[0.118869,-0.186261],[0.118695,-0.186708],[0.118712,-0.186783],[0.118585,-0.186952],[0.118358,-0.187149],[0.118346,-0.187242],[0.118521,-0.187376],[0.118689,-0.187503],[0.119084,-0.187771],[0.11945,-0.188003],[0.119862,-0.188241],[0.120426,-0.188578],[0.120646,-0.188892],[0.121129,-0.189304],[0.121483,-0.189589],[0.121825,-0.190193],[0.121901,-0.19068],[0.121965,-0.191046],[0.121982,-0.191436],[0.122046,-0.191668],[0.122081,-0.192051],[0.122459,-0.192464],[0.122708,-0.192655],[0.123022,-0.193015],[0.123446,-0.193521],[0.123707,-0.193892],[0.123998,-0.194374],[0.124294,-0.194845],[0.124741,-0.194719],[0.125507,-0.19479],[0.126103,-0.195145],[0.126727,-0.195613],[0.12703,-0.195823],[0.127227,-0.195959],[0.127593,-0.196092],[0.12785,-0.196201],[0.127981,-0.196277],[0.128566,-0.196344],[0.128911,-0.196551],[0.129268,-0.196732],[0.129459,-0.196855],[0.129666,-0.196967],[0.129851,-0.196993],[0.130134,-0.196946],[0.130282,-0.196879],[0.130493,-0.196791],[0.130727,-0.196694],[0.130865,-0.196539],[0.131033,-0.196208],[0.131036,-0.195923],[0.131112,-0.195702],[0.131305,-0.195326],[0.131519,-0.195162],[0.131714,-0.194979],[0.131711,-0.194974],[0.131666,-0.194883],[0.13149,-0.194748],[0.131369,-0.19465],[0.131357,-0.194358],[0.131321,-0.194124],[0.131238,-0.193946],[0.130943,-0.193216],[0.130826,-0.193151],[0.130674,-0.193073],[0.130458,-0.192795],[0.130389,-0.192547],[0.130398,-0.192395],[0.130615,-0.19183],[0.130715,-0.191462],[0.130738,-0.191235],[0.130886,-0.190276],[0.131009,-0.190153],[0.13106,-0.1901]]]]}},{"type":"Feature","id":136,"properties":{"Clan":"Werebrand","Name":null},"geometry":{"type":"MultiPolygon","coordinates":[[[[0.119818,-0.201279],[0.119764,-0.201],[0.119716,-0.200483],[0.119561,-0.199776],[0.119697,-0.199487],[0.119808,-0.199238],[0.119873,-0.198975],[0.12003,-0.198231],[0.120054,-0.197963],[0.120068,-0.197787],[0.120108,-0.197568],[0.120333,-0.197219],[0.120468,-0.197051],[0.120549,-0.196967],[0.120647,-0.196813],[0.120972,-0.196569],[0.121221,-0.196404],[0.121264,-0.196371],[0.120788,-0.196363],[0.120606,-0.196325],[0.120354,-0.196252],[0.120176,-0.196233],[0.120013,-0.19622],[0.119794,-0.196179],[0.119578,-0.196195],[0.119402,-0.196209],[0.119274,-0.196158],[0.119123,-0.19612],[0.118985,-0.196103],[0.118912,-0.196052],[0.118785,-0.195992],[0.118665,-0.195876],[0.118579,-0.195862],[0.118454,-0.195762],[0.118268,-0.195567],[0.11814,-0.195465],[0.118005,-0.195367],[0.11787,-0.195262],[0.117778,-0.19524],[0.11745,-0.195267],[0.117179,-0.195324],[0.117028,-0.195451],[0.116938,-0.195498],[0.116895,-0.195523],[0.116739,-0.195532],[0.116624,-0.195536],[0.116448,-0.195561],[0.116544,-0.195604],[0.116669,-0.195737],[0.116723,-0.195766],[0.116825,-0.195872],[0.11694,-0.195898],[0.117059,-0.195934],[0.117188,-0.196005],[0.117316,-0.196059],[0.117391,-0.196108],[0.117529,-0.196195],[0.117678,-0.196254],[0.117781,-0.196342],[0.118008,-0.19644],[0.118184,-0.196491],[0.118387,-0.19658],[0.118532,-0.196597],[0.118727,-0.196587],[0.118809,-0.196631],[0.118872,-0.196707],[0.118929,-0.196799],[0.11897,-0.196978],[0.118969,-0.197373],[0.118942,-0.19755],[0.118813,-0.197773],[0.118743,-0.197888],[0.118697,-0.198033],[0.118706,-0.198145],[0.118688,-0.198332],[0.118697,-0.1991],[0.118688,-0.199226],[0.118627,-0.199392],[0.118572,-0.199534],[0.118525,-0.199655],[0.118482,-0.199742],[0.118399,-0.199863],[0.118326,-0.199955],[0.118231,-0.200042],[0.118094,-0.20018],[0.118035,-0.200283],[0.117957,-0.200444],[0.11786,-0.200579],[0.117631,-0.200794],[0.117321,-0.200775],[0.116973,-0.200724],[0.116488,-0.200652],[0.116108,-0.200574],[0.115324,-0.200574],[0.11495,-0.20047],[0.114449,-0.200392],[0.114305,-0.2004],[0.114156,-0.200477],[0.114135,-0.200501],[0.114215,-0.200535],[0.114326,-0.20058],[0.11462,-0.200725],[0.114791,-0.200825],[0.114954,-0.201011],[0.115081,-0.201167],[0.115215,-0.201331],[0.115427,-0.201583],[0.115508,-0.201621],[0.115601,-0.201628],[0.115612,-0.201688],[0.11569,-0.201877],[0.115765,-0.202037],[0.116044,-0.202279],[0.116438,-0.202342],[0.116668,-0.202297],[0.116977,-0.202197],[0.117414,-0.202187],[0.117519,-0.202148],[0.11782,-0.202056],[0.118103,-0.201981],[0.11843,-0.201728],[0.118779,-0.201647],[0.118823,-0.201625],[0.119818,-0.201279]]]]}},{"type":"Feature","id":137,"properties":{"Clan":"Werebrand","Name":null},"geometry":{"type":"MultiPolygon","coordinates":[[[[0.121269,-0.196371],[0.12144,-0.196324],[0.121679,-0.196236],[0.121918,-0.19619],[0.122047,-0.196123],[0.122289,-0.196009],[0.122458,-0.195937],[0.122643,-0.195872],[0.122719,-0.195808],[0.122903,-0.195689],[0.123002,-0.195625],[0.123166,-0.195553],[0.123354,-0.195461],[0.123538,-0.195313],[0.12364,-0.195212],[0.123817,-0.195115],[0.123917,-0.195052],[0.12408,-0.194981],[0.124223,-0.19488],[0.124257,-0.194856],[0.124289,-0.194837],[0.123998,-0.194374],[0.123707,-0.193892],[0.123446,-0.193521],[0.123022,-0.193015],[0.122708,-0.192655],[0.122459,-0.192464],[0.122081,-0.192051],[0.122046,-0.191668],[0.121982,-0.191436],[0.121965,-0.191046],[0.121901,-0.19068],[0.121825,-0.190193],[0.121483,-0.189589],[0.121129,-0.189304],[0.120646,-0.188892],[0.120426,-0.188578],[0.119862,-0.188241],[0.11945,-0.188003],[0.119084,-0.187771],[0.118689,-0.187503],[0.118521,-0.187376],[0.118346,-0.187242],[0.118188,-0.187376],[0.118021,-0.187506],[0.11798,-0.187677],[0.117958,-0.18799],[0.117939,-0.188291],[0.117925,-0.188462],[0.117906,-0.188599],[0.117869,-0.188904],[0.117846,-0.189261],[0.117861,-0.189748],[0.117806,-0.190094],[0.117783,-0.190216],[0.117713,-0.190297],[0.117568,-0.190367],[0.117487,-0.190384],[0.117353,-0.190437],[0.11722,-0.190489],[0.117086,-0.190582],[0.116976,-0.19064],[0.116894,-0.190704],[0.116801,-0.190762],[0.116743,-0.190814],[0.116714,-0.19089],[0.116459,-0.191174],[0.11643,-0.191285],[0.11636,-0.191372],[0.116279,-0.191418],[0.116093,-0.19154],[0.115959,-0.191633],[0.115622,-0.191865],[0.115303,-0.192005],[0.115036,-0.192115],[0.114757,-0.192359],[0.114699,-0.192551],[0.114658,-0.192795],[0.114711,-0.192928],[0.114774,-0.193039],[0.114798,-0.193172],[0.114844,-0.193248],[0.114949,-0.193288],[0.115117,-0.193416],[0.115431,-0.193567],[0.115564,-0.19366],[0.115628,-0.193776],[0.115646,-0.194003],[0.115727,-0.194299],[0.115768,-0.194427],[0.115878,-0.194491],[0.115959,-0.194531],[0.116075,-0.194671],[0.116145,-0.194781],[0.116232,-0.194909],[0.11636,-0.195141],[0.116395,-0.195298],[0.116395,-0.195397],[0.116498,-0.195554],[0.116624,-0.195536],[0.116739,-0.195532],[0.116895,-0.195523],[0.116938,-0.195498],[0.117028,-0.195451],[0.117179,-0.195324],[0.11745,-0.195267],[0.117778,-0.19524],[0.11787,-0.195262],[0.118005,-0.195367],[0.11814,-0.195465],[0.118268,-0.195567],[0.118454,-0.195762],[0.118579,-0.195862],[0.118665,-0.195876],[0.118785,-0.195992],[0.118912,-0.196052],[0.118985,-0.196103],[0.119123,-0.19612],[0.119274,-0.196158],[0.119402,-0.196209],[0.119578,-0.196195],[0.119794,-0.196179],[0.120013,-0.19622],[0.120176,-0.196233],[0.120354,-0.196252],[0.120606,-0.196325],[0.120788,-0.196363],[0.121264,-0.196371],[0.121248,-0.196383],[0.121269,-0.196371]]]]}},{"type":"Feature","id":138,"properties":{"Clan":"Vale","Name":null},"geometry":{"type":"MultiPolygon","coordinates":[[[[0.147297,-0.07164],[0.147432,-0.071744],[0.147525,-0.071826],[0.147705,-0.072014],[0.147756,-0.072063],[0.147905,-0.072175],[0.14821,-0.072303],[0.14853,-0.072471],[0.148716,-0.072557],[0.148818,-0.072699],[0.149241,-0.072326],[0.149607,-0.071982],[0.149602,-0.071344],[0.149498,-0.070896],[0.149438,-0.070541],[0.149202,-0.070022],[0.149048,-0.069823],[0.148616,-0.069624],[0.148407,-0.069521],[0.147994,-0.069457],[0.147859,-0.069484],[0.147713,-0.069722],[0.147673,-0.069836],[0.147697,-0.070112],[0.147647,-0.070623],[0.147599,-0.070991],[0.147491,-0.071173],[0.147342,-0.071401],[0.147297,-0.07164]]]]}},{"type":"Feature","id":139,"properties":{"Clan":"Outer Blood","Name":null},"geometry":{"type":"MultiPolygon","coordinates":[[[[0.150862,-0.072152],[0.150873,-0.072144],[0.150872,-0.072142],[0.151129,-0.072127],[0.151336,-0.072213],[0.151638,-0.072372],[0.151916,-0.072483],[0.152176,-0.072581],[0.152547,-0.072605],[0.153067,-0.072602],[0.153217,-0.072623],[0.153292,-0.072549],[0.153322,-0.072161],[0.153421,-0.071859],[0.153515,-0.071615],[0.15347,-0.071356],[0.153476,-0.071094],[0.1535,-0.070825],[0.15343,-0.070159],[0.153343,-0.069758],[0.153277,-0.069448],[0.153243,-0.069038],[0.153135,-0.068715],[0.152855,-0.068733],[0.152282,-0.068881],[0.151926,-0.068975],[0.151631,-0.069119],[0.151269,-0.069379],[0.151118,-0.069695],[0.151052,-0.070008],[0.151052,-0.070322],[0.150907,-0.070626],[0.150699,-0.071244],[0.150808,-0.071841],[0.150862,-0.072152]]]]}},{"type":"Feature","id":140,"properties":{"Clan":"Outer Blood","Name":null},"geometry":{"type":"MultiPolygon","coordinates":[[[[0.151597,-0.069153],[0.15162,-0.069127],[0.151631,-0.069119],[0.151926,-0.068975],[0.152282,-0.068881],[0.152855,-0.068733],[0.153135,-0.068715],[0.153137,-0.068723],[0.153161,-0.068626],[0.153429,-0.068654],[0.153655,-0.068494],[0.153815,-0.06839],[0.154013,-0.068291],[0.154168,-0.068277],[0.154258,-0.068244],[0.15438,-0.068051],[0.154498,-0.067858],[0.154559,-0.067665],[0.154668,-0.067198],[0.154555,-0.067081],[0.154211,-0.067001],[0.154055,-0.066817],[0.153933,-0.066544],[0.153825,-0.066186],[0.153801,-0.065847],[0.153773,-0.06555],[0.153768,-0.065371],[0.153895,-0.065216],[0.154103,-0.065079],[0.153843,-0.065164],[0.153646,-0.065442],[0.153669,-0.065555],[0.153589,-0.065771],[0.153448,-0.065983],[0.15334,-0.066106],[0.153057,-0.066431],[0.152873,-0.066596],[0.152779,-0.066874],[0.152647,-0.067062],[0.152416,-0.067425],[0.152186,-0.067778],[0.15211,-0.068056],[0.152016,-0.068428],[0.151856,-0.068729],[0.151597,-0.069153]]]]}},{"type":"Feature","id":141,"properties":{"Clan":"Outer Blood","Name":null},"geometry":{"type":"MultiPolygon","coordinates":[[[[0.153126,-0.076469],[0.153068,-0.076689],[0.153029,-0.07742],[0.152887,-0.078021],[0.152918,-0.078064],[0.152951,-0.078104],[0.152987,-0.078141],[0.153025,-0.078177],[0.153066,-0.078209],[0.153109,-0.078239],[0.153153,-0.078267],[0.153199,-0.078291],[0.153247,-0.078312],[0.153296,-0.07833],[0.153346,-0.078345],[0.153385,-0.078374],[0.153426,-0.0784],[0.153469,-0.078423],[0.153513,-0.078444],[0.153559,-0.078462],[0.153605,-0.078476],[0.153652,-0.078488],[0.1537,-0.078496],[0.153749,-0.078502],[0.153797,-0.078504],[0.153846,-0.078503],[0.153895,-0.078499],[0.153943,-0.078491],[0.15399,-0.078481],[0.154037,-0.078467],[0.154083,-0.078451],[0.154128,-0.078431],[0.154171,-0.078409],[0.154213,-0.078384],[0.154267,-0.078412],[0.154323,-0.078437],[0.15438,-0.078457],[0.154439,-0.078474],[0.154499,-0.078486],[0.154559,-0.078493],[0.15462,-0.078497],[0.154681,-0.078496],[0.154742,-0.078491],[0.154803,-0.078481],[0.154862,-0.078467],[0.154921,-0.078449],[0.154977,-0.078427],[0.155033,-0.078401],[0.155086,-0.078371],[0.155115,-0.078362],[0.155145,-0.078356],[0.155175,-0.078352],[0.155205,-0.07835],[0.155235,-0.078351],[0.155265,-0.078353],[0.155295,-0.078358],[0.155325,-0.078364],[0.155354,-0.078373],[0.155382,-0.078384],[0.155409,-0.078397],[0.155436,-0.078412],[0.155461,-0.078429],[0.155486,-0.078436],[0.155511,-0.078441],[0.155537,-0.078445],[0.155563,-0.078446],[0.155589,-0.078446],[0.155615,-0.078445],[0.15564,-0.078441],[0.155666,-0.078436],[0.155691,-0.078429],[0.155715,-0.07842],[0.155739,-0.07841],[0.156586,-0.078422],[0.156754,-0.078319],[0.156929,-0.07828],[0.157324,-0.0783],[0.157705,-0.078358],[0.157841,-0.078364],[0.158074,-0.078332],[0.158352,-0.07839],[0.158701,-0.078274],[0.158719,-0.078278],[0.158736,-0.078281],[0.158754,-0.078283],[0.158772,-0.078284],[0.158789,-0.078284],[0.158807,-0.078282],[0.158825,-0.078279],[0.158842,-0.078275],[0.158859,-0.07827],[0.158876,-0.078264],[0.158892,-0.078256],[0.158908,-0.078247],[0.158923,-0.078238],[0.158937,-0.078227],[0.15895,-0.078215],[0.158963,-0.078203],[0.158975,-0.078189],[0.158986,-0.078175],[0.158995,-0.07816],[0.159004,-0.078145],[0.159012,-0.078129],[0.159018,-0.078112],[0.159024,-0.078095],[0.159028,-0.078078],[0.159031,-0.07806],[0.159128,-0.078054],[0.159439,-0.077763],[0.159639,-0.077601],[0.159762,-0.077582],[0.159898,-0.077562],[0.160021,-0.077316],[0.160131,-0.077174],[0.160312,-0.077103],[0.160629,-0.077064],[0.160655,-0.076922],[0.160635,-0.076534],[0.160441,-0.07634],[0.160247,-0.076191],[0.160092,-0.075997],[0.159872,-0.075965],[0.159762,-0.075861],[0.159594,-0.075596],[0.159445,-0.07548],[0.159206,-0.07537],[0.15896,-0.075415],[0.158721,-0.075493],[0.158494,-0.075615],[0.15832,-0.075706],[0.158158,-0.075777],[0.15797,-0.075855],[0.15786,-0.075868],[0.157621,-0.075881],[0.15722,-0.076023],[0.156897,-0.076101],[0.155952,-0.076185],[0.153592,-0.076405],[0.153126,-0.076469]]]]}},{"type":"Feature","id":142,"properties":{"Clan":"Outer Blood","Name":null},"geometry":{"type":"MultiPolygon","coordinates":[[[[0.206449,-0.136976],[0.206634,-0.13677],[0.206874,-0.136536],[0.207074,-0.136379],[0.207307,-0.136178],[0.207307,-0.136177],[0.207484,-0.136026],[0.207668,-0.135836],[0.207788,-0.135618],[0.207866,-0.135424],[0.207899,-0.135221],[0.20794,-0.134947],[0.207927,-0.134633],[0.207933,-0.134269],[0.207982,-0.13408],[0.208049,-0.133879],[0.208053,-0.13371],[0.207828,-0.133714],[0.207728,-0.133686],[0.207556,-0.133651],[0.207322,-0.133607],[0.20718,-0.133554],[0.207048,-0.133503],[0.206809,-0.133404],[0.206632,-0.133304],[0.206533,-0.133184],[0.206397,-0.133174],[0.206283,-0.133274],[0.206206,-0.13343],[0.206139,-0.133544],[0.206021,-0.13371],[0.206044,-0.13413],[0.206078,-0.134366],[0.206177,-0.134599],[0.206295,-0.134936],[0.206362,-0.135098],[0.206374,-0.135344],[0.206293,-0.135645],[0.206218,-0.135888],[0.206198,-0.136186],[0.206291,-0.136773],[0.206449,-0.136976]]]]}},{"type":"Feature","id":143,"properties":{"Clan":"Steelheart","Name":null},"geometry":{"type":"MultiPolygon","coordinates":[[[[0.029377,-0.060626],[0.029483,-0.060895],[0.029744,-0.061347],[0.030079,-0.061651],[0.030621,-0.061924],[0.031085,-0.062181],[0.031283,-0.06229],[0.031556,-0.062236],[0.031716,-0.062197],[0.031923,-0.062099],[0.032102,-0.061994],[0.032199,-0.061897],[0.032457,-0.061639],[0.032675,-0.061495],[0.032784,-0.061359],[0.032924,-0.061207],[0.03308,-0.061101],[0.033228,-0.060926],[0.033283,-0.060758],[0.033365,-0.060501],[0.033521,-0.060154],[0.034277,-0.059546],[0.034382,-0.059305],[0.034608,-0.058962],[0.034846,-0.058802],[0.03501,-0.058712],[0.035177,-0.058595],[0.035337,-0.058467],[0.035555,-0.058237],[0.03575,-0.058003],[0.035848,-0.057874],[0.036023,-0.057562],[0.036195,-0.057352],[0.03623,-0.057161],[0.036113,-0.057114],[0.03591,-0.057165],[0.035754,-0.057219],[0.035594,-0.057223],[0.03538,-0.057133],[0.035158,-0.057036],[0.03506,-0.057028],[0.034776,-0.057087],[0.034585,-0.057145],[0.034343,-0.057204],[0.034125,-0.057219],[0.033996,-0.057188],[0.033739,-0.057165],[0.033626,-0.057165],[0.033338,-0.05718],[0.03308,-0.057289],[0.032967,-0.057504],[0.032632,-0.057906],[0.032589,-0.058132],[0.032327,-0.05846],[0.032217,-0.058734],[0.032017,-0.058948],[0.031876,-0.059112],[0.031767,-0.059222],[0.031487,-0.059404],[0.03117,-0.059484],[0.030951,-0.059569],[0.030817,-0.059654],[0.030354,-0.059916],[0.030202,-0.060135],[0.030055,-0.060251],[0.029909,-0.060306],[0.029727,-0.060379],[0.029764,-0.060471],[0.029377,-0.060626]]]]}},{"type":"Feature","id":144,"properties":{"Clan":"Steelheart","Name":null},"geometry":{"type":"MultiPolygon","coordinates":[[[[0.033057,-0.056405],[0.032981,-0.056263],[0.032944,-0.056115],[0.032949,-0.056002],[0.032989,-0.055834],[0.033029,-0.055698],[0.033037,-0.055559],[0.032992,-0.05544],[0.032896,-0.05538],[0.03262,-0.055247],[0.03226,-0.055204],[0.031987,-0.055034],[0.031772,-0.054895],[0.031479,-0.054736],[0.031275,-0.054537],[0.031156,-0.054506],[0.031048,-0.05435],[0.031079,-0.054214],[0.031334,-0.054021],[0.031576,-0.053981],[0.031681,-0.053984],[0.031919,-0.053862],[0.03199,-0.053794],[0.031987,-0.053765],[0.031828,-0.053831],[0.031729,-0.053879],[0.031627,-0.053924],[0.031562,-0.053938],[0.031431,-0.053916],[0.031147,-0.05387],[0.030736,-0.053797],[0.030548,-0.053828],[0.030134,-0.05378],[0.029575,-0.053714],[0.029456,-0.053723],[0.029237,-0.053655],[0.029027,-0.053564],[0.028837,-0.053459],[0.028527,-0.053348],[0.02834,-0.053518],[0.028031,-0.05391],[0.027875,-0.054293],[0.027747,-0.054634],[0.027386,-0.055196],[0.027171,-0.055389],[0.026771,-0.055641],[0.026532,-0.055766],[0.026223,-0.05592],[0.025936,-0.056047],[0.025752,-0.056138],[0.025672,-0.056206],[0.02601,-0.056235],[0.026461,-0.056274],[0.026856,-0.056314],[0.0271,-0.056413],[0.027602,-0.056604],[0.027667,-0.056666],[0.027886,-0.056754],[0.028124,-0.056822],[0.028522,-0.05687],[0.028956,-0.056805],[0.029345,-0.056694],[0.029651,-0.0567],[0.030032,-0.056765],[0.030934,-0.05672],[0.031383,-0.056723],[0.031658,-0.056581],[0.032058,-0.056411],[0.032407,-0.056334],[0.032819,-0.056362],[0.033057,-0.056405]]]]}},{"type":"Feature","id":145,"properties":{"Clan":"Steelheart","Name":null},"geometry":{"type":"MultiPolygon","coordinates":[[[[0.033058,-0.056405],[0.032828,-0.056364],[0.032819,-0.056362],[0.032407,-0.056334],[0.032058,-0.056411],[0.031658,-0.056581],[0.031383,-0.056723],[0.030934,-0.05672],[0.030032,-0.056765],[0.029651,-0.0567],[0.029345,-0.056694],[0.028956,-0.056805],[0.028522,-0.05687],[0.028124,-0.056822],[0.027886,-0.056754],[0.027667,-0.056666],[0.027602,-0.056604],[0.0271,-0.056413],[0.026856,-0.056314],[0.026461,-0.056274],[0.02601,-0.056235],[0.025672,-0.056206],[0.025687,-0.056193],[0.025584,-0.056278],[0.025323,-0.056526],[0.025123,-0.056827],[0.024959,-0.057094],[0.024822,-0.057377],[0.024684,-0.057692],[0.024604,-0.058003],[0.024542,-0.058207],[0.024276,-0.058814],[0.024187,-0.059036],[0.024019,-0.059355],[0.023961,-0.059617],[0.02401,-0.059737],[0.02417,-0.059892],[0.024249,-0.060056],[0.024298,-0.060287],[0.024378,-0.060562],[0.02464,-0.060566],[0.024932,-0.060655],[0.025141,-0.060695],[0.025691,-0.061041],[0.02617,-0.061134],[0.026587,-0.061111],[0.026786,-0.061036],[0.027105,-0.060814],[0.027363,-0.060766],[0.027548,-0.060722],[0.027858,-0.060401],[0.028255,-0.059987],[0.028451,-0.059944],[0.02859,-0.060075],[0.028632,-0.06014],[0.02874,-0.060373],[0.028982,-0.060398],[0.02918,-0.060518],[0.02938,-0.060625],[0.029764,-0.060471],[0.029727,-0.060379],[0.029909,-0.060306],[0.030055,-0.060251],[0.030202,-0.060135],[0.030354,-0.059916],[0.030817,-0.059654],[0.030951,-0.059569],[0.03117,-0.059484],[0.031487,-0.059404],[0.031767,-0.059222],[0.031876,-0.059112],[0.032017,-0.058948],[0.032217,-0.058734],[0.032327,-0.05846],[0.032589,-0.058132],[0.032632,-0.057906],[0.032967,-0.057504],[0.03308,-0.057289],[0.033338,-0.05718],[0.033505,-0.057171],[0.033505,-0.057125],[0.033488,-0.057038],[0.033456,-0.056941],[0.03336,-0.056821],[0.033304,-0.056698],[0.033235,-0.056578],[0.033182,-0.056492],[0.033058,-0.056405]]]]}},{"type":"Feature","id":146,"properties":{"Clan":"Longservant","Name":null},"geometry":{"type":"MultiPolygon","coordinates":[[[[0.075631,-0.100539],[0.079702,-0.100539],[0.08017,-0.100553],[0.080473,-0.10067],[0.080879,-0.100898],[0.081284,-0.101201],[0.081499,-0.101348],[0.08168,-0.101363],[0.081983,-0.101363],[0.082141,-0.101367],[0.082365,-0.101438],[0.082825,-0.10151],[0.08306,-0.101536],[0.083348,-0.101606],[0.083619,-0.101644],[0.083896,-0.10168],[0.084228,-0.101772],[0.084513,-0.101863],[0.084742,-0.101918],[0.084973,-0.102012],[0.085225,-0.102067],[0.085444,-0.10209],[0.08551,-0.102107],[0.085562,-0.102128],[0.0856,-0.102186],[0.0856,-0.102222],[0.085691,-0.102061],[0.085939,-0.101922],[0.086384,-0.101688],[0.086581,-0.101615],[0.0868,-0.101535],[0.086954,-0.101491],[0.087107,-0.101425],[0.087224,-0.10136],[0.08745,-0.101265],[0.087684,-0.10106],[0.087947,-0.100834],[0.088275,-0.1006],[0.088721,-0.100308],[0.089203,-0.099863],[0.089385,-0.099082],[0.089517,-0.098169],[0.089685,-0.097541],[0.089809,-0.097001],[0.089758,-0.096544],[0.089616,-0.09631],[0.089433,-0.096006],[0.089054,-0.095662],[0.088816,-0.095427],[0.088661,-0.095221],[0.08823,-0.094903],[0.087672,-0.094524],[0.087444,-0.094311],[0.086948,-0.094],[0.086538,-0.093783],[0.086031,-0.09358],[0.085114,-0.093373],[0.084693,-0.09328],[0.083866,-0.092832],[0.083211,-0.092346],[0.082511,-0.091705],[0.082156,-0.091408],[0.081812,-0.091215],[0.081491,-0.09115],[0.081433,-0.091077],[0.081122,-0.091088],[0.081098,-0.091222],[0.081067,-0.091384],[0.081012,-0.091567],[0.080988,-0.091763],[0.080922,-0.091984],[0.080874,-0.09217],[0.080867,-0.092232],[0.080791,-0.092456],[0.080822,-0.092666],[0.080843,-0.092821],[0.080764,-0.093056],[0.080722,-0.093211],[0.080616,-0.093428],[0.08055,-0.093604],[0.080443,-0.093928],[0.080336,-0.094111],[0.080257,-0.094211],[0.079733,-0.094824],[0.079599,-0.095217],[0.079034,-0.095865],[0.078576,-0.096468],[0.07786,-0.096877],[0.07765,-0.097222],[0.07759,-0.097454],[0.077461,-0.097739],[0.077283,-0.097965],[0.077036,-0.098369],[0.076772,-0.098763],[0.076637,-0.098951],[0.076405,-0.09907],[0.076368,-0.09929],[0.076158,-0.099468],[0.076147,-0.099694],[0.075921,-0.099942],[0.075899,-0.100152],[0.075721,-0.100287],[0.075631,-0.100539]]]]}},{"type":"Feature","id":147,"properties":{"Clan":"Longservant","Name":null},"geometry":{"type":"MultiPolygon","coordinates":[[[[0.083828,-0.092825],[0.084026,-0.092918],[0.084693,-0.09328],[0.085114,-0.093373],[0.086031,-0.09358],[0.086538,-0.093783],[0.086948,-0.094],[0.087444,-0.094311],[0.087672,-0.094524],[0.08823,-0.094903],[0.088661,-0.095221],[0.088816,-0.095427],[0.089054,-0.095662],[0.089433,-0.096006],[0.089616,-0.09631],[0.089758,-0.096544],[0.089758,-0.096541],[0.089999,-0.096548],[0.090305,-0.096438],[0.090812,-0.09581],[0.091328,-0.095271],[0.091692,-0.095029],[0.092303,-0.095048],[0.092459,-0.095013],[0.092651,-0.095009],[0.092883,-0.095043],[0.092889,-0.09506],[0.092889,-0.095044],[0.093044,-0.094978],[0.093198,-0.094941],[0.09353,-0.094857],[0.093656,-0.094843],[0.093768,-0.09481],[0.093978,-0.09474],[0.094114,-0.094656],[0.094403,-0.094558],[0.094628,-0.094487],[0.094922,-0.094403],[0.0951,-0.094319],[0.095371,-0.09416],[0.095544,-0.0941],[0.095735,-0.093992],[0.095759,-0.09395],[0.095838,-0.093889],[0.09603,-0.093796],[0.096118,-0.093768],[0.096231,-0.093716],[0.096385,-0.093665],[0.09645,-0.093623],[0.096609,-0.093525],[0.096665,-0.093469],[0.096824,-0.093389],[0.096903,-0.09331],[0.097016,-0.093254],[0.097245,-0.093179],[0.097469,-0.092969],[0.097829,-0.092702],[0.098146,-0.09253],[0.098623,-0.092305],[0.098581,-0.092201],[0.098433,-0.091987],[0.098299,-0.091743],[0.098182,-0.091563],[0.097975,-0.091381],[0.097885,-0.091263],[0.097789,-0.091046],[0.097637,-0.090657],[0.097551,-0.090309],[0.097444,-0.090209],[0.097316,-0.089981],[0.097082,-0.089736],[0.096513,-0.089088],[0.096251,-0.088768],[0.096058,-0.088588],[0.095634,-0.08842],[0.095031,-0.088351],[0.094693,-0.088116],[0.094183,-0.087703],[0.093321,-0.087382],[0.093008,-0.087141],[0.092735,-0.086951],[0.09238,-0.086762],[0.091901,-0.086444],[0.091612,-0.086313],[0.091332,-0.08622],[0.091084,-0.086127],[0.090829,-0.085948],[0.090705,-0.086169],[0.090495,-0.086538],[0.090309,-0.086731],[0.090064,-0.086917],[0.089864,-0.087265],[0.089647,-0.08752],[0.089361,-0.087951],[0.089085,-0.088185],[0.08884,-0.088406],[0.088233,-0.088899],[0.08792,-0.089047],[0.087406,-0.089478],[0.086972,-0.089957],[0.08641,-0.090698],[0.085845,-0.091139],[0.084973,-0.091811],[0.084159,-0.092508],[0.083828,-0.092825]]]]}},{"type":"Feature","id":148,"properties":{"Clan":"Longservant","Name":null},"geometry":{"type":"MultiPolygon","coordinates":[[[[0.09879,-0.083693],[0.098967,-0.083079],[0.098876,-0.082325],[0.098843,-0.081834],[0.098488,-0.081199],[0.097912,-0.08066],[0.097551,-0.080316],[0.097271,-0.079966],[0.096958,-0.079615],[0.096538,-0.079195],[0.096032,-0.078834],[0.094858,-0.077881],[0.094486,-0.077316],[0.09419,-0.077165],[0.093786,-0.077219],[0.093522,-0.077289],[0.092892,-0.077763],[0.092553,-0.07835],[0.092165,-0.078797],[0.091422,-0.079071],[0.090883,-0.079346],[0.089957,-0.080181],[0.089456,-0.080558],[0.088858,-0.081172],[0.088632,-0.081409],[0.088459,-0.081608],[0.08833,-0.081657],[0.088163,-0.08177],[0.088255,-0.081948],[0.088459,-0.082265],[0.088772,-0.082659],[0.089149,-0.082955],[0.089483,-0.083466],[0.08958,-0.083757],[0.089633,-0.083962],[0.089811,-0.084161],[0.089951,-0.084366],[0.090043,-0.08463],[0.090048,-0.084802],[0.090156,-0.085012],[0.09022,-0.085109],[0.090383,-0.085258],[0.090468,-0.085376],[0.090585,-0.085544],[0.090644,-0.08573],[0.090703,-0.085839],[0.090855,-0.085966],[0.091084,-0.086127],[0.091332,-0.08622],[0.091612,-0.086313],[0.091901,-0.086444],[0.09238,-0.086762],[0.092735,-0.086951],[0.093008,-0.087141],[0.093321,-0.087382],[0.094183,-0.087703],[0.094693,-0.088116],[0.095031,-0.088351],[0.095634,-0.08842],[0.096058,-0.088588],[0.096251,-0.088768],[0.096513,-0.089088],[0.097082,-0.089736],[0.097224,-0.089884],[0.09731,-0.089787],[0.097315,-0.089754],[0.097346,-0.089322],[0.097336,-0.089227],[0.097304,-0.089017],[0.097315,-0.088901],[0.097336,-0.088585],[0.097357,-0.088332],[0.097378,-0.088132],[0.097389,-0.087964],[0.097389,-0.087679],[0.097357,-0.087521],[0.097357,-0.087405],[0.097368,-0.087142],[0.097399,-0.087016],[0.097494,-0.086605],[0.097525,-0.086394],[0.097557,-0.086121],[0.097547,-0.085784],[0.097641,-0.085173],[0.097789,-0.084573],[0.097936,-0.084014],[0.098084,-0.083699],[0.098536,-0.083677],[0.098584,-0.083681],[0.09879,-0.083693]]]]}},{"type":"Feature","id":149,"properties":{"Clan":"Longservant","Name":null},"geometry":{"type":"MultiPolygon","coordinates":[[[[0.081171,-0.091007],[0.081158,-0.091086],[0.081433,-0.091077],[0.081491,-0.09115],[0.081812,-0.091215],[0.082156,-0.091408],[0.082511,-0.091705],[0.083211,-0.092346],[0.083841,-0.092813],[0.084159,-0.092508],[0.084973,-0.091811],[0.085845,-0.091139],[0.08641,-0.090698],[0.086972,-0.089957],[0.087406,-0.089478],[0.08792,-0.089047],[0.088233,-0.088899],[0.08884,-0.088406],[0.089085,-0.088185],[0.089361,-0.087951],[0.089647,-0.08752],[0.089864,-0.087265],[0.090064,-0.086917],[0.090309,-0.086731],[0.090495,-0.086538],[0.090705,-0.086169],[0.090829,-0.085948],[0.090855,-0.085966],[0.090703,-0.085839],[0.090644,-0.08573],[0.090585,-0.085544],[0.090468,-0.085376],[0.090383,-0.085258],[0.09022,-0.085109],[0.090156,-0.085012],[0.090048,-0.084802],[0.090043,-0.08463],[0.089951,-0.084366],[0.089811,-0.084161],[0.089633,-0.083962],[0.08958,-0.083757],[0.089483,-0.083466],[0.089149,-0.082955],[0.088772,-0.082659],[0.088459,-0.082265],[0.088255,-0.081948],[0.088244,-0.081928],[0.088114,-0.081789],[0.087956,-0.081618],[0.087706,-0.08146],[0.087496,-0.081158],[0.087193,-0.080895],[0.086878,-0.080553],[0.086681,-0.080172],[0.086483,-0.079882],[0.08651,-0.079014],[0.086391,-0.079738],[0.086207,-0.080316],[0.086063,-0.080711],[0.085655,-0.081355],[0.085168,-0.081999],[0.084051,-0.082986],[0.083235,-0.083827],[0.082446,-0.084432],[0.081368,-0.085234],[0.080303,-0.085681],[0.079803,-0.086115],[0.080119,-0.086746],[0.080382,-0.087312],[0.080632,-0.087811],[0.080763,-0.088456],[0.080855,-0.089297],[0.080763,-0.089955],[0.080947,-0.090599],[0.081171,-0.091007]]]]}},{"type":"Feature","id":150,"properties":{"Clan":"Longservant","Name":null},"geometry":{"type":"MultiPolygon","coordinates":[[[[0.094206,-0.07717],[0.094195,-0.076228],[0.09412,-0.074811],[0.094039,-0.074154],[0.093985,-0.073594],[0.094292,-0.073438],[0.094319,-0.072958],[0.09426,-0.072592],[0.094109,-0.07179],[0.094007,-0.071052],[0.093915,-0.070395],[0.093619,-0.069668],[0.093468,-0.069458],[0.093129,-0.069172],[0.092757,-0.069075],[0.092402,-0.068854],[0.091858,-0.068558],[0.091217,-0.06816],[0.090964,-0.068036],[0.090711,-0.067939],[0.089983,-0.067599],[0.089423,-0.067346],[0.088804,-0.068736],[0.088486,-0.069398],[0.087824,-0.070502],[0.087457,-0.071197],[0.087124,-0.071849],[0.08694,-0.072258],[0.086698,-0.072646],[0.086305,-0.072894],[0.086483,-0.073276],[0.086682,-0.073615],[0.086779,-0.074019],[0.08684,-0.074192],[0.087026,-0.074613],[0.087135,-0.07516],[0.087244,-0.075892],[0.08732,-0.076506],[0.087261,-0.076834],[0.087093,-0.077179],[0.086815,-0.077617],[0.086748,-0.077878],[0.086664,-0.078164],[0.086563,-0.07866],[0.086501,-0.079291],[0.086483,-0.079882],[0.086681,-0.080172],[0.086878,-0.080553],[0.087193,-0.080895],[0.087496,-0.081158],[0.087706,-0.08146],[0.087956,-0.081618],[0.088114,-0.081789],[0.088244,-0.081928],[0.088163,-0.08177],[0.08833,-0.081657],[0.088459,-0.081608],[0.088632,-0.081409],[0.088858,-0.081172],[0.089456,-0.080558],[0.089957,-0.080181],[0.090883,-0.079346],[0.091422,-0.079071],[0.092165,-0.078797],[0.092553,-0.07835],[0.092892,-0.077763],[0.093522,-0.077289],[0.093786,-0.077219],[0.094109,-0.077176],[0.094206,-0.07717]]]]}},{"type":"Feature","id":151,"properties":{"Clan":"Sel Serro Abbey","Name":null},"geometry":{"type":"MultiPolygon","coordinates":[[[[0.089423,-0.067335],[0.089633,-0.067109],[0.089666,-0.06677],[0.089773,-0.06614],[0.089919,-0.065326],[0.090145,-0.063619],[0.090188,-0.06321],[0.090102,-0.06272],[0.090177,-0.061734],[0.09021,-0.061179],[0.09014,-0.060867],[0.090054,-0.06042],[0.090027,-0.059407],[0.089983,-0.059014],[0.089892,-0.058804],[0.089703,-0.058287],[0.089666,-0.058055],[0.089714,-0.057592],[0.089617,-0.057264],[0.089531,-0.057],[0.089391,-0.056553],[0.08931,-0.056213],[0.089273,-0.055987],[0.089149,-0.055454],[0.089084,-0.054975],[0.089095,-0.054603],[0.089009,-0.054108],[0.089014,-0.052923],[0.089273,-0.052486],[0.089407,-0.051167],[0.089423,-0.050752],[0.089606,-0.049346],[0.089493,-0.049055],[0.089229,-0.048361],[0.088955,-0.048108],[0.088712,-0.047967],[0.088395,-0.047617],[0.088093,-0.047294],[0.087808,-0.047046],[0.08742,-0.046788],[0.087097,-0.046589],[0.086768,-0.046427],[0.086413,-0.046298],[0.0861,-0.046147],[0.085826,-0.045948],[0.08561,-0.045738],[0.084948,-0.044951],[0.084619,-0.044634],[0.084161,-0.044375],[0.083693,-0.044084],[0.083488,-0.04396],[0.083057,-0.043836],[0.082427,-0.04382],[0.082061,-0.04388],[0.081743,-0.043923],[0.081463,-0.04403],[0.08108,-0.044133],[0.080838,-0.044278],[0.080725,-0.044418],[0.079799,-0.045161],[0.079206,-0.045711],[0.078662,-0.046045],[0.078274,-0.046255],[0.07794,-0.04633],[0.077827,-0.046416],[0.077698,-0.046589],[0.07765,-0.046739],[0.077655,-0.046842],[0.07765,-0.047052],[0.077655,-0.047192],[0.07765,-0.04737],[0.077687,-0.047504],[0.077747,-0.047623],[0.078063,-0.048364],[0.078416,-0.048415],[0.078686,-0.048423],[0.079064,-0.048558],[0.079611,-0.048709],[0.080318,-0.048945],[0.080966,-0.04908],[0.081547,-0.049551],[0.081858,-0.049997],[0.082271,-0.050367],[0.082776,-0.05083],[0.083096,-0.05136],[0.083272,-0.052],[0.083474,-0.052631],[0.083786,-0.05354],[0.083828,-0.054112],[0.083849,-0.054296],[0.083881,-0.054544],[0.083951,-0.054775],[0.084091,-0.055045],[0.084086,-0.055115],[0.084291,-0.055341],[0.084339,-0.055459],[0.084312,-0.055783],[0.084258,-0.056052],[0.084208,-0.056437],[0.084222,-0.057094],[0.084274,-0.057883],[0.084419,-0.058686],[0.0848,-0.059435],[0.084905,-0.059803],[0.084958,-0.060224],[0.084905,-0.060987],[0.084787,-0.061565],[0.084721,-0.06196],[0.084793,-0.062644],[0.084854,-0.063631],[0.084834,-0.063918],[0.084361,-0.064473],[0.083519,-0.065747],[0.08317,-0.066137],[0.082709,-0.06718],[0.082591,-0.06764],[0.082565,-0.068127],[0.082486,-0.068548],[0.082157,-0.069442],[0.081776,-0.070218],[0.081579,-0.070494],[0.081132,-0.071191],[0.080869,-0.071703],[0.0805,-0.072427],[0.079895,-0.072861],[0.079561,-0.072915],[0.078944,-0.073067],[0.078154,-0.073115],[0.077727,-0.073266],[0.077479,-0.073494],[0.077365,-0.073701],[0.077341,-0.073918],[0.077324,-0.074404],[0.077386,-0.074773],[0.07741,-0.075024],[0.077513,-0.075452],[0.077744,-0.075797],[0.078044,-0.075952],[0.078423,-0.076093],[0.078902,-0.076286],[0.079465,-0.076475],[0.080165,-0.076567],[0.080887,-0.076438],[0.081312,-0.076303],[0.081845,-0.076163],[0.082341,-0.075996],[0.082702,-0.075861],[0.082987,-0.075538],[0.083531,-0.075167],[0.084086,-0.074703],[0.084684,-0.074273],[0.085109,-0.073987],[0.086003,-0.072948],[0.086337,-0.072873],[0.086698,-0.072646],[0.08694,-0.072258],[0.087124,-0.071849],[0.087457,-0.071197],[0.087824,-0.070502],[0.088486,-0.069398],[0.088804,-0.068736],[0.089423,-0.067346],[0.089533,-0.067396],[0.089423,-0.067335]]]]}},{"type":"Feature","id":152,"properties":{"Clan":"Steelheart","Name":null},"geometry":{"type":"MultiPolygon","coordinates":[[[[0.103999,-0.04547],[0.104515,-0.045492],[0.104529,-0.045241],[0.104599,-0.044961],[0.104646,-0.044827],[0.104775,-0.044709],[0.104925,-0.044671],[0.105113,-0.044621],[0.105316,-0.044587],[0.105416,-0.044607],[0.105488,-0.0446],[0.105746,-0.044584],[0.105671,-0.044538],[0.105534,-0.044502],[0.105409,-0.044467],[0.105233,-0.044402],[0.105151,-0.044347],[0.105076,-0.044234],[0.104987,-0.044102],[0.1049,-0.044002],[0.104822,-0.043994],[0.104725,-0.044002],[0.104622,-0.044034],[0.104497,-0.044037],[0.104402,-0.044061],[0.104238,-0.044095],[0.104109,-0.044138],[0.104006,-0.044161],[0.103934,-0.044161],[0.103806,-0.044195],[0.103809,-0.044247],[0.103895,-0.044255],[0.103922,-0.044277],[0.103744,-0.04457],[0.103554,-0.044677],[0.103478,-0.044721],[0.103382,-0.044777],[0.103547,-0.044835],[0.103673,-0.044953],[0.103847,-0.045049],[0.103916,-0.045148],[0.10394,-0.045289],[0.103942,-0.045387],[0.103999,-0.04547]]]]}},{"type":"Feature","id":153,"properties":{"Clan":"Vale","Name":null},"geometry":{"type":"MultiPolygon","coordinates":[[[[0.102698,-0.063871],[0.102951,-0.06377],[0.103194,-0.0637],[0.103437,-0.063728],[0.103666,-0.063728],[0.104138,-0.063742],[0.104679,-0.06377],[0.104978,-0.063832],[0.105256,-0.063888],[0.105776,-0.064075],[0.106061,-0.064187],[0.106421,-0.064311],[0.10687,-0.064489],[0.107319,-0.06448],[0.107723,-0.064453],[0.108056,-0.064409],[0.108385,-0.064307],[0.108576,-0.064236],[0.108709,-0.064054],[0.108745,-0.063663],[0.108745,-0.063374],[0.108732,-0.063121],[0.108683,-0.062938],[0.108674,-0.062743],[0.108652,-0.062605],[0.108718,-0.062401],[0.108829,-0.062268],[0.1091,-0.062139],[0.109283,-0.061899],[0.109349,-0.061686],[0.109349,-0.061472],[0.109269,-0.06117],[0.109096,-0.060944],[0.108865,-0.060917],[0.108501,-0.060899],[0.108332,-0.060912],[0.107967,-0.061046],[0.107612,-0.061175],[0.107377,-0.061219],[0.106617,-0.061503],[0.10615,-0.061703],[0.105835,-0.061943],[0.105515,-0.062254],[0.105279,-0.062419],[0.105004,-0.062547],[0.104737,-0.062592],[0.10452,-0.062636],[0.103973,-0.062956],[0.1038,-0.063054],[0.103476,-0.063294],[0.103267,-0.063489],[0.103067,-0.063556],[0.102907,-0.063632],[0.102698,-0.063871]]]]}},{"type":"Feature","id":154,"properties":{"Clan":"Steelheart","Name":null},"geometry":{"type":"MultiPolygon","coordinates":[[[[0.102695,-0.063881],[0.102822,-0.063729],[0.102907,-0.063632],[0.103067,-0.063556],[0.103267,-0.063489],[0.103476,-0.063294],[0.1038,-0.063054],[0.103973,-0.062956],[0.10452,-0.062636],[0.104737,-0.062592],[0.105004,-0.062547],[0.105279,-0.062419],[0.105515,-0.062254],[0.105835,-0.061943],[0.106135,-0.061715],[0.106501,-0.061419],[0.106812,-0.061072],[0.107123,-0.06077],[0.10719,-0.06069],[0.107212,-0.060584],[0.107283,-0.060393],[0.10735,-0.060148],[0.107359,-0.060064],[0.107425,-0.059931],[0.10747,-0.059859],[0.107594,-0.059477],[0.107723,-0.059126],[0.107794,-0.05894],[0.107843,-0.058811],[0.107847,-0.058575],[0.107772,-0.058304],[0.107728,-0.058214],[0.107688,-0.058103],[0.107671,-0.05803],[0.107688,-0.057941],[0.107719,-0.057754],[0.107756,-0.057674],[0.107941,-0.05733],[0.107995,-0.057194],[0.108049,-0.057068],[0.108086,-0.056966],[0.108123,-0.056864],[0.108157,-0.056736],[0.1082,-0.056625],[0.108268,-0.056483],[0.108279,-0.056355],[0.108359,-0.056213],[0.108524,-0.056022],[0.108763,-0.055753],[0.108752,-0.055612],[0.10899,-0.055103],[0.109142,-0.054951],[0.109207,-0.054821],[0.109164,-0.054604],[0.10911,-0.054333],[0.109045,-0.054148],[0.108947,-0.053964],[0.108904,-0.053779],[0.108893,-0.053552],[0.108925,-0.053335],[0.109012,-0.053128],[0.109175,-0.052836],[0.109251,-0.052261],[0.109359,-0.051968],[0.109359,-0.051881],[0.109381,-0.051729],[0.109489,-0.051436],[0.10981,-0.051149],[0.109879,-0.050976],[0.109928,-0.050823],[0.109921,-0.050746],[0.110004,-0.050622],[0.110108,-0.05049],[0.110275,-0.050337],[0.110462,-0.050163],[0.110698,-0.049837],[0.111031,-0.049448],[0.111031,-0.049421],[0.111052,-0.049303],[0.111108,-0.049171],[0.111184,-0.049046],[0.111267,-0.048921],[0.111392,-0.048789],[0.111448,-0.048685],[0.111441,-0.048574],[0.111497,-0.0484],[0.111823,-0.048046],[0.111392,-0.047914],[0.111142,-0.047727],[0.110386,-0.04756],[0.109754,-0.047275],[0.10922,-0.047102],[0.108428,-0.046699],[0.108095,-0.04654],[0.107644,-0.046366],[0.107401,-0.046283],[0.107227,-0.046179],[0.106949,-0.045922],[0.106436,-0.045755],[0.105991,-0.045547],[0.105728,-0.045589],[0.105131,-0.045679],[0.104515,-0.045492],[0.104023,-0.045471],[0.103867,-0.045554],[0.103381,-0.045623],[0.102972,-0.045727],[0.102215,-0.04588],[0.101382,-0.046234],[0.100341,-0.046672],[0.099334,-0.047338],[0.099487,-0.047706],[0.099376,-0.048794],[0.099382,-0.049286],[0.09895,-0.050321],[0.098685,-0.050918],[0.098589,-0.051074],[0.098478,-0.051538],[0.098319,-0.052035],[0.098213,-0.05236],[0.097992,-0.052908],[0.097622,-0.053761],[0.097551,-0.05387],[0.097383,-0.054376],[0.097289,-0.054666],[0.097173,-0.055089],[0.097119,-0.055641],[0.097082,-0.056014],[0.096945,-0.056392],[0.096888,-0.056753],[0.096843,-0.056872],[0.096689,-0.056943],[0.096399,-0.057185],[0.096047,-0.057467],[0.095839,-0.057683],[0.095512,-0.057958],[0.095023,-0.058194],[0.094489,-0.058536],[0.094068,-0.059056],[0.0945,-0.059343],[0.09533,-0.059761],[0.095924,-0.060102],[0.096641,-0.060446],[0.096991,-0.060589],[0.097503,-0.060987],[0.098344,-0.061536],[0.098899,-0.061712],[0.100201,-0.062104],[0.100773,-0.062428],[0.101353,-0.062906],[0.102095,-0.063498],[0.102695,-0.063881]]]]}},{"type":"Feature","id":155,"properties":{"Clan":"Steelheart","Name":null},"geometry":{"type":"MultiPolygon","coordinates":[[[[0.091844,-0.058805],[0.092089,-0.058844],[0.092618,-0.05882],[0.093384,-0.05886],[0.093961,-0.058986],[0.094098,-0.059018],[0.094489,-0.058536],[0.095023,-0.058194],[0.095512,-0.057958],[0.095839,-0.057683],[0.096047,-0.057467],[0.096399,-0.057185],[0.096689,-0.056943],[0.096843,-0.056872],[0.096888,-0.056753],[0.096945,-0.056392],[0.097082,-0.056014],[0.097119,-0.055641],[0.097173,-0.055089],[0.097289,-0.054666],[0.097383,-0.054376],[0.097551,-0.05387],[0.097622,-0.053761],[0.097992,-0.052908],[0.098213,-0.05236],[0.098319,-0.052035],[0.098478,-0.051538],[0.098589,-0.051074],[0.098685,-0.050918],[0.09895,-0.050321],[0.099382,-0.049286],[0.099376,-0.048794],[0.099487,-0.047706],[0.099337,-0.047345],[0.099088,-0.047089],[0.098884,-0.046836],[0.098689,-0.046633],[0.098556,-0.046428],[0.098386,-0.046262],[0.098283,-0.046163],[0.097927,-0.045704],[0.09741,-0.045419],[0.097018,-0.04519],[0.096759,-0.045077],[0.096232,-0.044869],[0.095928,-0.044507],[0.095679,-0.044345],[0.095669,-0.044274],[0.095721,-0.044109],[0.095634,-0.044226],[0.095491,-0.044345],[0.095287,-0.04442],[0.09509,-0.044514],[0.094663,-0.044876],[0.094375,-0.045232],[0.094162,-0.0455],[0.094029,-0.045711],[0.093767,-0.045995],[0.093521,-0.046138],[0.093282,-0.046406],[0.093172,-0.046507],[0.092968,-0.046626],[0.092709,-0.046814],[0.092531,-0.046947],[0.092146,-0.047244],[0.091758,-0.047552],[0.091214,-0.047995],[0.090519,-0.048593],[0.090302,-0.048716],[0.090075,-0.048849],[0.089817,-0.048998],[0.089522,-0.049129],[0.089606,-0.049346],[0.089423,-0.050752],[0.089407,-0.051167],[0.089273,-0.052486],[0.089014,-0.052923],[0.089009,-0.054108],[0.089095,-0.054603],[0.089084,-0.054975],[0.089149,-0.055454],[0.089273,-0.055987],[0.08931,-0.056213],[0.089391,-0.056553],[0.089531,-0.057],[0.089617,-0.057264],[0.089714,-0.057592],[0.089676,-0.057956],[0.090106,-0.058103],[0.09045,-0.058315],[0.090794,-0.058452],[0.091229,-0.058664],[0.091562,-0.05873],[0.091699,-0.05879],[0.091844,-0.058805]]]]}},{"type":"Feature","id":156,"properties":{"Clan":"Steelheart","Name":null},"geometry":{"type":"MultiPolygon","coordinates":[[[[0.103231,-0.064808],[0.102642,-0.063848],[0.102095,-0.063498],[0.101353,-0.062906],[0.100773,-0.062428],[0.100201,-0.062104],[0.098899,-0.061712],[0.098344,-0.061536],[0.097503,-0.060987],[0.096991,-0.060589],[0.096641,-0.060446],[0.095924,-0.060102],[0.09533,-0.059761],[0.0945,-0.059343],[0.094068,-0.059056],[0.094098,-0.059018],[0.093961,-0.058986],[0.093384,-0.05886],[0.092618,-0.05882],[0.092089,-0.058844],[0.091844,-0.058805],[0.091699,-0.05879],[0.091562,-0.05873],[0.091229,-0.058664],[0.090794,-0.058452],[0.09045,-0.058315],[0.090106,-0.058103],[0.089676,-0.057956],[0.089666,-0.058055],[0.089703,-0.058287],[0.089892,-0.058804],[0.089983,-0.059014],[0.090027,-0.059407],[0.090054,-0.06042],[0.09014,-0.060867],[0.09021,-0.061179],[0.090177,-0.061734],[0.090102,-0.06272],[0.090188,-0.06321],[0.090145,-0.063619],[0.089919,-0.065326],[0.089773,-0.06614],[0.089666,-0.06677],[0.089633,-0.067109],[0.089423,-0.067335],[0.089533,-0.067396],[0.089983,-0.067599],[0.090711,-0.067939],[0.090964,-0.068036],[0.091217,-0.06816],[0.091858,-0.068558],[0.092402,-0.068854],[0.092757,-0.069075],[0.093129,-0.069172],[0.093358,-0.069365],[0.093824,-0.069167],[0.09419,-0.069086],[0.094646,-0.068955],[0.095225,-0.06877],[0.095584,-0.068623],[0.09612,-0.06843],[0.096576,-0.068233],[0.097081,-0.068009],[0.097703,-0.067697],[0.098073,-0.067566],[0.098355,-0.067542],[0.099031,-0.067419],[0.099992,-0.067102],[0.100868,-0.066512],[0.103231,-0.064808]]]]}},{"type":"Feature","id":157,"properties":{"Clan":"Vale","Name":null},"geometry":{"type":"MultiPolygon","coordinates":[[[[0.103255,-0.064832],[0.104039,-0.066268],[0.104329,-0.066605],[0.104582,-0.066847],[0.104793,-0.067052],[0.105131,-0.067347],[0.105457,-0.067745],[0.105595,-0.06795],[0.105849,-0.068095],[0.106168,-0.068366],[0.106343,-0.068716],[0.106765,-0.068668],[0.107308,-0.068765],[0.107978,-0.069084],[0.108605,-0.069151],[0.109087,-0.069331],[0.109485,-0.069543],[0.109678,-0.069705],[0.110806,-0.069126],[0.111536,-0.06871],[0.111934,-0.068566],[0.11238,-0.068451],[0.112736,-0.068385],[0.113116,-0.06833],[0.113996,-0.068336],[0.114491,-0.068403],[0.115384,-0.068385],[0.115558,-0.068234],[0.115956,-0.067902],[0.116361,-0.067619],[0.11659,-0.067365],[0.116795,-0.067082],[0.116988,-0.06666],[0.116614,-0.066539],[0.116252,-0.066569],[0.115981,-0.066581],[0.115703,-0.066678],[0.115462,-0.066744],[0.115094,-0.066804],[0.114805,-0.066817],[0.114575,-0.06678],[0.114304,-0.06669],[0.114117,-0.066551],[0.114002,-0.066473],[0.113834,-0.066274],[0.11346,-0.066045],[0.113128,-0.06587],[0.112851,-0.065779],[0.112549,-0.065689],[0.112284,-0.065592],[0.112067,-0.065502],[0.11121,-0.065303],[0.11086,-0.065369],[0.110064,-0.065363],[0.109413,-0.065146],[0.108478,-0.065068],[0.108333,-0.064323],[0.108056,-0.064409],[0.107723,-0.064453],[0.107319,-0.06448],[0.10687,-0.064489],[0.106421,-0.064311],[0.106061,-0.064187],[0.105776,-0.064075],[0.105256,-0.063888],[0.104978,-0.063832],[0.104679,-0.06377],[0.104138,-0.063742],[0.103666,-0.063728],[0.103437,-0.063728],[0.103194,-0.0637],[0.102951,-0.06377],[0.102706,-0.063868],[0.102695,-0.063881],[0.102642,-0.063848],[0.103046,-0.064506],[0.103255,-0.064832]]]]}},{"type":"Feature","id":158,"properties":{"Clan":"Vale","Name":null},"geometry":{"type":"MultiPolygon","coordinates":[[[[0.10591,-0.072455],[0.109696,-0.074365],[0.110081,-0.074532],[0.110935,-0.074448],[0.112343,-0.074231],[0.113331,-0.074231],[0.114135,-0.073845],[0.115442,-0.073544],[0.117134,-0.073477],[0.116598,-0.073225],[0.11566,-0.072874],[0.115207,-0.072606],[0.114671,-0.071768],[0.114353,-0.071466],[0.113331,-0.071483],[0.112979,-0.071617],[0.111874,-0.071567],[0.109779,-0.071567],[0.108473,-0.071651],[0.107149,-0.071734],[0.10591,-0.072455]]]]}},{"type":"Feature","id":159,"properties":{"Clan":"Vale","Name":null},"geometry":{"type":"MultiPolygon","coordinates":[[[[0.107493,-0.071701],[0.107815,-0.071692],[0.108473,-0.071651],[0.109779,-0.071567],[0.111874,-0.071567],[0.111972,-0.071571],[0.111744,-0.071416],[0.11141,-0.071209],[0.111118,-0.071021],[0.110707,-0.070844],[0.110468,-0.07074],[0.110333,-0.0706],[0.110235,-0.07049],[0.109988,-0.069998],[0.109672,-0.0697],[0.109485,-0.069543],[0.109087,-0.069331],[0.108605,-0.069151],[0.107978,-0.069084],[0.107308,-0.068765],[0.106765,-0.068668],[0.106565,-0.068691],[0.106518,-0.068759],[0.10661,-0.068935],[0.106746,-0.069506],[0.106707,-0.069861],[0.106759,-0.070415],[0.106816,-0.071113],[0.107058,-0.071328],[0.107286,-0.071486],[0.107493,-0.071701]]]]}},{"type":"Feature","id":160,"properties":{"Clan":"Longservant","Name":null},"geometry":{"type":"MultiPolygon","coordinates":[[[[0.101383,-0.086132],[0.101455,-0.086189],[0.1014,-0.086136],[0.101383,-0.086132]]],[[[0.1014,-0.086136],[0.1017,-0.086216],[0.102112,-0.086434],[0.102402,-0.086497],[0.102832,-0.08648],[0.103362,-0.086412],[0.103824,-0.0863],[0.104617,-0.086305],[0.104915,-0.086328],[0.105412,-0.08626],[0.105957,-0.086303],[0.106247,-0.08628],[0.10641,-0.086016],[0.106767,-0.085797],[0.107368,-0.085527],[0.107697,-0.0854],[0.107911,-0.085344],[0.108315,-0.085288],[0.108706,-0.085232],[0.109083,-0.085201],[0.109799,-0.084948],[0.110294,-0.084684],[0.110758,-0.084403],[0.111216,-0.084256],[0.11146,-0.08424],[0.111871,-0.084124],[0.112492,-0.083739],[0.113116,-0.083276],[0.11392,-0.082708],[0.11451,-0.082205],[0.115089,-0.08157],[0.115423,-0.08126],[0.115592,-0.080929],[0.116106,-0.080333],[0.116393,-0.079872],[0.116449,-0.079543],[0.116542,-0.079403],[0.116697,-0.079203],[0.116896,-0.079091],[0.117084,-0.078975],[0.117169,-0.078939],[0.1172,-0.078835],[0.117332,-0.078697],[0.117604,-0.078523],[0.117841,-0.078368],[0.118167,-0.078194],[0.118487,-0.078056],[0.118259,-0.077882],[0.117717,-0.077638],[0.117129,-0.077567],[0.116781,-0.077548],[0.116483,-0.077474],[0.116258,-0.077382],[0.115901,-0.077165],[0.115612,-0.077005],[0.115544,-0.076848],[0.115331,-0.076688],[0.115145,-0.076575],[0.114915,-0.076564],[0.114136,-0.076567],[0.113883,-0.076592],[0.113622,-0.076651],[0.113254,-0.076752],[0.112947,-0.076867],[0.112801,-0.077008],[0.112607,-0.077281],[0.112419,-0.077556],[0.11224,-0.077828],[0.112069,-0.078126],[0.111941,-0.078315],[0.111775,-0.078517],[0.111665,-0.078675],[0.111212,-0.079075],[0.110778,-0.079303],[0.110281,-0.079439],[0.10982,-0.079567],[0.109165,-0.079865],[0.108747,-0.080064],[0.108465,-0.080236],[0.108259,-0.080428],[0.108129,-0.080599],[0.107758,-0.080798],[0.107511,-0.081045],[0.107161,-0.081265],[0.106283,-0.081862],[0.105631,-0.082253],[0.105288,-0.082438],[0.104417,-0.082438],[0.103415,-0.082363],[0.102797,-0.082376],[0.102399,-0.0825],[0.101864,-0.082747],[0.101356,-0.08296],[0.100842,-0.083138],[0.100389,-0.083399],[0.100053,-0.083536],[0.099414,-0.083769],[0.099258,-0.083863],[0.100127,-0.084762],[0.100895,-0.085647],[0.1014,-0.086136]]]]}},{"type":"Feature","id":161,"properties":{"Clan":"Longservant","Name":null},"geometry":{"type":"MultiPolygon","coordinates":[[[[0.096109,-0.078882],[0.096433,-0.078845],[0.096689,-0.078719],[0.096908,-0.078499],[0.097052,-0.078445],[0.097083,-0.078318],[0.097203,-0.078165],[0.097385,-0.078006],[0.097534,-0.077884],[0.097631,-0.077733],[0.097779,-0.077508],[0.097966,-0.077375],[0.098126,-0.077325],[0.09829,-0.077202],[0.098619,-0.077021],[0.098772,-0.076895],[0.098953,-0.076871],[0.099097,-0.076729],[0.099378,-0.076654],[0.099709,-0.076438],[0.09995,-0.076334],[0.10018,-0.076197],[0.100725,-0.075857],[0.100829,-0.075729],[0.101493,-0.075292],[0.102242,-0.075103],[0.102814,-0.075037],[0.103663,-0.075053],[0.103792,-0.075123],[0.104069,-0.075168],[0.104371,-0.075312],[0.104772,-0.075422],[0.105008,-0.075531],[0.105201,-0.075695],[0.105536,-0.07522],[0.105873,-0.074889],[0.106233,-0.074571],[0.106615,-0.074535],[0.107,-0.074557],[0.107599,-0.074698],[0.108234,-0.074695],[0.108987,-0.074788],[0.109389,-0.074745],[0.110044,-0.074686],[0.110039,-0.074514],[0.109696,-0.074365],[0.10591,-0.072455],[0.107149,-0.071734],[0.107815,-0.071692],[0.107493,-0.071701],[0.107286,-0.071486],[0.107058,-0.071328],[0.106816,-0.071113],[0.106759,-0.070415],[0.106707,-0.069861],[0.106746,-0.069506],[0.10661,-0.068935],[0.106518,-0.068759],[0.106565,-0.068691],[0.106343,-0.068716],[0.106168,-0.068366],[0.105849,-0.068095],[0.105595,-0.06795],[0.105457,-0.067745],[0.105131,-0.067347],[0.104793,-0.067052],[0.104582,-0.066847],[0.104329,-0.066605],[0.104039,-0.066268],[0.103255,-0.064832],[0.103046,-0.064506],[0.103231,-0.064808],[0.100868,-0.066512],[0.099992,-0.067102],[0.099031,-0.067419],[0.098355,-0.067542],[0.098073,-0.067566],[0.097703,-0.067697],[0.097081,-0.068009],[0.096576,-0.068233],[0.09612,-0.06843],[0.095584,-0.068623],[0.095225,-0.06877],[0.094646,-0.068955],[0.09419,-0.069086],[0.093824,-0.069167],[0.093358,-0.069365],[0.093468,-0.069458],[0.093619,-0.069668],[0.093915,-0.070395],[0.094007,-0.071052],[0.094109,-0.07179],[0.09426,-0.072592],[0.094319,-0.072958],[0.094292,-0.073438],[0.093985,-0.073594],[0.094039,-0.074154],[0.09412,-0.074811],[0.094195,-0.076228],[0.094206,-0.07717],[0.094201,-0.077171],[0.094486,-0.077316],[0.094858,-0.077881],[0.095656,-0.078529],[0.096109,-0.078882]]]]}},{"type":"Feature","id":162,"properties":{"Clan":"Longservant","Name":null},"geometry":{"type":"MultiPolygon","coordinates":[[[[0.105198,-0.075701],[0.104748,-0.075415],[0.104371,-0.075312],[0.104069,-0.075168],[0.103792,-0.075123],[0.103663,-0.075053],[0.102814,-0.075037],[0.102242,-0.075103],[0.101493,-0.075292],[0.100829,-0.075729],[0.100725,-0.075857],[0.10018,-0.076197],[0.09995,-0.076334],[0.099709,-0.076438],[0.099378,-0.076654],[0.099097,-0.076729],[0.098953,-0.076871],[0.098772,-0.076895],[0.098619,-0.077021],[0.09829,-0.077202],[0.098126,-0.077325],[0.097966,-0.077375],[0.097779,-0.077508],[0.097631,-0.077733],[0.097534,-0.077884],[0.097385,-0.078006],[0.097203,-0.078165],[0.097083,-0.078318],[0.097052,-0.078445],[0.096908,-0.078499],[0.096689,-0.078719],[0.096433,-0.078845],[0.096109,-0.078882],[0.096538,-0.079195],[0.096958,-0.079615],[0.097271,-0.079966],[0.097551,-0.080316],[0.097912,-0.08066],[0.098488,-0.081199],[0.098843,-0.081834],[0.098876,-0.082325],[0.098967,-0.083079],[0.09879,-0.083693],[0.098584,-0.083681],[0.098989,-0.083709],[0.099231,-0.083835],[0.099258,-0.083863],[0.099414,-0.083769],[0.100053,-0.083536],[0.100389,-0.083399],[0.100842,-0.083138],[0.101356,-0.08296],[0.101864,-0.082747],[0.102399,-0.0825],[0.102797,-0.082376],[0.103415,-0.082363],[0.104417,-0.082438],[0.105288,-0.082438],[0.105631,-0.082253],[0.106283,-0.081862],[0.107161,-0.081265],[0.107511,-0.081045],[0.107758,-0.080798],[0.108129,-0.080599],[0.108259,-0.080428],[0.108465,-0.080236],[0.108747,-0.080064],[0.109165,-0.079865],[0.10982,-0.079567],[0.110281,-0.079439],[0.110778,-0.079303],[0.111212,-0.079075],[0.111665,-0.078675],[0.111775,-0.078517],[0.111941,-0.078315],[0.112041,-0.078168],[0.111961,-0.078079],[0.111713,-0.078014],[0.111264,-0.077834],[0.11091,-0.07755],[0.110659,-0.0773],[0.110002,-0.077059],[0.109701,-0.07694],[0.10847,-0.07673],[0.108223,-0.076741],[0.107646,-0.076643],[0.107062,-0.076584],[0.106556,-0.076449],[0.106092,-0.076465],[0.105642,-0.076258],[0.105418,-0.075979],[0.105198,-0.075701]]]]}},{"type":"Feature","id":163,"properties":{"Clan":"Vale","Name":null},"geometry":{"type":"MultiPolygon","coordinates":[[[[0.109349,-0.061627],[0.109581,-0.061605],[0.11012,-0.061592],[0.110462,-0.061402],[0.110764,-0.061351],[0.11087,-0.06133],[0.11096,-0.06129],[0.111047,-0.061256],[0.111234,-0.061224],[0.111351,-0.06117],[0.111635,-0.061116],[0.112662,-0.06115],[0.112782,-0.061091],[0.112892,-0.061078],[0.113067,-0.061062],[0.113144,-0.060984],[0.113293,-0.060911],[0.113399,-0.060869],[0.113522,-0.060981],[0.113598,-0.060954],[0.113756,-0.060755],[0.113859,-0.060549],[0.113941,-0.060432],[0.114236,-0.060206],[0.114552,-0.060082],[0.114771,-0.060021],[0.114936,-0.059924],[0.115046,-0.059822],[0.115471,-0.059437],[0.115698,-0.059307],[0.11591,-0.059122],[0.116219,-0.058964],[0.116363,-0.058923],[0.116658,-0.058648],[0.116816,-0.058449],[0.117001,-0.058099],[0.117207,-0.057811],[0.117379,-0.057482],[0.117365,-0.057228],[0.117193,-0.057063],[0.117001,-0.056994],[0.116727,-0.056933],[0.116408,-0.056827],[0.116179,-0.056924],[0.115942,-0.057082],[0.115696,-0.057183],[0.115472,-0.057183],[0.1152,-0.057244],[0.114932,-0.057354],[0.114449,-0.057503],[0.114186,-0.057591],[0.113786,-0.057776],[0.113558,-0.057947],[0.113312,-0.057982],[0.112973,-0.058092],[0.112701,-0.058289],[0.112179,-0.058456],[0.111458,-0.058715],[0.110743,-0.058979],[0.110409,-0.05922],[0.110136,-0.059379],[0.109948,-0.05966],[0.109702,-0.059827],[0.109377,-0.060204],[0.109289,-0.060397],[0.109061,-0.060604],[0.108371,-0.060909],[0.108501,-0.060899],[0.108865,-0.060917],[0.109096,-0.060944],[0.109269,-0.06117],[0.109349,-0.061472],[0.109349,-0.061627]]]]}},{"type":"Feature","id":164,"properties":{"Clan":"Vale","Name":null},"geometry":{"type":"MultiPolygon","coordinates":[[[[0.123117,-0.057693],[0.123202,-0.057961],[0.123342,-0.058304],[0.123631,-0.058572],[0.124049,-0.058883],[0.124317,-0.059087],[0.124714,-0.059098],[0.125079,-0.059023],[0.125089,-0.05884],[0.12525,-0.058583],[0.125486,-0.058433],[0.125733,-0.058283],[0.125968,-0.058101],[0.126129,-0.057736],[0.126172,-0.057447],[0.125615,-0.057093],[0.124907,-0.056803],[0.124307,-0.056535],[0.123964,-0.056535],[0.12376,-0.056664],[0.123738,-0.056825],[0.123524,-0.057007],[0.123288,-0.057114],[0.123138,-0.057339],[0.123117,-0.057693]]]]}},{"type":"Feature","id":165,"properties":{"Clan":"Vale","Name":null},"geometry":{"type":"MultiPolygon","coordinates":[[[[0.125075,-0.059022],[0.125144,-0.0594],[0.125304,-0.059738],[0.12557,-0.059988],[0.125831,-0.060126],[0.126171,-0.060216],[0.126741,-0.060213],[0.127321,-0.060173],[0.12776,-0.06009],[0.128252,-0.059963],[0.128634,-0.059906],[0.128972,-0.059827],[0.129253,-0.059813],[0.129587,-0.0598],[0.129464,-0.059554],[0.129451,-0.059093],[0.129468,-0.058838],[0.12949,-0.058509],[0.128788,-0.05825],[0.128471,-0.058114],[0.128344,-0.058057],[0.128116,-0.058074],[0.127936,-0.058105],[0.127641,-0.058123],[0.127325,-0.058044],[0.126961,-0.057828],[0.126737,-0.057714],[0.12646,-0.057591],[0.126172,-0.057448],[0.126129,-0.057736],[0.125968,-0.058101],[0.125733,-0.058283],[0.125486,-0.058433],[0.12525,-0.058583],[0.125089,-0.05884],[0.125081,-0.058976],[0.125075,-0.059022]]]]}},{"type":"Feature","id":166,"properties":{"Clan":"Vale","Name":null},"geometry":{"type":"MultiPolygon","coordinates":[[[[0.117383,-0.057437],[0.118217,-0.057451],[0.118533,-0.057437],[0.119262,-0.057108],[0.119675,-0.057055],[0.120048,-0.057003],[0.120351,-0.05695],[0.120777,-0.056985],[0.121344,-0.05724],[0.121555,-0.057407],[0.1217,-0.057547],[0.122336,-0.057921],[0.122723,-0.058087],[0.123109,-0.058158],[0.123302,-0.058206],[0.123202,-0.057961],[0.123117,-0.057693],[0.123138,-0.057339],[0.123234,-0.057196],[0.12292,-0.057091],[0.122494,-0.056827],[0.12227,-0.056485],[0.12206,-0.056344],[0.121555,-0.056015],[0.120733,-0.055962],[0.120215,-0.055918],[0.119772,-0.055988],[0.119245,-0.055997],[0.118814,-0.055975],[0.118516,-0.055993],[0.118204,-0.056063],[0.117809,-0.056225],[0.117229,-0.056392],[0.117097,-0.056419],[0.116816,-0.056489],[0.116684,-0.056643],[0.116681,-0.056904],[0.116713,-0.056928],[0.116727,-0.056933],[0.117001,-0.056994],[0.117193,-0.057063],[0.117365,-0.057228],[0.117374,-0.057395],[0.117383,-0.057437]]]]}},{"type":"Feature","id":167,"properties":{"Clan":"Vale","Name":null},"geometry":{"type":"MultiPolygon","coordinates":[[[[0.111395,-0.065325],[0.111663,-0.064687],[0.112164,-0.063712],[0.112692,-0.063088],[0.113083,-0.062532],[0.113207,-0.062161],[0.113474,-0.061345],[0.113529,-0.06107],[0.113511,-0.060971],[0.113399,-0.060869],[0.113293,-0.060911],[0.113144,-0.060984],[0.113067,-0.061062],[0.112892,-0.061078],[0.112782,-0.061091],[0.112662,-0.06115],[0.111635,-0.061116],[0.111351,-0.06117],[0.111234,-0.061224],[0.111047,-0.061256],[0.11096,-0.06129],[0.11087,-0.06133],[0.110764,-0.061351],[0.110462,-0.061402],[0.11012,-0.061592],[0.109581,-0.061605],[0.109349,-0.061627],[0.109349,-0.061686],[0.109283,-0.061899],[0.1091,-0.062139],[0.108829,-0.062268],[0.108718,-0.062401],[0.108652,-0.062605],[0.108674,-0.062743],[0.108683,-0.062938],[0.108732,-0.063121],[0.108745,-0.063374],[0.108745,-0.063663],[0.108709,-0.064054],[0.108576,-0.064236],[0.108385,-0.064307],[0.108333,-0.064323],[0.108478,-0.065068],[0.109413,-0.065146],[0.110064,-0.065363],[0.11086,-0.065369],[0.11121,-0.065303],[0.111263,-0.065315],[0.111395,-0.065325]]]]}},{"type":"Feature","id":168,"properties":{"Clan":"Vale","Name":null},"geometry":{"type":"MultiPolygon","coordinates":[[[[0.116969,-0.066659],[0.116961,-0.066353],[0.116885,-0.066173],[0.116621,-0.065684],[0.116236,-0.065338],[0.116126,-0.065215],[0.115929,-0.064995],[0.115598,-0.064801],[0.115387,-0.064706],[0.114993,-0.064417],[0.114758,-0.064229],[0.11459,-0.064111],[0.114329,-0.063983],[0.114036,-0.063796],[0.113617,-0.063528],[0.113128,-0.063206],[0.113037,-0.063102],[0.112798,-0.062937],[0.112692,-0.063088],[0.112164,-0.063712],[0.111663,-0.064687],[0.111395,-0.065325],[0.111263,-0.065315],[0.112067,-0.065502],[0.112284,-0.065592],[0.112549,-0.065689],[0.112851,-0.065779],[0.113128,-0.06587],[0.11346,-0.066045],[0.113834,-0.066274],[0.114002,-0.066473],[0.114117,-0.066551],[0.114304,-0.06669],[0.114575,-0.06678],[0.114805,-0.066817],[0.115094,-0.066804],[0.115462,-0.066744],[0.115703,-0.066678],[0.115981,-0.066581],[0.116252,-0.066569],[0.116614,-0.066539],[0.116804,-0.0666],[0.116969,-0.066659]]]]}},{"type":"Feature","id":169,"properties":{"Clan":"Vale","Name":null},"geometry":{"type":"MultiPolygon","coordinates":[[[[0.129586,-0.059807],[0.129735,-0.060063],[0.129921,-0.06026],[0.130134,-0.060583],[0.130249,-0.060853],[0.130415,-0.061311],[0.13055,-0.061603],[0.130589,-0.061994],[0.130901,-0.062702],[0.131194,-0.062986],[0.131315,-0.063244],[0.131478,-0.06336],[0.13159,-0.063374],[0.131798,-0.063399],[0.132085,-0.063469],[0.132315,-0.063542],[0.132607,-0.063621],[0.132756,-0.063683],[0.132929,-0.063805],[0.133166,-0.063928],[0.133263,-0.063897],[0.133232,-0.063638],[0.133201,-0.063428],[0.133148,-0.063199],[0.133109,-0.063024],[0.133021,-0.062615],[0.132929,-0.062418],[0.13267,-0.062154],[0.132507,-0.061917],[0.132103,-0.061579],[0.131971,-0.061232],[0.131914,-0.060902],[0.131778,-0.060235],[0.131673,-0.059923],[0.131458,-0.05948],[0.131317,-0.059234],[0.131111,-0.059181],[0.130979,-0.059282],[0.130777,-0.059229],[0.130597,-0.059093],[0.129872,-0.058821],[0.129489,-0.058531],[0.129468,-0.058838],[0.129451,-0.059093],[0.129464,-0.059554],[0.129587,-0.0598],[0.129562,-0.059801],[0.129586,-0.059807]]]]}},{"type":"Feature","id":170,"properties":{"Clan":"Vale","Name":null},"geometry":{"type":"MultiPolygon","coordinates":[[[[0.117132,-0.073476],[0.116942,-0.073484],[0.117134,-0.073477],[0.118029,-0.073309],[0.118785,-0.073065],[0.119206,-0.072916],[0.119325,-0.072784],[0.119285,-0.072553],[0.119094,-0.072429],[0.118647,-0.072067],[0.118391,-0.071805],[0.118195,-0.07162],[0.117582,-0.071041],[0.116896,-0.07065],[0.11639,-0.070268],[0.116061,-0.069911],[0.115915,-0.069608],[0.115834,-0.069343],[0.115724,-0.06893],[0.115558,-0.068587],[0.115314,-0.068386],[0.114491,-0.068403],[0.113996,-0.068336],[0.113116,-0.06833],[0.112736,-0.068385],[0.11238,-0.068451],[0.111934,-0.068566],[0.111536,-0.06871],[0.110806,-0.069126],[0.109678,-0.069705],[0.109672,-0.0697],[0.109988,-0.069998],[0.110235,-0.07049],[0.110333,-0.0706],[0.110468,-0.07074],[0.110707,-0.070844],[0.111118,-0.071021],[0.11141,-0.071209],[0.111744,-0.071416],[0.111972,-0.071571],[0.112979,-0.071617],[0.113331,-0.071483],[0.114353,-0.071466],[0.114671,-0.071768],[0.115207,-0.072606],[0.11566,-0.072874],[0.116598,-0.073225],[0.117132,-0.073476]]]]}},{"type":"Feature","id":171,"properties":{"Clan":"Vale","Name":null},"geometry":{"type":"MultiPolygon","coordinates":[[[[0.115156,-0.076581],[0.115412,-0.076474],[0.115778,-0.075962],[0.115828,-0.075625],[0.115117,-0.075426],[0.114468,-0.074908],[0.113664,-0.074613],[0.113335,-0.074248],[0.112992,-0.074231],[0.112343,-0.074231],[0.110935,-0.074448],[0.110081,-0.074532],[0.110039,-0.074514],[0.110044,-0.074686],[0.109389,-0.074745],[0.108987,-0.074788],[0.108234,-0.074695],[0.107599,-0.074698],[0.107,-0.074557],[0.106615,-0.074535],[0.106233,-0.074571],[0.105873,-0.074889],[0.105536,-0.07522],[0.105201,-0.075695],[0.105008,-0.075531],[0.104772,-0.075422],[0.104748,-0.075415],[0.105198,-0.075701],[0.105418,-0.075979],[0.105642,-0.076258],[0.106092,-0.076465],[0.106556,-0.076449],[0.107062,-0.076584],[0.107646,-0.076643],[0.108223,-0.076741],[0.10847,-0.07673],[0.109701,-0.07694],[0.110002,-0.077059],[0.110659,-0.0773],[0.11091,-0.07755],[0.111264,-0.077834],[0.111713,-0.078014],[0.111961,-0.078079],[0.112041,-0.078168],[0.112069,-0.078126],[0.11224,-0.077828],[0.112419,-0.077556],[0.112607,-0.077281],[0.112801,-0.077008],[0.112947,-0.076867],[0.113254,-0.076752],[0.113622,-0.076651],[0.113883,-0.076592],[0.114136,-0.076567],[0.114915,-0.076564],[0.115091,-0.076572],[0.115156,-0.076581]]]]}},{"type":"Feature","id":172,"properties":{"Clan":"Vale","Name":null},"geometry":{"type":"MultiPolygon","coordinates":[[[[0.119333,-0.072775],[0.119732,-0.072972],[0.120789,-0.072969],[0.122096,-0.072961],[0.122734,-0.073225],[0.122992,-0.073396],[0.123706,-0.073705],[0.123999,-0.073171],[0.124249,-0.072455],[0.124285,-0.072384],[0.124898,-0.072264],[0.125103,-0.072103],[0.125446,-0.071946],[0.125837,-0.071716],[0.126059,-0.071387],[0.126146,-0.071049],[0.126123,-0.070496],[0.126404,-0.070296],[0.127073,-0.069956],[0.127371,-0.06972],[0.127607,-0.069585],[0.127711,-0.069411],[0.127442,-0.069262],[0.127262,-0.068989],[0.127079,-0.068745],[0.126919,-0.068348],[0.12691,-0.068138],[0.126801,-0.067727],[0.126669,-0.067576],[0.126635,-0.06748],[0.126655,-0.066997],[0.126823,-0.06678],[0.127062,-0.066538],[0.127546,-0.066336],[0.127796,-0.066207],[0.127967,-0.066072],[0.128158,-0.065847],[0.128512,-0.06542],[0.128867,-0.065175],[0.129013,-0.065142],[0.129417,-0.064886],[0.129746,-0.064523],[0.129943,-0.064197],[0.130036,-0.064107],[0.130615,-0.063568],[0.130993,-0.063294],[0.131232,-0.063068],[0.131194,-0.062986],[0.130901,-0.062702],[0.130589,-0.061994],[0.13055,-0.061603],[0.130415,-0.061311],[0.130249,-0.060853],[0.130134,-0.060583],[0.129921,-0.06026],[0.129735,-0.060063],[0.129586,-0.059807],[0.129562,-0.059801],[0.129253,-0.059813],[0.128972,-0.059827],[0.128634,-0.059906],[0.128252,-0.059963],[0.12776,-0.06009],[0.127321,-0.060173],[0.126741,-0.060213],[0.126171,-0.060216],[0.125831,-0.060126],[0.12557,-0.059988],[0.125304,-0.059738],[0.125144,-0.0594],[0.125075,-0.059023],[0.124714,-0.059098],[0.124317,-0.059087],[0.124049,-0.058883],[0.123631,-0.058572],[0.123342,-0.058304],[0.123302,-0.058206],[0.123109,-0.058158],[0.122723,-0.058087],[0.122336,-0.057921],[0.1217,-0.057547],[0.121555,-0.057407],[0.121344,-0.05724],[0.120777,-0.056985],[0.120351,-0.05695],[0.120048,-0.057003],[0.119675,-0.057055],[0.119262,-0.057108],[0.118533,-0.057437],[0.118217,-0.057451],[0.117383,-0.057437],[0.117282,-0.057668],[0.117207,-0.057811],[0.117001,-0.058099],[0.116816,-0.058449],[0.116658,-0.058648],[0.116363,-0.058923],[0.116219,-0.058964],[0.11591,-0.059122],[0.115698,-0.059307],[0.115471,-0.059437],[0.115046,-0.059822],[0.114936,-0.059924],[0.114771,-0.060021],[0.114552,-0.060082],[0.114236,-0.060206],[0.113941,-0.060432],[0.113859,-0.060549],[0.113756,-0.060755],[0.113598,-0.060954],[0.113522,-0.060981],[0.113511,-0.060971],[0.113529,-0.06107],[0.113474,-0.061345],[0.113207,-0.062161],[0.113083,-0.062532],[0.112798,-0.062937],[0.113037,-0.063102],[0.113128,-0.063206],[0.113617,-0.063528],[0.114036,-0.063796],[0.114329,-0.063983],[0.11459,-0.064111],[0.114758,-0.064229],[0.114993,-0.064417],[0.115387,-0.064706],[0.115598,-0.064801],[0.115929,-0.064995],[0.116126,-0.065215],[0.116236,-0.065338],[0.116621,-0.065684],[0.116885,-0.066173],[0.116961,-0.066353],[0.116969,-0.066654],[0.116988,-0.06666],[0.116795,-0.067082],[0.11659,-0.067365],[0.116361,-0.067619],[0.115956,-0.067902],[0.115558,-0.068234],[0.115384,-0.068385],[0.115314,-0.068386],[0.115558,-0.068587],[0.115724,-0.06893],[0.115834,-0.069343],[0.115915,-0.069608],[0.116061,-0.069911],[0.11639,-0.070268],[0.116896,-0.07065],[0.117582,-0.071041],[0.118195,-0.07162],[0.118391,-0.071805],[0.118647,-0.072067],[0.119094,-0.072429],[0.119285,-0.072553],[0.119324,-0.072779],[0.119333,-0.072775]]]]}},{"type":"Feature","id":173,"properties":{"Clan":"Vale","Name":null},"geometry":{"type":"MultiPolygon","coordinates":[[[[0.146881,-0.0745],[0.146868,-0.07441],[0.146903,-0.07428],[0.146981,-0.073852],[0.147113,-0.073511],[0.147125,-0.073335],[0.147113,-0.07312],[0.147107,-0.072862],[0.147229,-0.072644],[0.147472,-0.072324],[0.147738,-0.072049],[0.147756,-0.072063],[0.147705,-0.072014],[0.147525,-0.071826],[0.147432,-0.071744],[0.147297,-0.07164],[0.147342,-0.071401],[0.147491,-0.071173],[0.147599,-0.070991],[0.147647,-0.070623],[0.147697,-0.070112],[0.147673,-0.069836],[0.147713,-0.069722],[0.147852,-0.069495],[0.147821,-0.069343],[0.147666,-0.069223],[0.147471,-0.069169],[0.147201,-0.069074],[0.146941,-0.068959],[0.146607,-0.068939],[0.146297,-0.069019],[0.146117,-0.069029],[0.145992,-0.069044],[0.145677,-0.068959],[0.145272,-0.068764],[0.145093,-0.068544],[0.144843,-0.068199],[0.144508,-0.068049],[0.144338,-0.068324],[0.144018,-0.068634],[0.143823,-0.068734],[0.143429,-0.069054],[0.143209,-0.069218],[0.142864,-0.069263],[0.142634,-0.069298],[0.142214,-0.069253],[0.14186,-0.069039],[0.141635,-0.068909],[0.141495,-0.068774],[0.141255,-0.068629],[0.140975,-0.068504],[0.14075,-0.068524],[0.140406,-0.068814],[0.140161,-0.069024],[0.140031,-0.069313],[0.139816,-0.069563],[0.139601,-0.070113],[0.139556,-0.070443],[0.139426,-0.070757],[0.139376,-0.070942],[0.139107,-0.071217],[0.138842,-0.071507],[0.138507,-0.071757],[0.138167,-0.071912],[0.137912,-0.071917],[0.138032,-0.072266],[0.138137,-0.072826],[0.138142,-0.073211],[0.138427,-0.07391],[0.138612,-0.074595],[0.139821,-0.075115],[0.14083,-0.075159],[0.143574,-0.075149],[0.143968,-0.07509],[0.144903,-0.0751],[0.145567,-0.074995],[0.146202,-0.07478],[0.146602,-0.07463],[0.146881,-0.0745]]]]}},{"type":"Feature","id":174,"properties":{"Clan":"Vale","Name":null},"geometry":{"type":"MultiPolygon","coordinates":[[[[0.138572,-0.07459],[0.138606,-0.074572],[0.138427,-0.07391],[0.138142,-0.073211],[0.138137,-0.072826],[0.138032,-0.072266],[0.137917,-0.07193],[0.137767,-0.071819],[0.137634,-0.071639],[0.137376,-0.071366],[0.137259,-0.071233],[0.137095,-0.071163],[0.136763,-0.071112],[0.136443,-0.071062],[0.136139,-0.070992],[0.135849,-0.070922],[0.135529,-0.070837],[0.135319,-0.070732],[0.135034,-0.070678],[0.134794,-0.070722],[0.13451,-0.070837],[0.134185,-0.071092],[0.133705,-0.071632],[0.133206,-0.072097],[0.132971,-0.072271],[0.132501,-0.072511],[0.132156,-0.072591],[0.131717,-0.072701],[0.132036,-0.072781],[0.132331,-0.072866],[0.132451,-0.072951],[0.132541,-0.073066],[0.132636,-0.073136],[0.132726,-0.073136],[0.135269,-0.073196],[0.135939,-0.07371],[0.136773,-0.07384],[0.137228,-0.073955],[0.137797,-0.074375],[0.138192,-0.07457],[0.138572,-0.07459]]]]}},{"type":"Feature","id":175,"properties":{"Clan":"Vale","Name":null},"geometry":{"type":"MultiPolygon","coordinates":[[[[0.125316,-0.072002],[0.125486,-0.072042],[0.12585,-0.072052],[0.12642,-0.072027],[0.126935,-0.072172],[0.127265,-0.072311],[0.127689,-0.072411],[0.128129,-0.072591],[0.128229,-0.072636],[0.128833,-0.072511],[0.129363,-0.072356],[0.129628,-0.072326],[0.130108,-0.072331],[0.130342,-0.072336],[0.130452,-0.072356],[0.130397,-0.072241],[0.130377,-0.072062],[0.130362,-0.071877],[0.130442,-0.071457],[0.130502,-0.071142],[0.130497,-0.070802],[0.130417,-0.070293],[0.130262,-0.070168],[0.129793,-0.070063],[0.129173,-0.069818],[0.128873,-0.069698],[0.128324,-0.069588],[0.127789,-0.069448],[0.127689,-0.069449],[0.127607,-0.069585],[0.127371,-0.06972],[0.127073,-0.069956],[0.126404,-0.070296],[0.126123,-0.070496],[0.126146,-0.071049],[0.126059,-0.071387],[0.125837,-0.071716],[0.125446,-0.071946],[0.125408,-0.071964],[0.125316,-0.072002]]]]}},{"type":"Feature","id":176,"properties":{"Clan":"Vale","Name":null},"geometry":{"type":"MultiPolygon","coordinates":[[[[0.144537,-0.068058],[0.144563,-0.068074],[0.144843,-0.068199],[0.145093,-0.068544],[0.145272,-0.068764],[0.145677,-0.068959],[0.145992,-0.069044],[0.146117,-0.069029],[0.146297,-0.069019],[0.146607,-0.068939],[0.146941,-0.068959],[0.147201,-0.069074],[0.147229,-0.069083],[0.147063,-0.068885],[0.146976,-0.068693],[0.1469,-0.068556],[0.146753,-0.067906],[0.14673,-0.067826],[0.146714,-0.067679],[0.146692,-0.067519],[0.146673,-0.067372],[0.146698,-0.067209],[0.146698,-0.067062],[0.146689,-0.066787],[0.146519,-0.066618],[0.146332,-0.066468],[0.14616,-0.066259],[0.146092,-0.066102],[0.14607,-0.066004],[0.146037,-0.065959],[0.145971,-0.06601],[0.145607,-0.066429],[0.145263,-0.066968],[0.144997,-0.06734],[0.14478,-0.067645],[0.144639,-0.067854],[0.144537,-0.068058]]]]}},{"type":"Feature","id":177,"properties":{"Clan":"Vale","Name":null},"geometry":{"type":"MultiPolygon","coordinates":[[[[0.144436,-0.068174],[0.144242,-0.068047],[0.143976,-0.067661],[0.143904,-0.067377],[0.143873,-0.067143],[0.143868,-0.066962],[0.143743,-0.066764],[0.14364,-0.066657],[0.14356,-0.066408],[0.143473,-0.066232],[0.143433,-0.066167],[0.143336,-0.066128],[0.14319,-0.066074],[0.143013,-0.065988],[0.142762,-0.065948],[0.142627,-0.066047],[0.142606,-0.066079],[0.142487,-0.066137],[0.142348,-0.066255],[0.142333,-0.066357],[0.142365,-0.066441],[0.142405,-0.066529],[0.14236,-0.066739],[0.142299,-0.066846],[0.142221,-0.066977],[0.142123,-0.067122],[0.142019,-0.067249],[0.141703,-0.067548],[0.141466,-0.067858],[0.141347,-0.068037],[0.141154,-0.068247],[0.141026,-0.06834],[0.140907,-0.06841],[0.140866,-0.068514],[0.140975,-0.068504],[0.141255,-0.068629],[0.141495,-0.068774],[0.141635,-0.068909],[0.14186,-0.069039],[0.142214,-0.069253],[0.142634,-0.069298],[0.142864,-0.069263],[0.143209,-0.069218],[0.143429,-0.069054],[0.143823,-0.068734],[0.144018,-0.068634],[0.144338,-0.068324],[0.144401,-0.068222],[0.144436,-0.068174]]]]}},{"type":"Feature","id":178,"properties":{"Clan":"Vale","Name":null},"geometry":{"type":"MultiPolygon","coordinates":[[[[0.142758,-0.065945],[0.142567,-0.065872],[0.142323,-0.065781],[0.142072,-0.065749],[0.141941,-0.065749],[0.141712,-0.065648],[0.14139,-0.065424],[0.141299,-0.065106],[0.141244,-0.064913],[0.141131,-0.064739],[0.141022,-0.064594],[0.140912,-0.064278],[0.140452,-0.063946],[0.140162,-0.063849],[0.139743,-0.063758],[0.139517,-0.06373],[0.13895,-0.063588],[0.138429,-0.063486],[0.138119,-0.063362],[0.137841,-0.06349],[0.13763,-0.063615],[0.137424,-0.063685],[0.137189,-0.063803],[0.13704,-0.063889],[0.13671,-0.064021],[0.136678,-0.064065],[0.136576,-0.064107],[0.136482,-0.064114],[0.136321,-0.064083],[0.13567,-0.064107],[0.13427,-0.064106],[0.134139,-0.064031],[0.133383,-0.064048],[0.133178,-0.063951],[0.133057,-0.063872],[0.132929,-0.063805],[0.132756,-0.063683],[0.132607,-0.063621],[0.132315,-0.063542],[0.132085,-0.063469],[0.131798,-0.063399],[0.13159,-0.063374],[0.131478,-0.06336],[0.131315,-0.063244],[0.131232,-0.063068],[0.130993,-0.063294],[0.130615,-0.063568],[0.130036,-0.064107],[0.129943,-0.064197],[0.129746,-0.064523],[0.129417,-0.064886],[0.129013,-0.065142],[0.128867,-0.065175],[0.128512,-0.06542],[0.128158,-0.065847],[0.127967,-0.066072],[0.127796,-0.066207],[0.127546,-0.066336],[0.127062,-0.066538],[0.126823,-0.06678],[0.126655,-0.066997],[0.126635,-0.06748],[0.126669,-0.067576],[0.126801,-0.067727],[0.12691,-0.068138],[0.126919,-0.068348],[0.127079,-0.068745],[0.127262,-0.068989],[0.127442,-0.069262],[0.127711,-0.069411],[0.127689,-0.069449],[0.127789,-0.069448],[0.128324,-0.069588],[0.128873,-0.069698],[0.129173,-0.069818],[0.129793,-0.070063],[0.130262,-0.070168],[0.130417,-0.070293],[0.130497,-0.070802],[0.130502,-0.071142],[0.130442,-0.071457],[0.130362,-0.071877],[0.130377,-0.072062],[0.130397,-0.072241],[0.130451,-0.072354],[0.130611,-0.072493],[0.130825,-0.072615],[0.131102,-0.072645],[0.131308,-0.072646],[0.131621,-0.072688],[0.13173,-0.072698],[0.132156,-0.072591],[0.132501,-0.072511],[0.132971,-0.072271],[0.133206,-0.072097],[0.133705,-0.071632],[0.134185,-0.071092],[0.13451,-0.070837],[0.134794,-0.070722],[0.135034,-0.070678],[0.135319,-0.070732],[0.135529,-0.070837],[0.135849,-0.070922],[0.136139,-0.070992],[0.136443,-0.071062],[0.136763,-0.071112],[0.137095,-0.071163],[0.137259,-0.071233],[0.137376,-0.071366],[0.137634,-0.071639],[0.137767,-0.071819],[0.137917,-0.07193],[0.137912,-0.071917],[0.138167,-0.071912],[0.138507,-0.071757],[0.138842,-0.071507],[0.139107,-0.071217],[0.139376,-0.070942],[0.139426,-0.070757],[0.139556,-0.070443],[0.139601,-0.070113],[0.139816,-0.069563],[0.140031,-0.069313],[0.140161,-0.069024],[0.140406,-0.068814],[0.14075,-0.068524],[0.140866,-0.068514],[0.140907,-0.06841],[0.141026,-0.06834],[0.141154,-0.068247],[0.141347,-0.068037],[0.141466,-0.067858],[0.141703,-0.067548],[0.142019,-0.067249],[0.142123,-0.067122],[0.142221,-0.066977],[0.142299,-0.066846],[0.14236,-0.066739],[0.142405,-0.066529],[0.142365,-0.066441],[0.142333,-0.066357],[0.142348,-0.066255],[0.142487,-0.066137],[0.142606,-0.066079],[0.142627,-0.066047],[0.142729,-0.065973],[0.142758,-0.065945]]]]}},{"type":"Feature","id":179,"properties":{"Clan":"Vale","Name":null},"geometry":{"type":"MultiPolygon","coordinates":[[[[0.148656,-0.073959],[0.148544,-0.074006],[0.148488,-0.074015],[0.148259,-0.074123],[0.148105,-0.07423],[0.147909,-0.074333],[0.14783,-0.074356],[0.147661,-0.074361],[0.147395,-0.074408],[0.147171,-0.074436],[0.147175,-0.074472],[0.146857,-0.074511],[0.146602,-0.07463],[0.146202,-0.07478],[0.145567,-0.074995],[0.144903,-0.0751],[0.143968,-0.07509],[0.143574,-0.075149],[0.14083,-0.075159],[0.139821,-0.075115],[0.138612,-0.074595],[0.138606,-0.074572],[0.138572,-0.07459],[0.138192,-0.07457],[0.137797,-0.074375],[0.137228,-0.073955],[0.136773,-0.07384],[0.135939,-0.07371],[0.135269,-0.073196],[0.132726,-0.073136],[0.13264,-0.073136],[0.132692,-0.073345],[0.132776,-0.073849],[0.132886,-0.07447],[0.133617,-0.074632],[0.134373,-0.074975],[0.13504,-0.075369],[0.135932,-0.075557],[0.136987,-0.076676],[0.137543,-0.076715],[0.138798,-0.077465],[0.138953,-0.077543],[0.139205,-0.078028],[0.139697,-0.078545],[0.139852,-0.078739],[0.140169,-0.078771],[0.14048,-0.078856],[0.1409,-0.07914],[0.14132,-0.079263],[0.141683,-0.079451],[0.142032,-0.079593],[0.142569,-0.079599],[0.142996,-0.079457],[0.143306,-0.079198],[0.143449,-0.079063],[0.144315,-0.078901],[0.144865,-0.078649],[0.14535,-0.078299],[0.145894,-0.077937],[0.146178,-0.077834],[0.146838,-0.077523],[0.147129,-0.077348],[0.147317,-0.077361],[0.147892,-0.077543],[0.148138,-0.077594],[0.148455,-0.077698],[0.14861,-0.077704],[0.14885,-0.077458],[0.148979,-0.077355],[0.149076,-0.077077],[0.14916,-0.076669],[0.149432,-0.076281],[0.149593,-0.075725],[0.149535,-0.075227],[0.149315,-0.074716],[0.148908,-0.074218],[0.148656,-0.073959]]]]}},{"type":"Feature","id":180,"properties":{"Clan":"Vale","Name":null},"geometry":{"type":"MultiPolygon","coordinates":[[[[0.115846,-0.0756],[0.116665,-0.075223],[0.117648,-0.074895],[0.118454,-0.074962],[0.119164,-0.075042],[0.119553,-0.075125],[0.120533,-0.075235],[0.121146,-0.075142],[0.1217,-0.075128],[0.12224,-0.075137],[0.122573,-0.075191],[0.122948,-0.074979],[0.123318,-0.074574],[0.123598,-0.074017],[0.123693,-0.073721],[0.123691,-0.073696],[0.123663,-0.073687],[0.122992,-0.073396],[0.122734,-0.073225],[0.122096,-0.072961],[0.120789,-0.072969],[0.119732,-0.072972],[0.119333,-0.072775],[0.119324,-0.072779],[0.119325,-0.072784],[0.119206,-0.072916],[0.118785,-0.073065],[0.118029,-0.073309],[0.117134,-0.073477],[0.116942,-0.073484],[0.115442,-0.073544],[0.114135,-0.073845],[0.113331,-0.074231],[0.112992,-0.074231],[0.113335,-0.074248],[0.113664,-0.074613],[0.114468,-0.074908],[0.115117,-0.075426],[0.115828,-0.075625],[0.115822,-0.075663],[0.115846,-0.0756]]]]}},{"type":"Feature","id":181,"properties":{"Clan":"Vale","Name":null},"geometry":{"type":"MultiPolygon","coordinates":[[[[0.122611,-0.075169],[0.123338,-0.075412],[0.123684,-0.075736],[0.124162,-0.075765],[0.124469,-0.075293],[0.124907,-0.07506],[0.125458,-0.07485],[0.126328,-0.074617],[0.126925,-0.074383],[0.127192,-0.073985],[0.127516,-0.073548],[0.128068,-0.072877],[0.128229,-0.072636],[0.128129,-0.072591],[0.127689,-0.072411],[0.127265,-0.072311],[0.126935,-0.072172],[0.12642,-0.072027],[0.12585,-0.072052],[0.125486,-0.072042],[0.125322,-0.072003],[0.125103,-0.072103],[0.124898,-0.072264],[0.124285,-0.072384],[0.124249,-0.072455],[0.123999,-0.073171],[0.123706,-0.073705],[0.123691,-0.073699],[0.123693,-0.073721],[0.123598,-0.074017],[0.123318,-0.074574],[0.122948,-0.074979],[0.122611,-0.075169]]]]}},{"type":"Feature","id":182,"properties":{"Clan":"Outer Blood","Name":null},"geometry":{"type":"MultiPolygon","coordinates":[[[[0.203475,-0.061392],[0.203498,-0.061329],[0.203501,-0.061318],[0.203698,-0.061033],[0.2038,-0.060851],[0.203953,-0.060661],[0.204151,-0.060486],[0.20418,-0.060362],[0.204048,-0.060303],[0.203903,-0.060247],[0.203684,-0.060172],[0.202323,-0.060061],[0.201132,-0.060164],[0.200499,-0.060275],[0.199734,-0.060437],[0.199308,-0.060606],[0.198852,-0.060694],[0.198523,-0.060719],[0.198029,-0.060893],[0.197709,-0.061095],[0.197266,-0.061039],[0.19673,-0.061053],[0.196268,-0.061048],[0.195962,-0.061081],[0.195407,-0.061189],[0.194687,-0.06151],[0.194386,-0.061896],[0.194489,-0.062089],[0.194682,-0.062263],[0.194795,-0.062418],[0.195002,-0.062828],[0.19511,-0.063129],[0.195261,-0.063416],[0.195468,-0.06352],[0.19585,-0.063501],[0.196353,-0.063407],[0.19745,-0.063016],[0.198147,-0.062945],[0.198707,-0.062818],[0.19938,-0.062649],[0.199898,-0.062333],[0.200679,-0.062296],[0.202741,-0.061622],[0.203475,-0.061392]]]]}},{"type":"Feature","id":183,"properties":{"Clan":"Outer Blood","Name":null},"geometry":{"type":"MultiPolygon","coordinates":[[[[0.204451,-0.063232],[0.204348,-0.063173],[0.204187,-0.063049],[0.204092,-0.062903],[0.204048,-0.062771],[0.203822,-0.062596],[0.203559,-0.062326],[0.203428,-0.062151],[0.203391,-0.061873],[0.203442,-0.061559],[0.203498,-0.061329],[0.203475,-0.061392],[0.202741,-0.061622],[0.200679,-0.062296],[0.199898,-0.062333],[0.19938,-0.062649],[0.198707,-0.062818],[0.198147,-0.062945],[0.19745,-0.063016],[0.196353,-0.063407],[0.19585,-0.063501],[0.195468,-0.06352],[0.196639,-0.06527],[0.196851,-0.065201],[0.197116,-0.065184],[0.197412,-0.06517],[0.197659,-0.065184],[0.197998,-0.065196],[0.198202,-0.065207],[0.198526,-0.065388],[0.199495,-0.065446],[0.199799,-0.065601],[0.200601,-0.065615],[0.200851,-0.065598],[0.201118,-0.065495],[0.201184,-0.065242],[0.20129,-0.064834],[0.201552,-0.064544],[0.201914,-0.064239],[0.202086,-0.06398],[0.202218,-0.063742],[0.202435,-0.06358],[0.202888,-0.063437],[0.203584,-0.063217],[0.20406,-0.063243],[0.204451,-0.063232]]]]}},{"type":"Feature","id":184,"properties":{"Clan":"Outer Blood","Name":null},"geometry":{"type":"MultiPolygon","coordinates":[[[[0.201114,-0.065532],[0.20104,-0.065525],[0.200851,-0.065598],[0.200601,-0.065615],[0.199799,-0.065601],[0.199495,-0.065446],[0.198526,-0.065388],[0.198202,-0.065207],[0.197998,-0.065196],[0.197659,-0.065184],[0.197412,-0.06517],[0.197116,-0.065184],[0.196851,-0.065201],[0.196674,-0.065259],[0.196992,-0.065787],[0.197175,-0.066522],[0.197636,-0.066954],[0.197966,-0.067631],[0.19878,-0.068765],[0.199345,-0.069795],[0.199433,-0.070615],[0.199466,-0.070998],[0.199813,-0.071687],[0.199849,-0.071553],[0.200104,-0.070772],[0.200283,-0.070327],[0.200385,-0.069739],[0.200669,-0.068703],[0.200695,-0.068219],[0.200676,-0.067003],[0.200604,-0.066745],[0.200649,-0.06649],[0.201114,-0.065532]]]]}},{"type":"Feature","id":185,"properties":{"Clan":"Outer Blood","Name":null},"geometry":{"type":"MultiPolygon","coordinates":[[[[0.208045,-0.133717],[0.208039,-0.132968],[0.207653,-0.132242],[0.207483,-0.131848],[0.207424,-0.131427],[0.207369,-0.131008],[0.207381,-0.130534],[0.207422,-0.130428],[0.207549,-0.130326],[0.207703,-0.130328],[0.207879,-0.130342],[0.208042,-0.130461],[0.208228,-0.130631],[0.208342,-0.130757],[0.208447,-0.130872],[0.208519,-0.131032],[0.208513,-0.130763],[0.208405,-0.130425],[0.20803,-0.130098],[0.207673,-0.129959],[0.207362,-0.129851],[0.207208,-0.129785],[0.206989,-0.129597],[0.206791,-0.12933],[0.206482,-0.129019],[0.206153,-0.128588],[0.205916,-0.128023],[0.205814,-0.127766],[0.205745,-0.127639],[0.20557,-0.12762],[0.205012,-0.127477],[0.204663,-0.127439],[0.204491,-0.127452],[0.205564,-0.130357],[0.206176,-0.132206],[0.206262,-0.132605],[0.206331,-0.132923],[0.206412,-0.133098],[0.206447,-0.133177],[0.206533,-0.133184],[0.206632,-0.133304],[0.206809,-0.133404],[0.207048,-0.133503],[0.20718,-0.133554],[0.207322,-0.133607],[0.207556,-0.133651],[0.207728,-0.133686],[0.207828,-0.133714],[0.207951,-0.133712],[0.208045,-0.133717]]]]}},{"type":"Feature","id":186,"properties":{"Clan":"Outer Blood","Name":null},"geometry":{"type":"MultiPolygon","coordinates":[[[[0.204492,-0.127453],[0.204491,-0.127452],[0.204663,-0.127439],[0.205012,-0.127477],[0.20557,-0.12762],[0.205745,-0.127639],[0.205552,-0.126837],[0.205351,-0.12651],[0.204909,-0.125814],[0.204608,-0.125286],[0.204455,-0.124429],[0.204227,-0.123633],[0.204006,-0.122931],[0.203812,-0.12257],[0.203679,-0.122342],[0.203592,-0.122175],[0.203404,-0.12182],[0.203237,-0.121533],[0.20305,-0.121406],[0.202863,-0.121312],[0.202441,-0.120155],[0.202327,-0.119693],[0.20218,-0.119305],[0.201973,-0.118917],[0.201812,-0.118663],[0.201645,-0.118456],[0.201478,-0.118268],[0.201237,-0.117947],[0.200916,-0.117466],[0.200822,-0.117151],[0.200749,-0.117325],[0.200842,-0.117834],[0.200829,-0.118161],[0.200876,-0.118616],[0.200903,-0.118911],[0.200862,-0.119285],[0.200755,-0.119713],[0.200548,-0.120242],[0.200387,-0.12065],[0.200541,-0.121105],[0.200876,-0.121693],[0.201076,-0.122075],[0.201257,-0.122336],[0.201398,-0.122509],[0.201518,-0.122637],[0.201571,-0.12279],[0.201645,-0.123138],[0.201826,-0.123693],[0.201893,-0.124055],[0.202082,-0.124433],[0.202312,-0.125217],[0.20249,-0.125813],[0.202595,-0.125938],[0.202626,-0.126524],[0.202644,-0.12661],[0.202803,-0.126633],[0.202923,-0.126675],[0.203115,-0.126727],[0.20342,-0.126826],[0.203621,-0.126915],[0.203856,-0.127024],[0.204068,-0.127124],[0.204306,-0.127244],[0.204492,-0.127453]]]]}},{"type":"Feature","id":187,"properties":{"Clan":"Outer Blood","Name":null},"geometry":{"type":"MultiPolygon","coordinates":[[[[0.206444,-0.136973],[0.206325,-0.136817],[0.206291,-0.136773],[0.206198,-0.136186],[0.206218,-0.135888],[0.206293,-0.135645],[0.206374,-0.135344],[0.206362,-0.135098],[0.206295,-0.134936],[0.206177,-0.134599],[0.206078,-0.134366],[0.206044,-0.13413],[0.206021,-0.13371],[0.206139,-0.133544],[0.206206,-0.13343],[0.206283,-0.133274],[0.206397,-0.133174],[0.206447,-0.133177],[0.206412,-0.133098],[0.206331,-0.132923],[0.206262,-0.132605],[0.206176,-0.132206],[0.205564,-0.130357],[0.204492,-0.127453],[0.204306,-0.127244],[0.204068,-0.127124],[0.203856,-0.127024],[0.203621,-0.126915],[0.20342,-0.126826],[0.203115,-0.126727],[0.202923,-0.126675],[0.202803,-0.126633],[0.202644,-0.12661],[0.202665,-0.126745],[0.202687,-0.127088],[0.202744,-0.127437],[0.202423,-0.128058],[0.2019,-0.128724],[0.201703,-0.129085],[0.201475,-0.129391],[0.199909,-0.130802],[0.199055,-0.1313],[0.198566,-0.131647],[0.19789,-0.132149],[0.197392,-0.132446],[0.196968,-0.13272],[0.196712,-0.132943],[0.196575,-0.133195],[0.196429,-0.133519],[0.196347,-0.133734],[0.196232,-0.134081],[0.196191,-0.134282],[0.196383,-0.134629],[0.196465,-0.134446],[0.196653,-0.133834],[0.19694,-0.133181],[0.19721,-0.132971],[0.197429,-0.132934],[0.197849,-0.13335],[0.197986,-0.133628],[0.198246,-0.134003],[0.198721,-0.134496],[0.199342,-0.135035],[0.199927,-0.135546],[0.200237,-0.135944],[0.200484,-0.136286],[0.200607,-0.136697],[0.200863,-0.136976],[0.201767,-0.137723],[0.202063,-0.137864],[0.202352,-0.138077],[0.202583,-0.138498],[0.20336,-0.13952],[0.203801,-0.139937],[0.203904,-0.140283],[0.203842,-0.140588],[0.203839,-0.140736],[0.203812,-0.140827],[0.203736,-0.14088],[0.203767,-0.140923],[0.203835,-0.140917],[0.203936,-0.140807],[0.204261,-0.140436],[0.204375,-0.140257],[0.204415,-0.139993],[0.204542,-0.139778],[0.204676,-0.139591],[0.20477,-0.139398],[0.204774,-0.139217],[0.204821,-0.138902],[0.205,-0.138564],[0.205342,-0.138139],[0.205945,-0.137485],[0.206444,-0.136973]]]]}},{"type":"Feature","id":188,"properties":{"Clan":"Outer Blood","Name":null},"geometry":{"type":"MultiPolygon","coordinates":[[[[0.199293,-0.122904],[0.199177,-0.123286],[0.199108,-0.123502],[0.199087,-0.123825],[0.199113,-0.124034],[0.199139,-0.124276],[0.199103,-0.124574],[0.199103,-0.125118],[0.199139,-0.125652],[0.199067,-0.126114],[0.19904,-0.126875],[0.198859,-0.127654],[0.198777,-0.128306],[0.198523,-0.128741],[0.198116,-0.129221],[0.197926,-0.129891],[0.198369,-0.129592],[0.19894,-0.129375],[0.199783,-0.128931],[0.20038,-0.128424],[0.200551,-0.127959],[0.200864,-0.127194],[0.201096,-0.126667],[0.201194,-0.126284],[0.201264,-0.125988],[0.201229,-0.125774],[0.201032,-0.125275],[0.200852,-0.125148],[0.200719,-0.124927],[0.200649,-0.124655],[0.200504,-0.12422],[0.200354,-0.124023],[0.200081,-0.123536],[0.19989,-0.123067],[0.199762,-0.12291],[0.199449,-0.122568],[0.199217,-0.122435],[0.199159,-0.122527],[0.199281,-0.122794],[0.199293,-0.122904]]]]}},{"type":"Feature","id":189,"properties":{"Clan":"Outer Blood","Name":null},"geometry":{"type":"MultiPolygon","coordinates":[[[[0.192174,-0.131913],[0.19218,-0.132295],[0.192185,-0.132806],[0.1924,-0.133049],[0.192522,-0.133438],[0.192754,-0.134017],[0.193246,-0.134551],[0.193275,-0.13418],[0.193478,-0.13389],[0.193432,-0.133304],[0.19302,-0.132568],[0.192533,-0.131756],[0.192174,-0.131913]]]]}},{"type":"Feature","id":190,"properties":{"Clan":"Outer Blood","Name":null},"geometry":{"type":"MultiPolygon","coordinates":[[[[0.179653,-0.124909],[0.179797,-0.124746],[0.179953,-0.124557],[0.180265,-0.124123],[0.180461,-0.123837],[0.180487,-0.12357],[0.180536,-0.12334],[0.180814,-0.12308],[0.180947,-0.122694],[0.180996,-0.122531],[0.180866,-0.122364],[0.180821,-0.122104],[0.180825,-0.122012],[0.180484,-0.122093],[0.180391,-0.122008],[0.180064,-0.121804],[0.179838,-0.121704],[0.1795,-0.121581],[0.179341,-0.121459],[0.179152,-0.121266],[0.17897,-0.121058],[0.178632,-0.120973],[0.178213,-0.121069],[0.178091,-0.12114],[0.177936,-0.12131],[0.177843,-0.121385],[0.177652,-0.12142],[0.177896,-0.121472],[0.178064,-0.121606],[0.17818,-0.121739],[0.178429,-0.122],[0.178655,-0.122353],[0.178788,-0.122452],[0.178875,-0.122493],[0.178933,-0.122788],[0.178956,-0.122974],[0.178962,-0.12313],[0.178985,-0.123293],[0.179055,-0.123449],[0.17924,-0.123617],[0.179478,-0.123838],[0.179652,-0.124116],[0.179745,-0.124238],[0.179791,-0.124301],[0.179785,-0.124493],[0.179753,-0.124682],[0.179653,-0.124909]]]]}},{"type":"Feature","id":191,"properties":{"Clan":"Outer Blood","Name":null},"geometry":{"type":"MultiPolygon","coordinates":[[[[0.186141,-0.129764],[0.186485,-0.129665],[0.186802,-0.129402],[0.187174,-0.129031],[0.187301,-0.128723],[0.187545,-0.128397],[0.188071,-0.127944],[0.188505,-0.127572],[0.18875,-0.127319],[0.188859,-0.127101],[0.188958,-0.126947],[0.189112,-0.126531],[0.189339,-0.126386],[0.189203,-0.126078],[0.189212,-0.125797],[0.189085,-0.12567],[0.189203,-0.125444],[0.189456,-0.125027],[0.189683,-0.124701],[0.189837,-0.124357],[0.189583,-0.124447],[0.189266,-0.124647],[0.188868,-0.124855],[0.188451,-0.125081],[0.187889,-0.125417],[0.187726,-0.125598],[0.187328,-0.125851],[0.187011,-0.126096],[0.186522,-0.126232],[0.18615,-0.126503],[0.185725,-0.126811],[0.185589,-0.126993],[0.18538,-0.127464],[0.185163,-0.127699],[0.184982,-0.12817],[0.184828,-0.128306],[0.184592,-0.128578],[0.184321,-0.128786],[0.183868,-0.128967],[0.183705,-0.129157],[0.183868,-0.129194],[0.184067,-0.129221],[0.184366,-0.129348],[0.184647,-0.129493],[0.1849,-0.129583],[0.185054,-0.129683],[0.185308,-0.129846],[0.18567,-0.129873],[0.186141,-0.129764]]]]}},{"type":"Feature","id":192,"properties":{"Clan":"Outer Blood","Name":null},"geometry":{"type":"MultiPolygon","coordinates":[[[[0.198567,-0.161426],[0.198481,-0.161445],[0.198362,-0.161419],[0.198151,-0.161366],[0.198,-0.1613],[0.197887,-0.161267],[0.197802,-0.161254],[0.197643,-0.161234],[0.197472,-0.161201],[0.197333,-0.161155],[0.197241,-0.161162],[0.197037,-0.161182],[0.196845,-0.161135],[0.196707,-0.16132],[0.196687,-0.161815],[0.196707,-0.162072],[0.196779,-0.162283],[0.196872,-0.162395],[0.197103,-0.162494],[0.197314,-0.162554],[0.197564,-0.162844],[0.197769,-0.162995],[0.197927,-0.163437],[0.198059,-0.163701],[0.198178,-0.163985],[0.198277,-0.164216],[0.198969,-0.16504],[0.199134,-0.164836],[0.19922,-0.164717],[0.199266,-0.164671],[0.199339,-0.164638],[0.199365,-0.164493],[0.199391,-0.164005],[0.199431,-0.163774],[0.19949,-0.163549],[0.19955,-0.163338],[0.199569,-0.163094],[0.199596,-0.162923],[0.199602,-0.162751],[0.199602,-0.162567],[0.199556,-0.162402],[0.199503,-0.162237],[0.199464,-0.162065],[0.199405,-0.161848],[0.19922,-0.161116],[0.198771,-0.161353],[0.198567,-0.161426]]]]}},{"type":"Feature","id":193,"properties":{"Clan":"Outer Blood","Name":null},"geometry":{"type":"MultiPolygon","coordinates":[[[[0.199216,-0.161111],[0.199194,-0.160942],[0.199173,-0.160579],[0.199211,-0.160467],[0.19927,-0.160169],[0.19936,-0.159905],[0.199336,-0.159684],[0.199242,-0.159426],[0.199114,-0.159136],[0.198951,-0.15876],[0.198807,-0.158386],[0.198734,-0.158183],[0.198605,-0.157994],[0.198415,-0.157832],[0.198249,-0.157683],[0.198059,-0.157538],[0.197878,-0.157538],[0.197688,-0.157617],[0.197544,-0.157754],[0.197371,-0.157976],[0.19728,-0.158224],[0.197064,-0.158557],[0.196901,-0.158702],[0.196699,-0.158813],[0.196561,-0.158903],[0.196394,-0.159032],[0.196181,-0.159193],[0.196038,-0.15925],[0.195951,-0.159297],[0.195878,-0.159354],[0.195813,-0.159443],[0.195795,-0.159549],[0.19584,-0.159664],[0.195936,-0.159778],[0.196053,-0.159947],[0.196126,-0.160055],[0.196196,-0.16017],[0.196284,-0.160368],[0.196391,-0.160543],[0.196461,-0.160614],[0.196596,-0.160654],[0.196676,-0.160648],[0.196787,-0.160689],[0.196892,-0.160775],[0.196951,-0.160876],[0.196957,-0.160936],[0.196926,-0.161029],[0.196877,-0.161093],[0.196852,-0.161137],[0.197037,-0.161182],[0.197241,-0.161162],[0.197333,-0.161155],[0.197472,-0.161201],[0.197643,-0.161234],[0.197802,-0.161254],[0.197887,-0.161267],[0.198,-0.1613],[0.198151,-0.161366],[0.198362,-0.161419],[0.198481,-0.161445],[0.198567,-0.161426],[0.198771,-0.161353],[0.199159,-0.161148],[0.199216,-0.161111]]]]}},{"type":"Feature","id":194,"properties":{"Clan":"Outer Blood","Name":null},"geometry":{"type":"MultiPolygon","coordinates":[[[[0.181675,-0.148701],[0.181675,-0.148794],[0.181919,-0.148603],[0.182075,-0.148469],[0.182145,-0.148406],[0.182261,-0.148348],[0.182336,-0.148313],[0.182394,-0.148249],[0.182475,-0.148133],[0.182522,-0.148058],[0.182568,-0.14793],[0.182614,-0.147756],[0.182632,-0.147617],[0.182649,-0.147484],[0.182643,-0.147333],[0.182667,-0.147194],[0.182713,-0.147043],[0.182725,-0.146782],[0.182696,-0.146556],[0.182661,-0.146435],[0.182603,-0.146319],[0.182522,-0.14622],[0.182504,-0.146116],[0.182464,-0.146133],[0.18233,-0.146324],[0.182272,-0.146545],[0.182267,-0.146603],[0.182151,-0.146753],[0.181959,-0.146979],[0.181733,-0.147287],[0.181606,-0.147745],[0.181687,-0.147982],[0.181762,-0.148191],[0.181716,-0.148446],[0.181675,-0.148701]]]]}},{"type":"Feature","id":195,"properties":{"Clan":"Outer Blood","Name":null},"geometry":{"type":"MultiPolygon","coordinates":[[[[0.188123,-0.134709],[0.187401,-0.134808],[0.187118,-0.134822],[0.186877,-0.134808],[0.18658,-0.134822],[0.186141,-0.134949],[0.18566,-0.134978],[0.185193,-0.135105],[0.184754,-0.135671],[0.184372,-0.136322],[0.183679,-0.137157],[0.183396,-0.137624],[0.183254,-0.138148],[0.183028,-0.139238],[0.182985,-0.139606],[0.183282,-0.139648],[0.18358,-0.139804],[0.184287,-0.139719],[0.184641,-0.13962],[0.184967,-0.139365],[0.185448,-0.138898],[0.185872,-0.138459],[0.18617,-0.138035],[0.18641,-0.137695],[0.186891,-0.137327],[0.18716,-0.136973],[0.187613,-0.136577],[0.187825,-0.136195],[0.187967,-0.135869],[0.188038,-0.135459],[0.188066,-0.135049],[0.188123,-0.134709]]]]}},{"type":"Feature","id":196,"properties":{"Clan":"Outer Blood","Name":null},"geometry":{"type":"MultiPolygon","coordinates":[[[[0.188122,-0.134701],[0.188131,-0.134284],[0.188152,-0.133766],[0.188189,-0.132987],[0.188193,-0.132534],[0.188245,-0.131973],[0.18829,-0.131072],[0.188319,-0.13053],[0.188353,-0.1302],[0.188427,-0.130011],[0.188494,-0.129773],[0.188564,-0.129209],[0.188531,-0.128619],[0.188249,-0.128148],[0.188052,-0.127959],[0.187939,-0.128057],[0.187545,-0.128397],[0.187301,-0.128723],[0.187174,-0.129031],[0.186802,-0.129402],[0.186485,-0.129665],[0.186171,-0.129756],[0.185723,-0.130982],[0.185464,-0.131803],[0.185519,-0.132549],[0.185576,-0.132981],[0.185588,-0.133508],[0.185567,-0.134004],[0.185557,-0.134375],[0.185493,-0.134717],[0.185397,-0.135049],[0.18566,-0.134978],[0.186141,-0.134949],[0.18658,-0.134822],[0.186877,-0.134808],[0.187118,-0.134822],[0.187401,-0.134808],[0.187875,-0.134743],[0.188122,-0.134701]]]]}},{"type":"Feature","id":197,"properties":{"Clan":"Longservant","Name":null},"geometry":{"type":"MultiPolygon","coordinates":[[[[0.07989,-0.08604],[0.080303,-0.085681],[0.081368,-0.085234],[0.082446,-0.084432],[0.083235,-0.083827],[0.084051,-0.082986],[0.085168,-0.081999],[0.085655,-0.081355],[0.086063,-0.080711],[0.086207,-0.080316],[0.086391,-0.079738],[0.08651,-0.079014],[0.086501,-0.079291],[0.086563,-0.07866],[0.086664,-0.078164],[0.086748,-0.077878],[0.086815,-0.077617],[0.087093,-0.077179],[0.087261,-0.076834],[0.08732,-0.076506],[0.087244,-0.075892],[0.087135,-0.07516],[0.087026,-0.074613],[0.08684,-0.074192],[0.086779,-0.074019],[0.086682,-0.073615],[0.086483,-0.073276],[0.086305,-0.072894],[0.086337,-0.072873],[0.086003,-0.072948],[0.085109,-0.073987],[0.084684,-0.074273],[0.084086,-0.074703],[0.083531,-0.075167],[0.082987,-0.075538],[0.082702,-0.075861],[0.082341,-0.075996],[0.081845,-0.076163],[0.081312,-0.076303],[0.080887,-0.076438],[0.080165,-0.076567],[0.079465,-0.076475],[0.078902,-0.076286],[0.078423,-0.076093],[0.078044,-0.075952],[0.077744,-0.075797],[0.077669,-0.075685],[0.077493,-0.075837],[0.077111,-0.076148],[0.076992,-0.076188],[0.076721,-0.076291],[0.076737,-0.076825],[0.076817,-0.077549],[0.07696,-0.078226],[0.077334,-0.079428],[0.077509,-0.080017],[0.077605,-0.080495],[0.077653,-0.081179],[0.077852,-0.081944],[0.078106,-0.082684],[0.078345,-0.083209],[0.078504,-0.083783],[0.079133,-0.08481],[0.079555,-0.085502],[0.07989,-0.08604]]]]}},{"type":"Feature","id":198,"properties":{"Clan":"Longservant","Name":null},"geometry":{"type":"MultiPolygon","coordinates":[[[[0.081013,-0.091709],[0.081103,-0.091195],[0.081122,-0.091088],[0.081158,-0.091086],[0.081171,-0.091007],[0.080947,-0.090599],[0.080763,-0.089955],[0.080855,-0.089297],[0.080763,-0.088456],[0.080632,-0.087811],[0.080382,-0.087312],[0.080119,-0.086746],[0.079803,-0.086115],[0.07989,-0.08604],[0.079555,-0.085502],[0.079133,-0.08481],[0.078504,-0.083783],[0.078345,-0.083209],[0.078106,-0.082684],[0.077852,-0.081944],[0.077653,-0.081179],[0.077605,-0.080495],[0.077509,-0.080017],[0.077334,-0.079428],[0.07696,-0.078226],[0.076817,-0.077549],[0.076737,-0.076825],[0.076721,-0.076291],[0.07633,-0.076057],[0.075865,-0.075747],[0.075918,-0.075918],[0.075758,-0.076506],[0.074925,-0.077981],[0.074513,-0.078958],[0.07407,-0.079685],[0.073878,-0.080192],[0.073712,-0.08086],[0.073448,-0.081483],[0.073565,-0.082096],[0.073565,-0.083022],[0.073748,-0.083869],[0.073774,-0.084404],[0.07367,-0.085004],[0.073761,-0.086583],[0.073956,-0.087313],[0.073813,-0.088083],[0.073943,-0.088278],[0.075978,-0.089243],[0.076983,-0.089569],[0.077596,-0.090117],[0.077909,-0.0909],[0.078378,-0.091226],[0.078756,-0.091448],[0.080074,-0.091383],[0.080517,-0.091513],[0.080713,-0.091617],[0.081013,-0.091709]]]]}},{"type":"Feature","id":199,"properties":{"Clan":"Longservant","Name":null},"geometry":{"type":"MultiPolygon","coordinates":[[[[0.065988,-0.101796],[0.06612,-0.101849],[0.06632,-0.101915],[0.066524,-0.10197],[0.06673,-0.102012],[0.066939,-0.102042],[0.067149,-0.102059],[0.06736,-0.102065],[0.067571,-0.102057],[0.067781,-0.102038],[0.067989,-0.102005],[0.068028,-0.101983],[0.068068,-0.101963],[0.068109,-0.101945],[0.068152,-0.101931],[0.068195,-0.101919],[0.068239,-0.10191],[0.068283,-0.101904],[0.068328,-0.101901],[0.068373,-0.101901],[0.068418,-0.101903],[0.068462,-0.101909],[0.068506,-0.101917],[0.06855,-0.101929],[0.068723,-0.101919],[0.068897,-0.101914],[0.069071,-0.101914],[0.069245,-0.101919],[0.069419,-0.101929],[0.069592,-0.101944],[0.069765,-0.101963],[0.069967,-0.102005],[0.070169,-0.102045],[0.070372,-0.102084],[0.070574,-0.102122],[0.070777,-0.102159],[0.07098,-0.102195],[0.071184,-0.102229],[0.071301,-0.102238],[0.071418,-0.102251],[0.071535,-0.102268],[0.071651,-0.102288],[0.071767,-0.102311],[0.071881,-0.102338],[0.071995,-0.102369],[0.072046,-0.10238],[0.072097,-0.102392],[0.072147,-0.102404],[0.072198,-0.102416],[0.072248,-0.102429],[0.072299,-0.102442],[0.072349,-0.102455],[0.072407,-0.102483],[0.072464,-0.102511],[0.072522,-0.102539],[0.07258,-0.102566],[0.072638,-0.102593],[0.072697,-0.10262],[0.072755,-0.102647],[0.072777,-0.102639],[0.0728,-0.102633],[0.072823,-0.102629],[0.072846,-0.102627],[0.072869,-0.102626],[0.072893,-0.102626],[0.072916,-0.102629],[0.072939,-0.102633],[0.072962,-0.102639],[0.072984,-0.102646],[0.073005,-0.102655],[0.073026,-0.102665],[0.073047,-0.102677],[0.073066,-0.10269],[0.073084,-0.102705],[0.073101,-0.102721],[0.073117,-0.102738],[0.073132,-0.102756],[0.073145,-0.102775],[0.073178,-0.102845],[0.073216,-0.102914],[0.073257,-0.102979],[0.073303,-0.103042],[0.073353,-0.103102],[0.073407,-0.103158],[0.073465,-0.10321],[0.073525,-0.103259],[0.073589,-0.103304],[0.073656,-0.103344],[0.073725,-0.10338],[0.073796,-0.103411],[0.073869,-0.103437],[0.073944,-0.103459],[0.07402,-0.103475],[0.074025,-0.103477],[0.074057,-0.103333],[0.074333,-0.102782],[0.074604,-0.102039],[0.075099,-0.101259],[0.075296,-0.100866],[0.075581,-0.100539],[0.075583,-0.100539],[0.075631,-0.100539],[0.075721,-0.100287],[0.075899,-0.100152],[0.075921,-0.099942],[0.076147,-0.099694],[0.076158,-0.099468],[0.076368,-0.09929],[0.076405,-0.09907],[0.07618,-0.09893],[0.075972,-0.098746],[0.07564,-0.098313],[0.075029,-0.097842],[0.074826,-0.097635],[0.074535,-0.097604],[0.074235,-0.097488],[0.073972,-0.097411],[0.073742,-0.097197],[0.073246,-0.096862],[0.072747,-0.096407],[0.072333,-0.095958],[0.072101,-0.095739],[0.071777,-0.095567],[0.071436,-0.095514],[0.071053,-0.09551],[0.070959,-0.09547],[0.070495,-0.095466],[0.070259,-0.095462],[0.069727,-0.095276],[0.069145,-0.09507],[0.068902,-0.095553],[0.068812,-0.095858],[0.068539,-0.096262],[0.068037,-0.096759],[0.067755,-0.096967],[0.067425,-0.097716],[0.06716,-0.098357],[0.067018,-0.098506],[0.066687,-0.098814],[0.066372,-0.098952],[0.065939,-0.099026],[0.065678,-0.099],[0.065781,-0.099085],[0.065821,-0.099302],[0.065961,-0.099801],[0.066029,-0.100241],[0.066036,-0.100833],[0.065986,-0.101484],[0.065988,-0.101796]]]]}},{"type":"Feature","id":200,"properties":{"Clan":"Sel Serro Abbey","Name":null},"geometry":{"type":"MultiPolygon","coordinates":[[[[0.075859,-0.075726],[0.076024,-0.075853],[0.07633,-0.076057],[0.076721,-0.076291],[0.076992,-0.076188],[0.077111,-0.076148],[0.077493,-0.075837],[0.077669,-0.075685],[0.077513,-0.075452],[0.07741,-0.075024],[0.077386,-0.074773],[0.077324,-0.074404],[0.077341,-0.073918],[0.077365,-0.073701],[0.077417,-0.073607],[0.077474,-0.073375],[0.077566,-0.073039],[0.077684,-0.072677],[0.077861,-0.072004],[0.07792,-0.071751],[0.077921,-0.071734],[0.077887,-0.07172],[0.077743,-0.071751],[0.077431,-0.071754],[0.076828,-0.071714],[0.076442,-0.071728],[0.076355,-0.071775],[0.076284,-0.071884],[0.076253,-0.072322],[0.076129,-0.073013],[0.075934,-0.073283],[0.075664,-0.073659],[0.075638,-0.074536],[0.075602,-0.075239],[0.075691,-0.075532],[0.075859,-0.075726]]]]}},{"type":"Feature","id":201,"properties":{"Clan":"Sel Serro Abbey","Name":null},"geometry":{"type":"MultiPolygon","coordinates":[[[[0.075859,-0.076136],[0.075918,-0.075918],[0.075865,-0.075747],[0.076024,-0.075853],[0.075859,-0.075726],[0.075691,-0.075532],[0.075602,-0.075239],[0.075638,-0.074536],[0.075664,-0.073659],[0.075859,-0.073388],[0.074997,-0.073057],[0.074374,-0.072915],[0.073325,-0.072948],[0.072942,-0.072991],[0.072456,-0.073183],[0.072013,-0.073319],[0.071735,-0.073511],[0.071664,-0.073669],[0.071523,-0.073855],[0.071171,-0.074166],[0.070952,-0.07442],[0.070732,-0.074843],[0.070647,-0.075096],[0.070613,-0.075841],[0.070376,-0.076839],[0.069767,-0.077769],[0.06948,-0.078091],[0.06926,-0.078209],[0.069006,-0.078361],[0.068634,-0.078683],[0.068363,-0.079055],[0.068202,-0.079281],[0.068289,-0.079537],[0.06822,-0.079825],[0.068174,-0.080265],[0.068056,-0.080629],[0.067926,-0.081164],[0.067874,-0.081566],[0.067604,-0.08207],[0.067178,-0.082888],[0.066793,-0.083517],[0.066303,-0.084115],[0.065943,-0.084539],[0.065772,-0.084644],[0.065618,-0.084742],[0.065548,-0.084871],[0.065677,-0.085081],[0.065926,-0.085465],[0.066118,-0.08577],[0.066456,-0.086522],[0.066713,-0.086981],[0.066773,-0.087342],[0.066784,-0.087801],[0.066734,-0.088036],[0.066549,-0.088456],[0.066363,-0.088877],[0.066122,-0.08915],[0.065745,-0.08944],[0.065456,-0.089522],[0.06521,-0.089686],[0.064696,-0.089844],[0.064412,-0.090014],[0.063937,-0.09015],[0.063609,-0.090309],[0.063303,-0.090451],[0.062559,-0.090407],[0.061707,-0.0905],[0.061035,-0.090271],[0.060439,-0.090118],[0.059843,-0.090134],[0.059521,-0.090161],[0.058865,-0.090396],[0.058543,-0.090538],[0.058532,-0.090834],[0.058658,-0.091167],[0.059182,-0.091609],[0.059543,-0.092014],[0.060401,-0.09291],[0.061297,-0.093823],[0.061652,-0.0942],[0.062029,-0.094845],[0.062324,-0.095528],[0.062658,-0.096183],[0.062865,-0.096965],[0.062937,-0.097314],[0.063604,-0.098082],[0.064389,-0.098517],[0.065089,-0.098808],[0.065473,-0.098944],[0.06597,-0.099021],[0.066372,-0.098952],[0.066687,-0.098814],[0.067018,-0.098506],[0.06716,-0.098357],[0.067425,-0.097716],[0.067755,-0.096967],[0.068037,-0.096759],[0.068539,-0.096262],[0.068812,-0.095858],[0.068902,-0.095553],[0.069131,-0.095096],[0.069509,-0.093977],[0.070083,-0.092083],[0.070723,-0.090749],[0.071697,-0.090041],[0.072551,-0.089588],[0.073378,-0.088827],[0.073846,-0.087906],[0.073956,-0.087313],[0.073761,-0.086583],[0.07367,-0.085004],[0.073774,-0.084404],[0.073748,-0.083869],[0.073565,-0.083022],[0.073565,-0.082096],[0.073448,-0.081483],[0.073712,-0.08086],[0.073878,-0.080192],[0.07407,-0.079685],[0.074513,-0.078958],[0.074925,-0.077981],[0.075758,-0.076506],[0.075814,-0.076301],[0.075859,-0.076136]]]]}},{"type":"Feature","id":202,"properties":{"Clan":"Longservant","Name":null},"geometry":{"type":"MultiPolygon","coordinates":[[[[0.077544,-0.090071],[0.076983,-0.089569],[0.075978,-0.089243],[0.073943,-0.088278],[0.073813,-0.088083],[0.073846,-0.087906],[0.073378,-0.088827],[0.072551,-0.089588],[0.071697,-0.090041],[0.070723,-0.090749],[0.070083,-0.092083],[0.069509,-0.093977],[0.069131,-0.095096],[0.069145,-0.09507],[0.069727,-0.095276],[0.070259,-0.095462],[0.070495,-0.095466],[0.070959,-0.09547],[0.071053,-0.09551],[0.071436,-0.095514],[0.071777,-0.095567],[0.072101,-0.095739],[0.072333,-0.095958],[0.072747,-0.096407],[0.073246,-0.096862],[0.073742,-0.097197],[0.073972,-0.097411],[0.074235,-0.097488],[0.074535,-0.097604],[0.074826,-0.097635],[0.075029,-0.097842],[0.07564,-0.098313],[0.075972,-0.098746],[0.07618,-0.09893],[0.076405,-0.09907],[0.076637,-0.098951],[0.076772,-0.098763],[0.077036,-0.098369],[0.077283,-0.097965],[0.077461,-0.097739],[0.07759,-0.097454],[0.07765,-0.097222],[0.07786,-0.096877],[0.078576,-0.096468],[0.079034,-0.095865],[0.079599,-0.095217],[0.079733,-0.094824],[0.080257,-0.094211],[0.080336,-0.094111],[0.080443,-0.093928],[0.08055,-0.093604],[0.080616,-0.093428],[0.080722,-0.093211],[0.080764,-0.093056],[0.080843,-0.092821],[0.080822,-0.092666],[0.080791,-0.092456],[0.080867,-0.092232],[0.080874,-0.09217],[0.080922,-0.091984],[0.080988,-0.091763],[0.080995,-0.091703],[0.080713,-0.091617],[0.080517,-0.091513],[0.080074,-0.091383],[0.078756,-0.091448],[0.078378,-0.091226],[0.077909,-0.0909],[0.07781,-0.090653],[0.077596,-0.090117],[0.077584,-0.090107],[0.077544,-0.090071]]]]}},{"type":"Feature","id":203,"properties":{"Clan":"Steelheart","Name":null},"geometry":{"type":"MultiPolygon","coordinates":[[[[0.063796,-0.058599],[0.063835,-0.058345],[0.063822,-0.05812],[0.063715,-0.057926],[0.063684,-0.057615],[0.063659,-0.057393],[0.063563,-0.057168],[0.063466,-0.056895],[0.063378,-0.056595],[0.063364,-0.056238],[0.06334,-0.05594],[0.063342,-0.055621],[0.063372,-0.055313],[0.06334,-0.055006],[0.0633,-0.054669],[0.063237,-0.054304],[0.063219,-0.05389],[0.063237,-0.053165],[0.063215,-0.052513],[0.06317,-0.05192],[0.063179,-0.051316],[0.063168,-0.051112],[0.062229,-0.051334],[0.061793,-0.051385],[0.060256,-0.051197],[0.059829,-0.051223],[0.059163,-0.051223],[0.058976,-0.051376],[0.058848,-0.051906],[0.058771,-0.052435],[0.058643,-0.052691],[0.058489,-0.052768],[0.058301,-0.052845],[0.058164,-0.053007],[0.057942,-0.053084],[0.05784,-0.053152],[0.05778,-0.053323],[0.057575,-0.053554],[0.057276,-0.053776],[0.057157,-0.053938],[0.057072,-0.05416],[0.057046,-0.054348],[0.056978,-0.054621],[0.056739,-0.054817],[0.056388,-0.054945],[0.056013,-0.055074],[0.055509,-0.055278],[0.05521,-0.055449],[0.055176,-0.055586],[0.054971,-0.056098],[0.055039,-0.056329],[0.055005,-0.056619],[0.054937,-0.056986],[0.054809,-0.057336],[0.054766,-0.057652],[0.054749,-0.0579],[0.054553,-0.058782],[0.054153,-0.059383],[0.053793,-0.059836],[0.052792,-0.06081],[0.053272,-0.061104],[0.053859,-0.061357],[0.054807,-0.061704],[0.055621,-0.062038],[0.056061,-0.062278],[0.056661,-0.062545],[0.057315,-0.062878],[0.057902,-0.063278],[0.058689,-0.063599],[0.05911,-0.06376],[0.059583,-0.063504],[0.059875,-0.063273],[0.06007,-0.063115],[0.060349,-0.06286],[0.060471,-0.062653],[0.060599,-0.062416],[0.060684,-0.062264],[0.060921,-0.062088],[0.061194,-0.061893],[0.061504,-0.061705],[0.061857,-0.061492],[0.062416,-0.061036],[0.062756,-0.060562],[0.063468,-0.059668],[0.06368,-0.059352],[0.063729,-0.059067],[0.063723,-0.058811],[0.063778,-0.058635],[0.063796,-0.058598],[0.063796,-0.058599]]]]}},{"type":"Feature","id":204,"properties":{"Clan":"Steelheart","Name":null},"geometry":{"type":"MultiPolygon","coordinates":[[[[0.055181,-0.055542],[0.055092,-0.055296],[0.055043,-0.05504],[0.055056,-0.054801],[0.054886,-0.054387],[0.054693,-0.054212],[0.054494,-0.053925],[0.053832,-0.053444],[0.053548,-0.053248],[0.053248,-0.053204],[0.053018,-0.0531],[0.052494,-0.052832],[0.052313,-0.052592],[0.051991,-0.052144],[0.051586,-0.051641],[0.05134,-0.051215],[0.051089,-0.051034],[0.050898,-0.050942],[0.050719,-0.050922],[0.050234,-0.051089],[0.049699,-0.051374],[0.049307,-0.051642],[0.048772,-0.051731],[0.048558,-0.051891],[0.04813,-0.051927],[0.047845,-0.052016],[0.047524,-0.051998],[0.047216,-0.052029],[0.047012,-0.052268],[0.046935,-0.05251],[0.046865,-0.052688],[0.046662,-0.052922],[0.046596,-0.053307],[0.046536,-0.053646],[0.046554,-0.05387],[0.046557,-0.054059],[0.046477,-0.054465],[0.046438,-0.054856],[0.046445,-0.05522],[0.046505,-0.055507],[0.046582,-0.055668],[0.046641,-0.055769],[0.046638,-0.056105],[0.046627,-0.056374],[0.046445,-0.056804],[0.046368,-0.057161],[0.046218,-0.057591],[0.04613,-0.057892],[0.046141,-0.058025],[0.046508,-0.058186],[0.04698,-0.058501],[0.047222,-0.058644],[0.047974,-0.058854],[0.048425,-0.058994],[0.049554,-0.059335],[0.050067,-0.05945],[0.05051,-0.059516],[0.051034,-0.059587],[0.051351,-0.059674],[0.051614,-0.059794],[0.05216,-0.060264],[0.052526,-0.060598],[0.052712,-0.060701],[0.052818,-0.060785],[0.053793,-0.059836],[0.054153,-0.059383],[0.054553,-0.058782],[0.054749,-0.0579],[0.054766,-0.057652],[0.054809,-0.057336],[0.054937,-0.056986],[0.055005,-0.056619],[0.055039,-0.056329],[0.054971,-0.056098],[0.055176,-0.055586],[0.055181,-0.055564],[0.055181,-0.055542]]]]}},{"type":"Feature","id":205,"properties":{"Clan":"Steelheart","Name":null},"geometry":{"type":"MultiPolygon","coordinates":[[[[0.063152,-0.051114],[0.063208,-0.050238],[0.063202,-0.049759],[0.063077,-0.04905],[0.062996,-0.048914],[0.062959,-0.048304],[0.062878,-0.048037],[0.062748,-0.047832],[0.062654,-0.04754],[0.062617,-0.047409],[0.062474,-0.047297],[0.062244,-0.047154],[0.06212,-0.046967],[0.062064,-0.046843],[0.061939,-0.046781],[0.061846,-0.046644],[0.061585,-0.046085],[0.061436,-0.045562],[0.061218,-0.045009],[0.060826,-0.0444],[0.060472,-0.04407],[0.060012,-0.043672],[0.059334,-0.043218],[0.058831,-0.043026],[0.058669,-0.042932],[0.058507,-0.042783],[0.058221,-0.042441],[0.058016,-0.042093],[0.057786,-0.041863],[0.05732,-0.041701],[0.057202,-0.041676],[0.056406,-0.04146],[0.056127,-0.041393],[0.055907,-0.041347],[0.055729,-0.041214],[0.055609,-0.041142],[0.055392,-0.041096],[0.055182,-0.041104],[0.055113,-0.041132],[0.055042,-0.041184],[0.055079,-0.041218],[0.055203,-0.041272],[0.055394,-0.041267],[0.05554,-0.041295],[0.055705,-0.041471],[0.055915,-0.041662],[0.056072,-0.041838],[0.056201,-0.04211],[0.056412,-0.042576],[0.056555,-0.042925],[0.056636,-0.043228],[0.056738,-0.043549],[0.056901,-0.043877],[0.057041,-0.044061],[0.057186,-0.044428],[0.057166,-0.044556],[0.057317,-0.044528],[0.0575,-0.044675],[0.057651,-0.04479],[0.057695,-0.044938],[0.057799,-0.044954],[0.057799,-0.045065],[0.057914,-0.045375],[0.058212,-0.046096],[0.058383,-0.046386],[0.058527,-0.046768],[0.058734,-0.04719],[0.058769,-0.047616],[0.058853,-0.048252],[0.058945,-0.049004],[0.058837,-0.049872],[0.058829,-0.050035],[0.058809,-0.050536],[0.058929,-0.051093],[0.058997,-0.051359],[0.059163,-0.051223],[0.059829,-0.051223],[0.060256,-0.051197],[0.061793,-0.051385],[0.062229,-0.051334],[0.062996,-0.051152],[0.063152,-0.051114]]]]}},{"type":"Feature","id":206,"properties":{"Clan":"Steelheart","Name":null},"geometry":{"type":"MultiPolygon","coordinates":[[[[0.042044,-0.059818],[0.041929,-0.059558],[0.041476,-0.059261],[0.040896,-0.059105],[0.040514,-0.0596],[0.040252,-0.060343],[0.040196,-0.061312],[0.040415,-0.062161],[0.040435,-0.062774],[0.040458,-0.062959],[0.040236,-0.063453],[0.040182,-0.063706],[0.040299,-0.063924],[0.040376,-0.064232],[0.040326,-0.064662],[0.040308,-0.065155],[0.040209,-0.06554],[0.040082,-0.066296],[0.039932,-0.067283],[0.039923,-0.067758],[0.039923,-0.068107],[0.040014,-0.067677],[0.040086,-0.067428],[0.04015,-0.067283],[0.040281,-0.067125],[0.040381,-0.067057],[0.040594,-0.066975],[0.040661,-0.06688],[0.04072,-0.066781],[0.040788,-0.066391],[0.040883,-0.065812],[0.040938,-0.065359],[0.040969,-0.064805],[0.040952,-0.064538],[0.040995,-0.064014],[0.040992,-0.063912],[0.041062,-0.06366],[0.041349,-0.063159],[0.041665,-0.062487],[0.041783,-0.062278],[0.042004,-0.061699],[0.042047,-0.06153],[0.042053,-0.061281],[0.042053,-0.060823],[0.042059,-0.060525],[0.042088,-0.060241],[0.042044,-0.059818]]]]}},{"type":"Feature","id":207,"properties":{"Clan":"Steelheart","Name":null},"geometry":{"type":"MultiPolygon","coordinates":[[[[0.040355,-0.05585],[0.040551,-0.056108],[0.040608,-0.056025],[0.040463,-0.05584],[0.040566,-0.055799],[0.040664,-0.055624],[0.040803,-0.055371],[0.040999,-0.055289],[0.041298,-0.05517],[0.041411,-0.055124],[0.041787,-0.054799],[0.041767,-0.05449],[0.041545,-0.054191],[0.04136,-0.053918],[0.041051,-0.053738],[0.040633,-0.053635],[0.040298,-0.053548],[0.039799,-0.053465],[0.039459,-0.053548],[0.039253,-0.053651],[0.039093,-0.053867],[0.039021,-0.054011],[0.03883,-0.054197],[0.038614,-0.054336],[0.038413,-0.054439],[0.038284,-0.05464],[0.038202,-0.054954],[0.038207,-0.05532],[0.038269,-0.055515],[0.038511,-0.055964],[0.038619,-0.056067],[0.038748,-0.05601],[0.039021,-0.055768],[0.039366,-0.05568],[0.039747,-0.055665],[0.039871,-0.055649],[0.040025,-0.055711],[0.040144,-0.055732],[0.040355,-0.05585]]]]}},{"type":"Feature","id":208,"properties":{"Clan":"Steelheart","Name":null},"geometry":{"type":"MultiPolygon","coordinates":[[[[0.049197,-0.039011],[0.048921,-0.03904],[0.048729,-0.039205],[0.04861,-0.039516],[0.048412,-0.039849],[0.048377,-0.040377],[0.048312,-0.040675],[0.048054,-0.040886],[0.047685,-0.041344],[0.04748,-0.041637],[0.047474,-0.042129],[0.047586,-0.042422],[0.04772,-0.04251],[0.047908,-0.042528],[0.048312,-0.04234],[0.048535,-0.042205],[0.048646,-0.042012],[0.048828,-0.041625],[0.048898,-0.041461],[0.049063,-0.041385],[0.049244,-0.041279],[0.049385,-0.04108],[0.04959,-0.04084],[0.049836,-0.040423],[0.049883,-0.040148],[0.049912,-0.039708],[0.049789,-0.039427],[0.049549,-0.039245],[0.049197,-0.039011]]]]}},{"type":"Feature","id":209,"properties":{"Clan":"Giantsbane","Name":null},"geometry":{"type":"MultiPolygon","coordinates":[[[[0.046267,-0.132622],[0.046602,-0.132765],[0.046741,-0.132773],[0.046868,-0.132794],[0.047079,-0.13291],[0.047243,-0.132971],[0.047499,-0.133095],[0.047615,-0.133224],[0.047684,-0.133327],[0.047824,-0.133477],[0.04795,-0.133543],[0.048048,-0.133607],[0.048238,-0.133736],[0.048615,-0.133923],[0.04875,-0.134001],[0.048944,-0.134071],[0.049157,-0.13409],[0.049466,-0.134083],[0.049654,-0.134062],[0.049851,-0.134109],[0.049988,-0.134105],[0.050239,-0.134133],[0.050447,-0.134138],[0.050596,-0.134068],[0.050681,-0.134056],[0.050856,-0.134095],[0.050979,-0.134102],[0.051218,-0.134119],[0.051514,-0.13421],[0.051791,-0.134138],[0.05223,-0.133745],[0.05265,-0.13318],[0.05313,-0.13279],[0.053138,-0.132784],[0.053115,-0.132709],[0.053094,-0.131887],[0.053178,-0.131166],[0.053235,-0.130963],[0.053088,-0.130777],[0.0529,-0.13049],[0.052899,-0.13049],[0.052813,-0.130394],[0.052754,-0.13036],[0.052617,-0.130355],[0.052509,-0.130337],[0.052341,-0.13031],[0.052233,-0.130281],[0.051994,-0.130279],[0.051828,-0.130281],[0.051503,-0.130139],[0.051672,-0.129921],[0.051787,-0.129691],[0.051815,-0.129602],[0.051888,-0.129415],[0.051967,-0.129255],[0.052044,-0.129029],[0.052099,-0.128891],[0.052155,-0.128732],[0.052193,-0.128589],[0.052221,-0.128219],[0.052209,-0.127744],[0.052385,-0.12629],[0.052387,-0.126289],[0.052387,-0.126289],[0.052384,-0.12629],[0.052385,-0.12629],[0.051944,-0.126425],[0.051653,-0.126515],[0.051239,-0.126755],[0.050784,-0.127095],[0.050706,-0.127102],[0.050785,-0.126751],[0.050824,-0.126653],[0.050575,-0.127248],[0.050194,-0.127693],[0.048938,-0.128698],[0.048377,-0.12893],[0.048061,-0.129239],[0.047713,-0.1294],[0.047559,-0.129433],[0.047294,-0.129433],[0.047198,-0.129716],[0.047101,-0.130154],[0.047082,-0.130618],[0.046916,-0.13107],[0.046601,-0.131558],[0.046427,-0.131978],[0.046353,-0.132395],[0.046267,-0.132622]]]]}},{"type":"Feature","id":210,"properties":{"Clan":"Giantsbane","Name":null},"geometry":{"type":"MultiPolygon","coordinates":[[[[0.046792,-0.136075],[0.047002,-0.136094],[0.047313,-0.136128],[0.048303,-0.136176],[0.049457,-0.136211],[0.050022,-0.136274],[0.050707,-0.136262],[0.051476,-0.136113],[0.051823,-0.136053],[0.052047,-0.136038],[0.051802,-0.135512],[0.051632,-0.135222],[0.051562,-0.134857],[0.051506,-0.134212],[0.051508,-0.134212],[0.051514,-0.13421],[0.051218,-0.134119],[0.050979,-0.134102],[0.050856,-0.134095],[0.050681,-0.134056],[0.050596,-0.134068],[0.050447,-0.134138],[0.050239,-0.134133],[0.049988,-0.134105],[0.049851,-0.134109],[0.049654,-0.134062],[0.049466,-0.134083],[0.049157,-0.13409],[0.048944,-0.134071],[0.04875,-0.134001],[0.048615,-0.133923],[0.048238,-0.133736],[0.048048,-0.133607],[0.04803,-0.133595],[0.047863,-0.133686],[0.047649,-0.13386],[0.047507,-0.134106],[0.047451,-0.134293],[0.047359,-0.134795],[0.047312,-0.135037],[0.047156,-0.135494],[0.046992,-0.135755],[0.046792,-0.136075]]]]}},{"type":"Feature","id":211,"properties":{"Clan":"Giantsbane","Name":null},"geometry":{"type":"MultiPolygon","coordinates":[[[[0.046267,-0.132622],[0.04621,-0.132725],[0.046161,-0.132917],[0.046099,-0.133067],[0.045994,-0.133227],[0.045825,-0.133467],[0.045648,-0.13369],[0.045467,-0.13402],[0.045442,-0.134143],[0.045421,-0.13428],[0.045281,-0.134486],[0.045071,-0.134638],[0.044959,-0.134766],[0.044869,-0.134972],[0.044827,-0.135125],[0.044782,-0.13529],[0.04472,-0.135513],[0.044654,-0.135624],[0.044489,-0.135707],[0.04418,-0.135929],[0.043982,-0.135995],[0.043743,-0.136041],[0.043487,-0.136086],[0.043239,-0.13609],[0.042963,-0.136148],[0.042608,-0.136321],[0.042229,-0.136465],[0.041854,-0.136647],[0.041548,-0.136882],[0.040905,-0.137447],[0.040633,-0.137711],[0.04055,-0.137909],[0.04047,-0.138012],[0.040502,-0.138036],[0.040605,-0.138075],[0.040937,-0.138174],[0.041202,-0.138247],[0.041331,-0.138258],[0.041564,-0.138278],[0.04177,-0.138297],[0.041988,-0.13833],[0.042119,-0.138333],[0.04231,-0.138331],[0.042452,-0.138354],[0.042678,-0.138356],[0.042745,-0.138349],[0.042785,-0.13834],[0.042824,-0.138338],[0.042901,-0.1383],[0.042941,-0.138302],[0.042997,-0.138307],[0.043033,-0.13835],[0.043056,-0.138265],[0.043056,-0.138274],[0.043069,-0.138251],[0.043398,-0.138182],[0.043649,-0.13806],[0.044235,-0.137746],[0.044801,-0.137503],[0.045273,-0.137255],[0.045752,-0.136983],[0.046209,-0.136741],[0.046634,-0.136388],[0.04679,-0.136071],[0.046794,-0.136071],[0.046992,-0.135755],[0.047156,-0.135494],[0.047312,-0.135037],[0.047359,-0.134795],[0.047451,-0.134293],[0.047507,-0.134106],[0.047649,-0.13386],[0.047863,-0.133686],[0.04803,-0.133595],[0.04795,-0.133543],[0.047824,-0.133477],[0.047684,-0.133327],[0.047615,-0.133224],[0.047499,-0.133095],[0.047243,-0.132971],[0.047079,-0.13291],[0.046868,-0.132794],[0.046741,-0.132773],[0.046602,-0.132765],[0.046413,-0.132684],[0.046267,-0.132622]]]]}},{"type":"Feature","id":212,"properties":{"Clan":"Giantsbane","Name":null},"geometry":{"type":"MultiPolygon","coordinates":[[[[0.047787,-0.153819],[0.047712,-0.153865],[0.047621,-0.153938],[0.04757,-0.154042],[0.047526,-0.154121],[0.04758,-0.154151],[0.047749,-0.154124],[0.047858,-0.154002],[0.047787,-0.153819]]]]}},{"type":"Feature","id":213,"properties":{"Clan":"Giantsbane","Name":null},"geometry":{"type":"MultiPolygon","coordinates":[[[[0.046156,-0.153015],[0.046087,-0.152908],[0.046047,-0.152841],[0.046034,-0.152753],[0.046039,-0.152707],[0.046049,-0.152657],[0.046053,-0.152616],[0.046034,-0.152587],[0.045957,-0.152647],[0.04593,-0.152801],[0.045857,-0.152955],[0.045724,-0.153368],[0.045649,-0.153497],[0.045424,-0.153662],[0.045299,-0.153816],[0.045119,-0.154152],[0.044892,-0.154569],[0.044784,-0.154732],[0.044732,-0.154817],[0.044682,-0.154963],[0.044661,-0.155092],[0.044675,-0.155182],[0.0447,-0.155311],[0.044755,-0.155375],[0.045012,-0.155624],[0.045166,-0.155808],[0.045247,-0.156049],[0.045379,-0.156423],[0.045569,-0.156563],[0.045701,-0.156665],[0.045833,-0.156753],[0.045899,-0.156929],[0.046016,-0.15712],[0.046046,-0.15723],[0.046192,-0.157384],[0.046383,-0.157516],[0.046522,-0.157589],[0.046706,-0.157604],[0.047131,-0.157707],[0.047402,-0.157773],[0.047549,-0.157927],[0.047659,-0.158051],[0.047798,-0.158146],[0.047952,-0.158249],[0.048055,-0.158278],[0.048106,-0.158278],[0.048135,-0.158066],[0.048157,-0.157868],[0.048157,-0.157553],[0.048179,-0.157333],[0.048113,-0.157223],[0.048011,-0.157039],[0.047901,-0.156775],[0.047776,-0.156541],[0.047725,-0.156152],[0.047688,-0.155998],[0.047666,-0.155764],[0.047666,-0.155595],[0.047512,-0.155236],[0.047385,-0.154657],[0.047268,-0.154437],[0.046963,-0.154197],[0.046733,-0.154024],[0.046616,-0.153921],[0.046546,-0.153766],[0.046452,-0.15354],[0.0464,-0.153418],[0.046334,-0.153292],[0.046259,-0.153146],[0.046156,-0.153015]]]]}},{"type":"Feature","id":214,"properties":{"Clan":"Giantsbane","Name":null},"geometry":{"type":"MultiPolygon","coordinates":[[[[0.046191,-0.151521],[0.046393,-0.151616],[0.046465,-0.151746],[0.04681,-0.151787],[0.047117,-0.151849],[0.047346,-0.151979],[0.047797,-0.152177],[0.048214,-0.151965],[0.048522,-0.151733],[0.048983,-0.151357],[0.049267,-0.151111],[0.049335,-0.150889],[0.049291,-0.150567],[0.049291,-0.150127],[0.049478,-0.14973],[0.049424,-0.149587],[0.04925,-0.149423],[0.049154,-0.14933],[0.049003,-0.149259],[0.048747,-0.149327],[0.048491,-0.149477],[0.048091,-0.149778],[0.047934,-0.149918],[0.047613,-0.150137],[0.047503,-0.150253],[0.04737,-0.15041],[0.047309,-0.150574],[0.047141,-0.150731],[0.046909,-0.150871],[0.046769,-0.151012],[0.046533,-0.151148],[0.046383,-0.151261],[0.046191,-0.151521]]]]}},{"type":"Feature","id":215,"properties":{"Clan":"Giantsbane","Name":null},"geometry":{"type":"MultiPolygon","coordinates":[[[[0.039961,-0.147466],[0.039983,-0.147639],[0.040059,-0.147816],[0.040084,-0.147902],[0.040125,-0.148101],[0.040171,-0.148311],[0.040169,-0.148431],[0.040197,-0.148571],[0.040278,-0.148739],[0.040311,-0.148851],[0.040381,-0.148995],[0.040468,-0.149109],[0.04056,-0.149203],[0.040637,-0.149334],[0.040694,-0.149443],[0.040755,-0.14957],[0.040803,-0.149721],[0.040834,-0.149929],[0.040898,-0.150127],[0.040973,-0.150294],[0.041045,-0.150444],[0.041213,-0.150584],[0.04136,-0.150752],[0.041609,-0.151029],[0.041746,-0.151159],[0.04206,-0.151425],[0.042187,-0.15162],[0.042323,-0.151825],[0.042456,-0.151996],[0.042583,-0.152167],[0.042733,-0.152296],[0.043068,-0.152607],[0.043297,-0.152778],[0.04357,-0.153055],[0.043659,-0.153144],[0.043782,-0.153243],[0.043892,-0.153304],[0.044052,-0.153321],[0.044127,-0.153345],[0.044267,-0.153257],[0.044435,-0.153147],[0.044503,-0.153086],[0.044758,-0.152927],[0.045105,-0.152895],[0.045259,-0.15273],[0.045366,-0.152532],[0.045644,-0.15226],[0.045847,-0.15195],[0.04605,-0.151726],[0.045863,-0.151571],[0.04558,-0.151475],[0.045366,-0.151368],[0.045286,-0.151251],[0.045105,-0.151005],[0.044907,-0.150829],[0.04471,-0.150669],[0.044565,-0.150343],[0.044298,-0.149874],[0.04417,-0.149553],[0.043839,-0.149142],[0.043407,-0.148517],[0.043135,-0.148282],[0.043033,-0.148181],[0.042873,-0.148096],[0.042734,-0.148005],[0.042419,-0.147722],[0.042163,-0.147369],[0.042013,-0.147129],[0.041635,-0.146503],[0.041628,-0.146496],[0.041612,-0.146522],[0.041506,-0.14663],[0.041348,-0.146754],[0.041242,-0.146852],[0.04108,-0.146959],[0.040732,-0.147144],[0.040602,-0.147222],[0.040387,-0.147328],[0.040283,-0.147375],[0.040141,-0.147443],[0.039961,-0.147466]]]]}},{"type":"Feature","id":216,"properties":{"Clan":"Giantsbane","Name":null},"geometry":{"type":"MultiPolygon","coordinates":[[[[0.04888,-0.147192],[0.048785,-0.147149],[0.048543,-0.147074],[0.048323,-0.147058],[0.048174,-0.147014],[0.048117,-0.147008],[0.048035,-0.147016],[0.047871,-0.147046],[0.04777,-0.147093],[0.047664,-0.147107],[0.047587,-0.147141],[0.047501,-0.147141],[0.047415,-0.147129],[0.047199,-0.147052],[0.046769,-0.147052],[0.046643,-0.147035],[0.046301,-0.147029],[0.045942,-0.14695],[0.045705,-0.146887],[0.045482,-0.146889],[0.045145,-0.146977],[0.045051,-0.146991],[0.04493,-0.147008],[0.044689,-0.147009],[0.044574,-0.147046],[0.043913,-0.147049],[0.043852,-0.147029],[0.04376,-0.147027],[0.043678,-0.147026],[0.043586,-0.147015],[0.043512,-0.147004],[0.043407,-0.146991],[0.043294,-0.146976],[0.043165,-0.146933],[0.042971,-0.146876],[0.042808,-0.146826],[0.042602,-0.146767],[0.042368,-0.146712],[0.042137,-0.146658],[0.042104,-0.146649],[0.04202,-0.146628],[0.041909,-0.14661],[0.041843,-0.146587],[0.041805,-0.146573],[0.041774,-0.146568],[0.041688,-0.146548],[0.041635,-0.146503],[0.042013,-0.147129],[0.042163,-0.147369],[0.042419,-0.147722],[0.042734,-0.148005],[0.042873,-0.148096],[0.043033,-0.148181],[0.043135,-0.148282],[0.043407,-0.148517],[0.043839,-0.149142],[0.04417,-0.149553],[0.044298,-0.149874],[0.044565,-0.150343],[0.04471,-0.150669],[0.044907,-0.150829],[0.045105,-0.151005],[0.045286,-0.151251],[0.045366,-0.151368],[0.04558,-0.151475],[0.045863,-0.151571],[0.046049,-0.151725],[0.046202,-0.151506],[0.046383,-0.151261],[0.046533,-0.151148],[0.046769,-0.151012],[0.046909,-0.150871],[0.047141,-0.150731],[0.047309,-0.150574],[0.04737,-0.15041],[0.047503,-0.150253],[0.047613,-0.150137],[0.047934,-0.149918],[0.048091,-0.149778],[0.048491,-0.149477],[0.048747,-0.149327],[0.049003,-0.149259],[0.049154,-0.14933],[0.04925,-0.149423],[0.049336,-0.149504],[0.049301,-0.149089],[0.049291,-0.148443],[0.049323,-0.147749],[0.049339,-0.14745],[0.04936,-0.14728],[0.049135,-0.14728],[0.048912,-0.147204],[0.04888,-0.147192]]]]}},{"type":"Feature","id":217,"properties":{"Clan":"Giantsbane","Name":null},"geometry":{"type":"MultiPolygon","coordinates":[[[[0.050254,-0.144786],[0.050268,-0.144789],[0.05027,-0.144788],[0.050258,-0.144784],[0.050254,-0.144786]]],[[[0.050258,-0.144784],[0.050448,-0.144706],[0.050821,-0.144681],[0.051252,-0.144726],[0.051623,-0.144778],[0.051894,-0.144766],[0.052232,-0.144378],[0.052503,-0.144151],[0.052628,-0.144042],[0.052705,-0.14395],[0.052717,-0.14389],[0.052722,-0.143741],[0.052727,-0.143663],[0.052834,-0.143522],[0.053108,-0.143305],[0.0533,-0.143044],[0.053464,-0.1429],[0.053628,-0.142775],[0.0537,-0.142695],[0.053822,-0.142556],[0.053688,-0.142442],[0.053491,-0.142292],[0.053223,-0.141981],[0.053228,-0.141723],[0.053168,-0.141484],[0.053257,-0.14128],[0.053364,-0.140949],[0.053469,-0.140638],[0.053499,-0.140576],[0.053514,-0.140309],[0.053502,-0.140153],[0.053502,-0.140164],[0.053329,-0.140267],[0.05295,-0.140436],[0.052495,-0.140606],[0.052041,-0.14075],[0.051773,-0.140769],[0.051488,-0.140857],[0.051174,-0.141062],[0.050828,-0.141525],[0.050684,-0.141772],[0.050536,-0.142162],[0.050478,-0.142318],[0.050373,-0.142566],[0.050345,-0.142575],[0.050374,-0.142566],[0.050357,-0.142655],[0.050348,-0.142812],[0.050319,-0.142934],[0.050263,-0.143119],[0.050204,-0.143234],[0.050173,-0.143332],[0.05017,-0.144027],[0.050171,-0.144755],[0.050258,-0.144784]]]]}},{"type":"Feature","id":218,"properties":{"Clan":"Steelheart","Name":null},"geometry":{"type":"MultiPolygon","coordinates":[[[[0.056346,-0.140284],[0.056599,-0.14021],[0.056762,-0.140047],[0.056999,-0.139825],[0.057372,-0.139545],[0.057866,-0.139331],[0.058119,-0.139316],[0.059425,-0.139312],[0.059682,-0.139242],[0.059962,-0.139086],[0.060343,-0.138888],[0.060572,-0.138771],[0.06072,-0.138732],[0.060833,-0.138748],[0.060949,-0.138359],[0.061109,-0.137869],[0.061159,-0.137628],[0.061151,-0.137453],[0.061175,-0.137267],[0.061281,-0.137119],[0.061251,-0.137102],[0.061251,-0.137102],[0.061262,-0.136914],[0.061049,-0.136737],[0.060694,-0.136595],[0.060455,-0.13659],[0.060151,-0.136634],[0.059898,-0.136644],[0.059582,-0.136704],[0.059341,-0.136761],[0.059109,-0.136787],[0.058812,-0.136793],[0.058275,-0.13677],[0.058049,-0.136747],[0.057484,-0.136563],[0.057236,-0.13637],[0.056993,-0.136235],[0.056988,-0.136267],[0.056961,-0.136442],[0.057018,-0.13668],[0.056999,-0.136927],[0.056799,-0.137268],[0.056304,-0.137789],[0.0563,-0.137794],[0.056062,-0.138052],[0.055914,-0.138196],[0.055856,-0.138301],[0.055798,-0.138445],[0.05574,-0.138647],[0.055701,-0.138787],[0.055689,-0.139036],[0.05572,-0.139199],[0.055825,-0.139296],[0.056109,-0.13986],[0.056148,-0.140031],[0.056346,-0.140284]]]]}},{"type":"Feature","id":219,"properties":{"Clan":"Steelheart","Name":null},"geometry":{"type":"MultiPolygon","coordinates":[[[[0.05382,-0.142551],[0.05413,-0.142172],[0.054423,-0.141871],[0.054627,-0.141678],[0.054911,-0.14138],[0.055038,-0.141111],[0.055181,-0.140974],[0.055495,-0.14072],[0.055758,-0.140571],[0.055986,-0.140345],[0.056166,-0.140318],[0.056344,-0.140281],[0.056148,-0.140031],[0.056109,-0.13986],[0.055825,-0.139296],[0.05572,-0.139199],[0.055689,-0.139036],[0.055701,-0.138787],[0.05574,-0.138647],[0.055798,-0.138445],[0.055856,-0.138301],[0.055914,-0.138196],[0.056062,-0.138052],[0.0563,-0.137794],[0.055899,-0.137773],[0.055582,-0.137665],[0.055421,-0.137593],[0.055035,-0.137548],[0.054658,-0.137477],[0.054027,-0.137393],[0.053091,-0.136926],[0.053089,-0.136918],[0.053066,-0.137222],[0.053113,-0.138072],[0.053361,-0.13868],[0.053498,-0.139182],[0.053515,-0.139708],[0.053502,-0.140153],[0.053514,-0.140309],[0.053499,-0.140576],[0.053469,-0.140638],[0.053364,-0.140949],[0.053257,-0.14128],[0.053168,-0.141484],[0.053228,-0.141723],[0.053223,-0.141981],[0.053491,-0.142292],[0.053688,-0.142442],[0.053738,-0.142485],[0.05382,-0.142551]]]]}},{"type":"Feature","id":220,"properties":{"Clan":"Steelheart","Name":null},"geometry":{"type":"MultiPolygon","coordinates":[[[[0.054717,-0.14893],[0.054618,-0.14903],[0.054605,-0.149516],[0.054514,-0.150021],[0.054435,-0.150488],[0.054405,-0.15078],[0.054375,-0.151424],[0.054369,-0.151728],[0.054484,-0.152153],[0.05462,-0.152445],[0.054698,-0.152608],[0.054787,-0.15276],[0.055005,-0.153047],[0.055168,-0.153265],[0.055382,-0.15344],[0.055537,-0.153502],[0.055763,-0.153615],[0.055918,-0.153658],[0.056097,-0.153634],[0.056264,-0.153607],[0.05654,-0.153592],[0.056723,-0.153619],[0.057042,-0.153658],[0.057264,-0.153693],[0.057571,-0.153681],[0.057668,-0.153662],[0.057804,-0.153654],[0.057952,-0.153693],[0.058212,-0.153751],[0.05836,-0.153794],[0.058566,-0.153907],[0.058644,-0.153976],[0.058795,-0.154062],[0.0589,-0.154124],[0.059009,-0.154237],[0.059102,-0.154354],[0.0592,-0.154466],[0.059375,-0.154688],[0.059592,-0.154995],[0.059837,-0.155228],[0.060067,-0.155493],[0.060296,-0.155819],[0.06037,-0.155983],[0.06044,-0.156165],[0.06044,-0.156348],[0.060459,-0.156504],[0.060522,-0.156597],[0.060673,-0.156515],[0.060782,-0.156379],[0.06084,-0.156247],[0.060798,-0.156002],[0.060739,-0.155718],[0.060685,-0.155563],[0.060607,-0.155326],[0.060564,-0.155096],[0.060541,-0.154964],[0.060522,-0.154641],[0.060448,-0.154342],[0.060331,-0.15407],[0.060253,-0.153918],[0.060063,-0.153658],[0.059919,-0.153327],[0.059794,-0.153063],[0.059693,-0.152791],[0.059402,-0.151998],[0.059309,-0.151687],[0.059235,-0.151477],[0.059172,-0.151313],[0.059075,-0.151033],[0.058982,-0.15075],[0.058916,-0.150481],[0.058904,-0.150283],[0.058873,-0.150151],[0.058896,-0.150003],[0.058928,-0.149887],[0.05897,-0.149731],[0.059044,-0.149529],[0.059137,-0.149031],[0.059169,-0.148635],[0.059258,-0.148456],[0.059379,-0.147931],[0.059837,-0.146803],[0.059678,-0.146819],[0.059184,-0.147002],[0.058896,-0.147025],[0.058539,-0.147033],[0.058022,-0.147083],[0.05768,-0.147208],[0.057283,-0.147336],[0.057042,-0.147445],[0.05677,-0.14748],[0.056478,-0.147492],[0.056171,-0.147531],[0.055949,-0.147678],[0.055876,-0.147775],[0.0556,-0.147912],[0.055133,-0.148347],[0.054717,-0.14893]]]]}},{"type":"Feature","id":221,"properties":{"Clan":"Steelheart","Name":null},"geometry":{"type":"MultiPolygon","coordinates":[[[[0.051904,-0.144758],[0.052131,-0.144867],[0.052301,-0.14504],[0.05234,-0.14524],[0.05238,-0.145536],[0.052393,-0.145706],[0.052408,-0.14599],[0.052518,-0.146301],[0.052927,-0.147138],[0.053047,-0.147347],[0.053251,-0.147649],[0.053473,-0.147895],[0.053674,-0.148182],[0.053841,-0.148469],[0.053971,-0.14875],[0.054237,-0.148784],[0.054441,-0.148803],[0.054644,-0.148889],[0.054726,-0.148918],[0.055133,-0.148347],[0.0556,-0.147912],[0.055876,-0.147775],[0.055949,-0.147678],[0.056171,-0.147531],[0.056478,-0.147492],[0.05677,-0.14748],[0.057042,-0.147445],[0.057283,-0.147336],[0.05768,-0.147208],[0.058022,-0.147083],[0.058539,-0.147033],[0.058896,-0.147025],[0.059184,-0.147002],[0.059678,-0.146819],[0.059837,-0.146803],[0.060074,-0.146338],[0.06034,-0.145857],[0.060465,-0.145567],[0.060598,-0.145116],[0.060653,-0.144829],[0.060708,-0.144469],[0.060789,-0.143958],[0.060776,-0.143616],[0.060765,-0.143399],[0.060817,-0.143003],[0.060872,-0.142729],[0.060941,-0.142394],[0.060951,-0.141827],[0.060911,-0.14116],[0.060782,-0.140274],[0.060782,-0.139727],[0.060841,-0.139269],[0.060841,-0.138841],[0.060819,-0.138746],[0.06072,-0.138732],[0.060572,-0.138771],[0.060343,-0.138888],[0.059962,-0.139086],[0.059682,-0.139242],[0.059425,-0.139312],[0.058119,-0.139316],[0.057866,-0.139331],[0.057372,-0.139545],[0.056999,-0.139825],[0.056762,-0.140047],[0.056599,-0.14021],[0.056346,-0.140284],[0.056344,-0.140281],[0.056166,-0.140318],[0.055986,-0.140345],[0.055758,-0.140571],[0.055495,-0.14072],[0.055181,-0.140974],[0.055038,-0.141111],[0.054911,-0.14138],[0.054627,-0.141678],[0.054423,-0.141871],[0.05413,-0.142172],[0.05382,-0.142551],[0.053738,-0.142485],[0.053822,-0.142556],[0.0537,-0.142695],[0.053628,-0.142775],[0.053464,-0.1429],[0.0533,-0.143044],[0.053108,-0.143305],[0.052834,-0.143522],[0.052727,-0.143663],[0.052722,-0.143741],[0.052717,-0.14389],[0.052705,-0.14395],[0.052628,-0.144042],[0.052503,-0.144151],[0.052232,-0.144378],[0.051914,-0.144743],[0.051904,-0.144758]]]]}},{"type":"Feature","id":222,"properties":{"Clan":"Steelheart","Name":null},"geometry":{"type":"MultiPolygon","coordinates":[[[[0.08896,-0.04811],[0.088977,-0.048128],[0.089229,-0.048361],[0.089493,-0.049055],[0.089522,-0.049129],[0.089817,-0.048998],[0.090075,-0.048849],[0.090302,-0.048716],[0.090519,-0.048593],[0.091214,-0.047995],[0.091758,-0.047552],[0.092146,-0.047244],[0.092531,-0.046947],[0.092709,-0.046814],[0.092968,-0.046626],[0.093172,-0.046507],[0.093282,-0.046406],[0.093521,-0.046138],[0.093676,-0.046048],[0.094096,-0.045604],[0.094162,-0.0455],[0.094375,-0.045232],[0.094663,-0.044876],[0.09509,-0.044514],[0.095287,-0.04442],[0.095491,-0.044345],[0.095634,-0.044226],[0.095672,-0.044174],[0.095851,-0.043889],[0.095985,-0.043624],[0.096111,-0.043298],[0.096397,-0.042956],[0.096482,-0.042772],[0.09665,-0.042438],[0.096804,-0.04214],[0.096821,-0.041851],[0.096817,-0.041431],[0.096776,-0.041248],[0.096678,-0.041093],[0.09645,-0.040852],[0.09616,-0.040567],[0.095769,-0.0402],[0.095459,-0.039943],[0.095243,-0.03987],[0.095113,-0.040037],[0.095015,-0.040098],[0.094803,-0.040302],[0.094583,-0.040485],[0.094383,-0.040734],[0.093898,-0.04135],[0.093686,-0.041623],[0.093376,-0.042075],[0.092964,-0.04276],[0.092879,-0.042952],[0.092752,-0.043172],[0.092398,-0.043739],[0.092206,-0.044081],[0.091823,-0.044721],[0.091749,-0.044831],[0.091631,-0.044925],[0.09148,-0.045035],[0.091293,-0.045153],[0.091036,-0.045422],[0.090918,-0.045573],[0.09071,-0.045883],[0.0904,-0.046413],[0.090204,-0.04669],[0.090009,-0.046943],[0.089817,-0.047204],[0.089707,-0.047318],[0.089589,-0.047584],[0.089341,-0.047844],[0.089076,-0.048063],[0.08896,-0.04811]]]]}},{"type":"Feature","id":223,"properties":{"Clan":"Steelheart","Name":null},"geometry":{"type":"MultiPolygon","coordinates":[[[[0.098216,-0.04606],[0.09837,-0.046248],[0.098386,-0.046262],[0.098556,-0.046428],[0.098689,-0.046633],[0.098884,-0.046836],[0.099088,-0.047089],[0.099337,-0.047345],[0.099334,-0.047338],[0.100341,-0.046672],[0.101382,-0.046234],[0.102215,-0.04588],[0.102972,-0.045727],[0.103381,-0.045623],[0.103867,-0.045554],[0.104023,-0.045471],[0.103999,-0.04547],[0.103942,-0.045387],[0.10394,-0.045289],[0.103916,-0.045148],[0.103847,-0.045049],[0.103673,-0.044953],[0.103547,-0.044835],[0.103486,-0.044813],[0.103128,-0.044782],[0.102706,-0.044829],[0.102453,-0.044933],[0.101994,-0.04491],[0.101563,-0.04503],[0.100846,-0.045301],[0.099943,-0.045633],[0.09933,-0.045852],[0.09897,-0.045948],[0.098503,-0.04606],[0.098216,-0.04606]]]]}},{"type":"Feature","id":224,"properties":{"Clan":"Steelheart","Name":null},"geometry":{"type":"MultiPolygon","coordinates":[[[[0.107074,-0.046028],[0.107311,-0.045928],[0.107659,-0.045779],[0.108101,-0.045484],[0.108377,-0.045297],[0.108751,-0.045106],[0.108941,-0.044994],[0.109112,-0.044639],[0.109189,-0.044326],[0.10932,-0.04402],[0.109039,-0.044056],[0.108753,-0.044158],[0.108619,-0.044183],[0.10839,-0.044232],[0.108203,-0.044252],[0.107901,-0.044338],[0.107705,-0.044362],[0.10753,-0.044379],[0.10722,-0.044399],[0.106976,-0.04444],[0.106666,-0.044493],[0.106482,-0.044542],[0.106226,-0.044554],[0.105765,-0.044562],[0.10538,-0.0446],[0.105316,-0.044587],[0.105113,-0.044621],[0.104925,-0.044671],[0.104775,-0.044709],[0.104646,-0.044827],[0.104599,-0.044961],[0.104529,-0.045241],[0.104515,-0.045492],[0.105131,-0.045679],[0.105728,-0.045589],[0.105991,-0.045547],[0.106436,-0.045755],[0.106949,-0.045922],[0.107047,-0.046012],[0.107074,-0.046028]]]]}},{"type":"Feature","id":225,"properties":{"Clan":"Steelheart","Name":null},"geometry":{"type":"MultiPolygon","coordinates":[[[[0.111817,-0.048043],[0.111934,-0.047892],[0.112033,-0.047702],[0.112044,-0.047626],[0.112012,-0.047602],[0.112132,-0.047472],[0.112271,-0.047425],[0.112341,-0.047211],[0.112425,-0.046942],[0.112579,-0.046726],[0.112714,-0.046551],[0.112808,-0.046428],[0.112928,-0.046214],[0.113082,-0.045841],[0.11316,-0.045695],[0.113192,-0.045541],[0.113286,-0.045186],[0.113291,-0.045035],[0.113312,-0.044816],[0.113372,-0.044618],[0.113413,-0.044404],[0.113468,-0.04431],[0.113458,-0.043944],[0.113484,-0.04347],[0.113497,-0.043326],[0.113494,-0.043133],[0.11344,-0.043065],[0.113325,-0.043102],[0.11315,-0.043154],[0.112811,-0.043141],[0.112592,-0.043063],[0.112242,-0.042943],[0.111947,-0.042796],[0.111642,-0.042619],[0.11136,-0.042423],[0.111164,-0.04247],[0.111008,-0.042616],[0.110794,-0.043008],[0.110478,-0.043344],[0.110267,-0.043514],[0.110097,-0.043631],[0.109656,-0.043788],[0.109406,-0.043916],[0.109382,-0.043986],[0.109312,-0.044037],[0.109189,-0.044326],[0.109112,-0.044639],[0.108941,-0.044994],[0.108751,-0.045106],[0.108377,-0.045297],[0.108101,-0.045484],[0.107659,-0.045779],[0.107311,-0.045928],[0.107074,-0.046028],[0.107047,-0.046012],[0.107227,-0.046179],[0.107401,-0.046283],[0.107644,-0.046366],[0.108095,-0.04654],[0.108428,-0.046699],[0.10922,-0.047102],[0.109754,-0.047275],[0.110386,-0.04756],[0.111142,-0.047727],[0.111392,-0.047914],[0.111774,-0.048031],[0.111817,-0.048043]]]]}},{"type":"Feature","id":226,"properties":{"Clan":"Steelheart","Name":null},"geometry":{"type":"MultiPolygon","coordinates":[[[[0.104595,-0.037901],[0.104721,-0.038007],[0.104868,-0.038153],[0.105019,-0.03837],[0.105186,-0.038639],[0.105402,-0.038871],[0.105626,-0.039152],[0.105806,-0.039336],[0.106116,-0.039499],[0.106552,-0.039613],[0.106768,-0.039654],[0.107127,-0.039646],[0.107514,-0.039515],[0.107767,-0.039332],[0.108146,-0.03925],[0.10848,-0.039283],[0.108912,-0.039389],[0.109165,-0.039421],[0.109377,-0.039499],[0.109532,-0.039576],[0.110657,-0.039572],[0.110808,-0.039515],[0.111024,-0.039478],[0.111281,-0.039466],[0.111321,-0.038586],[0.111427,-0.03799],[0.111732,-0.037117],[0.111974,-0.036225],[0.112127,-0.035805],[0.111917,-0.03583],[0.111427,-0.03597],[0.110618,-0.035926],[0.110057,-0.035957],[0.109681,-0.035843],[0.109356,-0.035785],[0.108847,-0.03569],[0.108618,-0.035652],[0.108426,-0.035652],[0.107012,-0.036461],[0.106477,-0.036735],[0.106248,-0.036907],[0.106057,-0.036977],[0.106012,-0.037149],[0.105898,-0.037365],[0.105758,-0.037594],[0.105579,-0.037754],[0.105477,-0.037862],[0.105324,-0.037894],[0.105019,-0.037868],[0.104777,-0.037894],[0.104595,-0.037901]]]]}},{"type":"Feature","id":227,"properties":{"Clan":"Steelheart","Name":null},"geometry":{"type":"MultiPolygon","coordinates":[[[[0.113435,-0.04307],[0.113456,-0.04296],[0.113435,-0.042823],[0.113365,-0.042565],[0.113382,-0.042186],[0.113401,-0.042036],[0.113401,-0.041734],[0.11339,-0.041417],[0.113407,-0.041114],[0.113421,-0.040878],[0.113435,-0.040377],[0.113682,-0.039838],[0.113977,-0.039204],[0.114147,-0.03857],[0.114282,-0.038139],[0.11443,-0.037619],[0.114577,-0.037109],[0.114724,-0.036849],[0.115064,-0.036463],[0.115505,-0.03592],[0.115494,-0.035818],[0.114248,-0.035376],[0.113773,-0.035037],[0.113592,-0.034946],[0.113422,-0.035274],[0.113252,-0.035478],[0.112901,-0.035682],[0.112595,-0.035784],[0.112301,-0.035807],[0.112082,-0.035928],[0.111974,-0.036225],[0.111732,-0.037117],[0.111427,-0.03799],[0.111321,-0.038586],[0.111281,-0.039466],[0.111203,-0.040391],[0.111309,-0.041207],[0.111163,-0.042472],[0.111357,-0.042422],[0.111678,-0.042644],[0.112287,-0.042974],[0.1128,-0.043139],[0.113149,-0.043153],[0.113435,-0.04307]]]]}},{"type":"Feature","id":228,"properties":{"Clan":"Steelheart","Name":null},"geometry":{"type":"MultiPolygon","coordinates":[[[[0.097911,-0.045695],[0.098185,-0.046037],[0.098283,-0.046163],[0.09837,-0.046248],[0.098216,-0.04606],[0.098503,-0.04606],[0.09897,-0.045948],[0.09933,-0.045852],[0.099943,-0.045633],[0.100846,-0.045301],[0.101563,-0.04503],[0.101994,-0.04491],[0.102453,-0.044933],[0.102706,-0.044829],[0.103128,-0.044782],[0.103486,-0.044813],[0.103382,-0.044777],[0.103478,-0.044721],[0.103554,-0.044677],[0.103744,-0.04457],[0.103922,-0.044277],[0.103895,-0.044255],[0.103809,-0.044247],[0.103806,-0.044195],[0.103934,-0.044161],[0.104006,-0.044161],[0.104109,-0.044138],[0.104238,-0.044095],[0.104402,-0.044061],[0.104497,-0.044037],[0.104622,-0.044034],[0.104725,-0.044002],[0.104822,-0.043994],[0.1049,-0.044002],[0.104987,-0.044102],[0.105076,-0.044234],[0.105151,-0.044347],[0.105233,-0.044402],[0.105409,-0.044467],[0.105534,-0.044502],[0.105671,-0.044538],[0.105718,-0.044567],[0.105765,-0.044562],[0.106226,-0.044554],[0.106482,-0.044542],[0.106666,-0.044493],[0.106976,-0.04444],[0.10722,-0.044399],[0.10753,-0.044379],[0.107705,-0.044362],[0.107901,-0.044338],[0.108203,-0.044252],[0.10839,-0.044232],[0.108619,-0.044183],[0.108753,-0.044158],[0.109039,-0.044056],[0.10932,-0.04402],[0.109312,-0.044037],[0.109382,-0.043986],[0.109406,-0.043916],[0.109656,-0.043788],[0.110097,-0.043631],[0.110267,-0.043514],[0.110478,-0.043344],[0.110794,-0.043008],[0.111008,-0.042616],[0.111163,-0.042472],[0.111309,-0.041207],[0.111203,-0.040391],[0.111281,-0.039466],[0.111024,-0.039478],[0.110808,-0.039515],[0.110657,-0.039572],[0.109532,-0.039576],[0.109377,-0.039499],[0.109165,-0.039421],[0.108912,-0.039389],[0.10848,-0.039283],[0.108146,-0.03925],[0.107767,-0.039332],[0.107514,-0.039515],[0.107127,-0.039646],[0.106768,-0.039654],[0.106552,-0.039613],[0.106116,-0.039499],[0.105806,-0.039336],[0.105626,-0.039152],[0.105402,-0.038871],[0.105186,-0.038639],[0.105019,-0.03837],[0.104868,-0.038153],[0.104721,-0.038007],[0.104608,-0.037911],[0.104031,-0.037852],[0.103673,-0.037841],[0.103277,-0.037941],[0.102862,-0.038033],[0.102609,-0.038079],[0.102332,-0.038079],[0.10194,-0.038121],[0.101625,-0.03821],[0.101141,-0.038517],[0.100745,-0.038798],[0.100434,-0.039001],[0.10003,-0.039167],[0.099504,-0.039282],[0.099369,-0.039401],[0.099119,-0.039516],[0.098827,-0.039655],[0.098505,-0.039824],[0.098293,-0.03992],[0.098005,-0.040116],[0.097817,-0.040281],[0.09754,-0.040466],[0.097263,-0.040823],[0.096998,-0.041115],[0.096841,-0.041307],[0.096798,-0.041347],[0.096817,-0.041431],[0.096821,-0.041851],[0.096804,-0.04214],[0.09665,-0.042438],[0.096482,-0.042772],[0.096397,-0.042956],[0.096111,-0.043298],[0.095985,-0.043624],[0.095851,-0.043889],[0.095672,-0.044174],[0.095721,-0.044109],[0.095669,-0.044274],[0.095679,-0.044345],[0.095928,-0.044507],[0.096232,-0.044869],[0.096759,-0.045077],[0.097018,-0.04519],[0.09741,-0.045419],[0.097911,-0.045695]]]]}},{"type":"Feature","id":229,"properties":{"Clan":"Steelheart","Name":null},"geometry":{"type":"MultiPolygon","coordinates":[[[[0.095252,-0.039863],[0.095278,-0.039882],[0.095459,-0.039943],[0.095769,-0.0402],[0.09616,-0.040567],[0.09645,-0.040852],[0.096678,-0.041093],[0.096776,-0.041248],[0.096798,-0.041347],[0.096841,-0.041307],[0.096998,-0.041115],[0.097263,-0.040823],[0.09754,-0.040466],[0.097817,-0.040281],[0.098005,-0.040116],[0.098293,-0.03992],[0.098505,-0.039824],[0.098827,-0.039655],[0.099119,-0.039516],[0.099369,-0.039401],[0.099504,-0.039282],[0.10003,-0.039167],[0.100434,-0.039001],[0.100745,-0.038798],[0.101141,-0.038517],[0.101625,-0.03821],[0.10194,-0.038121],[0.102332,-0.038079],[0.102609,-0.038079],[0.102862,-0.038033],[0.103277,-0.037941],[0.103673,-0.037841],[0.104031,-0.037852],[0.1045,-0.0379],[0.104595,-0.037901],[0.104777,-0.037894],[0.105019,-0.037868],[0.105324,-0.037894],[0.105477,-0.037862],[0.105579,-0.037754],[0.105758,-0.037594],[0.105898,-0.037365],[0.106012,-0.037149],[0.106057,-0.036977],[0.106026,-0.036896],[0.106008,-0.03668],[0.105971,-0.036443],[0.105888,-0.036276],[0.105841,-0.03616],[0.105765,-0.036048],[0.105613,-0.035979],[0.105497,-0.035915],[0.105246,-0.036006],[0.104958,-0.03611],[0.104556,-0.036121],[0.104151,-0.036121],[0.103632,-0.036103],[0.103247,-0.036095],[0.102964,-0.036065],[0.102694,-0.036056],[0.102488,-0.036045],[0.102352,-0.036029],[0.102196,-0.035928],[0.101985,-0.03585],[0.101884,-0.035795],[0.1018,-0.035793],[0.101684,-0.035827],[0.101567,-0.035912],[0.10126,-0.036036],[0.101024,-0.036115],[0.100743,-0.036239],[0.100587,-0.036311],[0.100188,-0.036494],[0.099698,-0.036722],[0.099351,-0.036866],[0.098894,-0.037036],[0.098466,-0.037312],[0.097972,-0.037568],[0.097606,-0.037829],[0.097131,-0.038212],[0.09675,-0.038594],[0.096329,-0.038864],[0.096041,-0.039061],[0.09553,-0.039501],[0.095252,-0.039863]]]]}},{"type":"Feature","id":230,"properties":{"Clan":"Steelheart","Name":null},"geometry":{"type":"MultiPolygon","coordinates":[[[[0.105512,-0.035891],[0.105861,-0.036209],[0.105888,-0.036276],[0.105971,-0.036443],[0.106008,-0.03668],[0.106026,-0.036896],[0.106057,-0.036977],[0.106248,-0.036907],[0.106477,-0.036735],[0.107012,-0.036461],[0.108426,-0.035652],[0.108618,-0.035652],[0.108847,-0.03569],[0.109356,-0.035785],[0.109681,-0.035843],[0.110057,-0.035957],[0.110618,-0.035926],[0.111427,-0.03597],[0.111917,-0.03583],[0.112127,-0.035805],[0.112082,-0.035928],[0.112301,-0.035807],[0.112595,-0.035784],[0.112901,-0.035682],[0.113252,-0.035478],[0.113422,-0.035274],[0.113575,-0.034979],[0.113576,-0.034854],[0.113605,-0.03475],[0.113676,-0.034457],[0.113664,-0.034264],[0.113681,-0.034105],[0.113635,-0.033896],[0.113626,-0.03375],[0.113584,-0.033566],[0.113534,-0.033465],[0.113392,-0.033357],[0.113296,-0.033419],[0.113124,-0.033599],[0.11297,-0.03367],[0.112806,-0.0337],[0.112434,-0.033817],[0.112129,-0.03388],[0.111907,-0.033963],[0.111727,-0.034093],[0.111472,-0.034101],[0.111204,-0.034114],[0.111,-0.034189],[0.110828,-0.034193],[0.110703,-0.034105],[0.110552,-0.034072],[0.110339,-0.03398],[0.110238,-0.033926],[0.110155,-0.033875],[0.110104,-0.033842],[0.110046,-0.033792],[0.110029,-0.033754],[0.109992,-0.033716],[0.109891,-0.033733],[0.10972,-0.033779],[0.109439,-0.033926],[0.109301,-0.034001],[0.109147,-0.034051],[0.108783,-0.034223],[0.108565,-0.034281],[0.108394,-0.034352],[0.108256,-0.034474],[0.108047,-0.034653],[0.107758,-0.034854],[0.107461,-0.034984],[0.107085,-0.035159],[0.106516,-0.035335],[0.106056,-0.03549],[0.105746,-0.03572],[0.105616,-0.035758],[0.105512,-0.035891]]]]}},{"type":"Feature","id":231,"properties":{"Clan":"Steelheart","Name":null},"geometry":{"type":"MultiPolygon","coordinates":[[[[0.115508,-0.035932],[0.115672,-0.035603],[0.115961,-0.035314],[0.116234,-0.035003],[0.116432,-0.034749],[0.1167,-0.034572],[0.116999,-0.034492],[0.117219,-0.034462],[0.117396,-0.034396],[0.117487,-0.034262],[0.117645,-0.034077],[0.117827,-0.033973],[0.118019,-0.03389],[0.118252,-0.033745],[0.11845,-0.033651],[0.118603,-0.03359],[0.118782,-0.033518],[0.118924,-0.033504],[0.119334,-0.033464],[0.119692,-0.033402],[0.119944,-0.03336],[0.119952,-0.033301],[0.119891,-0.03306],[0.119829,-0.032955],[0.119668,-0.032797],[0.119513,-0.032773],[0.119361,-0.032781],[0.119165,-0.032784],[0.119069,-0.032779],[0.118962,-0.032779],[0.118927,-0.032755],[0.118855,-0.032666],[0.118897,-0.032495],[0.119023,-0.032297],[0.119128,-0.032235],[0.119213,-0.032217],[0.119264,-0.032144],[0.119275,-0.032061],[0.119243,-0.031826],[0.119259,-0.031625],[0.119232,-0.031389],[0.119245,-0.031199],[0.119278,-0.031068],[0.119299,-0.031015],[0.119299,-0.030937],[0.119283,-0.030878],[0.11931,-0.030776],[0.119409,-0.030656],[0.119468,-0.030578],[0.119537,-0.030479],[0.119607,-0.030402],[0.119636,-0.030305],[0.119647,-0.030137],[0.119698,-0.030058],[0.119759,-0.029974],[0.119869,-0.029908],[0.119972,-0.029826],[0.120056,-0.0297],[0.120074,-0.029581],[0.120085,-0.029502],[0.120124,-0.02936],[0.120159,-0.029314],[0.120198,-0.02927],[0.12024,-0.02923],[0.120284,-0.029192],[0.120331,-0.029158],[0.12038,-0.029127],[0.120431,-0.0291],[0.120485,-0.029076],[0.120539,-0.029056],[0.120665,-0.02902],[0.120727,-0.029039],[0.120692,-0.028978],[0.120623,-0.028966],[0.120571,-0.028964],[0.120493,-0.028963],[0.120395,-0.02897],[0.120258,-0.029],[0.120139,-0.029035],[0.120058,-0.029116],[0.119959,-0.029237],[0.119903,-0.02932],[0.11975,-0.029398],[0.11958,-0.029472],[0.11947,-0.02946],[0.119381,-0.029568],[0.11931,-0.029644],[0.119195,-0.029746],[0.119093,-0.029825],[0.118945,-0.029907],[0.118839,-0.029961],[0.118719,-0.030118],[0.118634,-0.030224],[0.118538,-0.030301],[0.11851,-0.030366],[0.118485,-0.030444],[0.118433,-0.030511],[0.1183,-0.030556],[0.118225,-0.030598],[0.118126,-0.030654],[0.118068,-0.030688],[0.118025,-0.030758],[0.117986,-0.030826],[0.117958,-0.03087],[0.117893,-0.030921],[0.11783,-0.030939],[0.117731,-0.030976],[0.117689,-0.031034],[0.117642,-0.031139],[0.117602,-0.031217],[0.11759,-0.031262],[0.117583,-0.031341],[0.117559,-0.031395],[0.117518,-0.03146],[0.117259,-0.03157],[0.11706,-0.031675],[0.116981,-0.031753],[0.116811,-0.031863],[0.116727,-0.031957],[0.116518,-0.032063],[0.116355,-0.032169],[0.116173,-0.032304],[0.115959,-0.032414],[0.115738,-0.032457],[0.115589,-0.03246],[0.115353,-0.032452],[0.115101,-0.032486],[0.114787,-0.032661],[0.114508,-0.032765],[0.114315,-0.032824],[0.114198,-0.032904],[0.113943,-0.033089],[0.113831,-0.033113],[0.113662,-0.033183],[0.11342,-0.033326],[0.113397,-0.033361],[0.113534,-0.033465],[0.113584,-0.033566],[0.113626,-0.03375],[0.113635,-0.033896],[0.113681,-0.034105],[0.113664,-0.034264],[0.113676,-0.034457],[0.113605,-0.03475],[0.113576,-0.034854],[0.113575,-0.034979],[0.113592,-0.034946],[0.113773,-0.035037],[0.114248,-0.035376],[0.115494,-0.035818],[0.115508,-0.035932]]]]}},{"type":"Feature","id":232,"properties":{"Clan":"Outer Blood","Name":null},"geometry":{"type":"MultiPolygon","coordinates":[[[[0.165344,-0.077366],[0.165387,-0.076824],[0.165266,-0.076414],[0.165031,-0.076215],[0.164887,-0.075878],[0.164688,-0.075679],[0.164351,-0.075426],[0.164001,-0.075258],[0.163724,-0.075107],[0.163465,-0.074993],[0.16308,-0.074957],[0.162718,-0.075035],[0.162471,-0.075077],[0.162086,-0.075234],[0.161664,-0.075312],[0.161273,-0.07533],[0.160363,-0.075348],[0.159839,-0.075342],[0.159448,-0.075396],[0.159359,-0.07544],[0.159445,-0.07548],[0.159594,-0.075596],[0.159762,-0.075861],[0.159872,-0.075965],[0.160092,-0.075997],[0.160247,-0.076191],[0.160441,-0.07634],[0.160635,-0.076534],[0.160655,-0.076922],[0.160629,-0.077062],[0.160791,-0.077155],[0.161158,-0.077023],[0.16146,-0.07686],[0.161996,-0.07677],[0.162459,-0.076752],[0.162724,-0.076896],[0.16276,-0.076884],[0.163116,-0.07692],[0.16326,-0.077004],[0.163483,-0.077029],[0.16373,-0.076998],[0.163881,-0.077095],[0.16408,-0.077209],[0.164308,-0.077197],[0.164525,-0.077155],[0.164887,-0.0773],[0.165019,-0.077227],[0.165344,-0.077366]]]]}},{"type":"Feature","id":233,"properties":{"Clan":"Outer Blood","Name":null},"geometry":{"type":"MultiPolygon","coordinates":[[[[0.159918,-0.065691],[0.159726,-0.065177],[0.159651,-0.064877],[0.159276,-0.064639],[0.159074,-0.064432],[0.158987,-0.064279],[0.158846,-0.064051],[0.158592,-0.064235],[0.158469,-0.064424],[0.158438,-0.064608],[0.158307,-0.064766],[0.158026,-0.064757],[0.157693,-0.064853],[0.157403,-0.064954],[0.157031,-0.065108],[0.156829,-0.065138],[0.156575,-0.065353],[0.156456,-0.06563],[0.156307,-0.065761],[0.156224,-0.065875],[0.156105,-0.066024],[0.155811,-0.066226],[0.155746,-0.066301],[0.155482,-0.066437],[0.15525,-0.066581],[0.155145,-0.066709],[0.154825,-0.066884],[0.154662,-0.067051],[0.154567,-0.067094],[0.154668,-0.067198],[0.154559,-0.067665],[0.154498,-0.067858],[0.154741,-0.067897],[0.154987,-0.067923],[0.155311,-0.067897],[0.155715,-0.067827],[0.155956,-0.067783],[0.156303,-0.067621],[0.156618,-0.067459],[0.15689,-0.067279],[0.157026,-0.067125],[0.157351,-0.066981],[0.157553,-0.066924],[0.15796,-0.066814],[0.158307,-0.066801],[0.158522,-0.066687],[0.158952,-0.066581],[0.15925,-0.066402],[0.15943,-0.066252],[0.159706,-0.066011],[0.159918,-0.065691]]]]}},{"type":"Feature","id":234,"properties":{"Clan":"Vale","Name":null},"geometry":{"type":"MultiPolygon","coordinates":[[[[0.144913,-0.063809],[0.145352,-0.063544],[0.145522,-0.063424],[0.145726,-0.063185],[0.145841,-0.06297],[0.145926,-0.062701],[0.145966,-0.062386],[0.146081,-0.062262],[0.146255,-0.062202],[0.14637,-0.062132],[0.146455,-0.061957],[0.146485,-0.061773],[0.146654,-0.061663],[0.146754,-0.061533],[0.146779,-0.061239],[0.146485,-0.060899],[0.14649,-0.060725],[0.146265,-0.06054],[0.145946,-0.060335],[0.145636,-0.059906],[0.145452,-0.059542],[0.145472,-0.059143],[0.145577,-0.058803],[0.145392,-0.058808],[0.144868,-0.059053],[0.144698,-0.059347],[0.144549,-0.059702],[0.144499,-0.060036],[0.144314,-0.06034],[0.144149,-0.060575],[0.14373,-0.061184],[0.143551,-0.061498],[0.143561,-0.061758],[0.14388,-0.061952],[0.144204,-0.062287],[0.144329,-0.062386],[0.144479,-0.062646],[0.144504,-0.062801],[0.144504,-0.062985],[0.144698,-0.06332],[0.144808,-0.063504],[0.144913,-0.063809]]]]}},{"type":"Feature","id":235,"properties":{"Clan":"Vale","Name":null},"geometry":{"type":"MultiPolygon","coordinates":[[[[0.143549,-0.061769],[0.143559,-0.061727],[0.143551,-0.061498],[0.143679,-0.061274],[0.143507,-0.06124],[0.143405,-0.061236],[0.143311,-0.061241],[0.143164,-0.061273],[0.143048,-0.06133],[0.142855,-0.061389],[0.14265,-0.061418],[0.142466,-0.061419],[0.142322,-0.061418],[0.142217,-0.061445],[0.142145,-0.061468],[0.142013,-0.061439],[0.141795,-0.061415],[0.141682,-0.061388],[0.141536,-0.061383],[0.141449,-0.061396],[0.141396,-0.061428],[0.141304,-0.061434],[0.141245,-0.061404],[0.141174,-0.061375],[0.141089,-0.061354],[0.140905,-0.0613],[0.140796,-0.061264],[0.140656,-0.061139],[0.140492,-0.060964],[0.140362,-0.06077],[0.140186,-0.060552],[0.139995,-0.060405],[0.139867,-0.060245],[0.139685,-0.060051],[0.139595,-0.05991],[0.139509,-0.059833],[0.139375,-0.05975],[0.139282,-0.059715],[0.139183,-0.059664],[0.139091,-0.059629],[0.139033,-0.059581],[0.138969,-0.059517],[0.138877,-0.059498],[0.138842,-0.059699],[0.138816,-0.059907],[0.138918,-0.060006],[0.139021,-0.060127],[0.139097,-0.060284],[0.1391,-0.060482],[0.139081,-0.060686],[0.139075,-0.060807],[0.139078,-0.061092],[0.139088,-0.061226],[0.139068,-0.061373],[0.139027,-0.061453],[0.138922,-0.061536],[0.138835,-0.06158],[0.138631,-0.061718],[0.138474,-0.061801],[0.138337,-0.061849],[0.138139,-0.061922],[0.13796,-0.061976],[0.138216,-0.062142],[0.138781,-0.06251],[0.138995,-0.062561],[0.139359,-0.062586],[0.139528,-0.062561],[0.139803,-0.062519],[0.140132,-0.062497],[0.140333,-0.062491],[0.140601,-0.062519],[0.140783,-0.06257],[0.141247,-0.062606],[0.141582,-0.062583],[0.142157,-0.062449],[0.142457,-0.062331],[0.142955,-0.062162],[0.143313,-0.061954],[0.143549,-0.061769]]]]}},{"type":"Feature","id":236,"properties":{"Clan":"Vale","Name":null},"geometry":{"type":"MultiPolygon","coordinates":[[[[0.143271,-0.066104],[0.143443,-0.065818],[0.143615,-0.065534],[0.143845,-0.065253],[0.144022,-0.065085],[0.144248,-0.064941],[0.144452,-0.064783],[0.144606,-0.064611],[0.144752,-0.064432],[0.144868,-0.064269],[0.144894,-0.064095],[0.144904,-0.063782],[0.144808,-0.063504],[0.144698,-0.06332],[0.144504,-0.062985],[0.144504,-0.062801],[0.144479,-0.062646],[0.144329,-0.062386],[0.144204,-0.062287],[0.14388,-0.061952],[0.143561,-0.061758],[0.143559,-0.061727],[0.143549,-0.061769],[0.143313,-0.061954],[0.142955,-0.062162],[0.142457,-0.062331],[0.142157,-0.062449],[0.141582,-0.062583],[0.141247,-0.062606],[0.140783,-0.06257],[0.140601,-0.062519],[0.140333,-0.062491],[0.140132,-0.062497],[0.139803,-0.062519],[0.139528,-0.062561],[0.139359,-0.062586],[0.13909,-0.062567],[0.139043,-0.062713],[0.138941,-0.062841],[0.138685,-0.063032],[0.138517,-0.063092],[0.138389,-0.063188],[0.138236,-0.063306],[0.138111,-0.063365],[0.138119,-0.063362],[0.138429,-0.063486],[0.13895,-0.063588],[0.139517,-0.06373],[0.139743,-0.063758],[0.140162,-0.063849],[0.140452,-0.063946],[0.140912,-0.064278],[0.141022,-0.064594],[0.141131,-0.064739],[0.141244,-0.064913],[0.141299,-0.065106],[0.14139,-0.065424],[0.141712,-0.065648],[0.141941,-0.065749],[0.142072,-0.065749],[0.142323,-0.065781],[0.142567,-0.065872],[0.142758,-0.065945],[0.143271,-0.066104]]]]}},{"type":"Feature","id":237,"properties":{"Clan":"Vale","Name":null},"geometry":{"type":"MultiPolygon","coordinates":[[[[0.137965,-0.061978],[0.137758,-0.062082],[0.137454,-0.062157],[0.137061,-0.062309],[0.136764,-0.062417],[0.136008,-0.062744],[0.135463,-0.062868],[0.135043,-0.062795],[0.134651,-0.062585],[0.134373,-0.062369],[0.134072,-0.062267],[0.133686,-0.062318],[0.133288,-0.062465],[0.132993,-0.062554],[0.133021,-0.062615],[0.133109,-0.063024],[0.133148,-0.063199],[0.133201,-0.063428],[0.133232,-0.063638],[0.133263,-0.063897],[0.133166,-0.063928],[0.133057,-0.063872],[0.133178,-0.063951],[0.133383,-0.064048],[0.134139,-0.064031],[0.13427,-0.064106],[0.13567,-0.064107],[0.136321,-0.064083],[0.136482,-0.064114],[0.136576,-0.064107],[0.136678,-0.064065],[0.13671,-0.064021],[0.13704,-0.063889],[0.137189,-0.063803],[0.137424,-0.063685],[0.13763,-0.063615],[0.137841,-0.06349],[0.138111,-0.063365],[0.138236,-0.063306],[0.138389,-0.063188],[0.138517,-0.063092],[0.138685,-0.063032],[0.138941,-0.062841],[0.139043,-0.062713],[0.13909,-0.062567],[0.138995,-0.062561],[0.138781,-0.06251],[0.138306,-0.062201],[0.137965,-0.061978]]]]}},{"type":"Feature","id":238,"properties":{"Clan":"Outer Blood","Name":null},"geometry":{"type":"MultiPolygon","coordinates":[[[[0.164529,-0.065144],[0.164696,-0.064959],[0.164892,-0.06463],[0.165207,-0.064527],[0.165566,-0.064376],[0.166035,-0.064122],[0.166289,-0.063768],[0.166125,-0.063461],[0.166037,-0.063154],[0.165945,-0.062926],[0.165905,-0.062667],[0.165815,-0.062485],[0.165754,-0.062474],[0.165598,-0.062453],[0.165577,-0.062376],[0.164971,-0.062744],[0.164712,-0.062934],[0.164616,-0.063046],[0.164516,-0.06318],[0.164368,-0.063395],[0.164201,-0.063466],[0.164066,-0.063485],[0.163902,-0.063464],[0.163746,-0.063503],[0.1636,-0.063538],[0.163275,-0.063514],[0.163106,-0.063599],[0.163016,-0.063633],[0.162889,-0.063691],[0.162603,-0.063659],[0.162468,-0.063662],[0.162336,-0.063479],[0.162206,-0.063408],[0.162047,-0.063368],[0.161809,-0.063416],[0.161449,-0.063604],[0.161142,-0.063784],[0.160954,-0.064006],[0.160819,-0.06413],[0.160491,-0.064268],[0.160102,-0.064369],[0.159941,-0.064437],[0.159481,-0.064588],[0.159327,-0.064671],[0.159651,-0.064877],[0.159726,-0.065177],[0.15989,-0.065616],[0.16152,-0.065459],[0.162177,-0.065397],[0.16264,-0.065372],[0.16307,-0.065351],[0.163657,-0.065335],[0.164137,-0.065355],[0.164307,-0.065265],[0.164529,-0.065144]]]]}},{"type":"Feature","id":239,"properties":{"Clan":"Outer Blood","Name":null},"geometry":{"type":"MultiPolygon","coordinates":[[[[0.164559,-0.065161],[0.164462,-0.06518],[0.164307,-0.065265],[0.164137,-0.065355],[0.163657,-0.065335],[0.16307,-0.065351],[0.16264,-0.065372],[0.162177,-0.065397],[0.16152,-0.065459],[0.15989,-0.065616],[0.159918,-0.065691],[0.159706,-0.066011],[0.159634,-0.066074],[0.159766,-0.066169],[0.159902,-0.06624],[0.160167,-0.066601],[0.160754,-0.066918],[0.161323,-0.067015],[0.161807,-0.06706],[0.16224,-0.067067],[0.162479,-0.066886],[0.16277,-0.066892],[0.163035,-0.067008],[0.163254,-0.067054],[0.163532,-0.067021],[0.163674,-0.066976],[0.16401,-0.066989],[0.164114,-0.066912],[0.164269,-0.066795],[0.164521,-0.066679],[0.165011,-0.066421],[0.165502,-0.066291],[0.165793,-0.066188],[0.16578,-0.066072],[0.165541,-0.065652],[0.165302,-0.065465],[0.165018,-0.065316],[0.164798,-0.065271],[0.164559,-0.065161]]]]}},{"type":"Feature","id":240,"properties":{"Clan":"Outer Blood","Name":null},"geometry":{"type":"MultiPolygon","coordinates":[[[[0.169495,-0.066737],[0.169365,-0.066362],[0.169236,-0.066007],[0.169062,-0.065813],[0.168862,-0.065768],[0.168506,-0.065684],[0.168151,-0.065581],[0.167744,-0.065406],[0.167505,-0.0652],[0.167427,-0.064935],[0.167415,-0.064612],[0.167331,-0.064347],[0.167117,-0.064179],[0.166975,-0.064198],[0.166723,-0.064127],[0.166549,-0.063934],[0.166394,-0.06383],[0.166226,-0.063651],[0.166289,-0.063768],[0.166035,-0.064122],[0.165566,-0.064376],[0.165207,-0.064527],[0.164892,-0.06463],[0.164696,-0.064959],[0.164529,-0.065144],[0.164462,-0.06518],[0.164559,-0.065161],[0.164798,-0.065271],[0.165018,-0.065316],[0.165302,-0.065465],[0.165541,-0.065652],[0.16578,-0.066072],[0.165793,-0.066188],[0.165935,-0.066227],[0.166058,-0.066388],[0.166174,-0.066427],[0.166355,-0.066453],[0.166536,-0.066472],[0.166756,-0.066485],[0.166885,-0.066492],[0.167195,-0.066492],[0.167376,-0.066511],[0.167679,-0.066543],[0.167828,-0.066569],[0.168041,-0.06664],[0.168157,-0.066679],[0.168429,-0.066782],[0.168584,-0.06684],[0.168797,-0.066931],[0.169017,-0.066944],[0.169236,-0.066912],[0.169391,-0.066853],[0.169495,-0.066737]]]]}},{"type":"Feature","id":241,"properties":{"Clan":"Outer Blood","Name":null},"geometry":{"type":"MultiPolygon","coordinates":[[[[0.171174,-0.06846],[0.170993,-0.068248],[0.170842,-0.068025],[0.170813,-0.06797],[0.170697,-0.067787],[0.170607,-0.067708],[0.170549,-0.067652],[0.17044,-0.067541],[0.170348,-0.067433],[0.170276,-0.067369],[0.170176,-0.067194],[0.170109,-0.067128],[0.170057,-0.067083],[0.169945,-0.067038],[0.169848,-0.066993],[0.169763,-0.066977],[0.169644,-0.066895],[0.169495,-0.066737],[0.169391,-0.066853],[0.169236,-0.066912],[0.169017,-0.066944],[0.1688,-0.066931],[0.168776,-0.067075],[0.168755,-0.067321],[0.168657,-0.067499],[0.168466,-0.067808],[0.168358,-0.068041],[0.168469,-0.068345],[0.168612,-0.068623],[0.168707,-0.068967],[0.169017,-0.06934],[0.169469,-0.069383],[0.169953,-0.069478],[0.170173,-0.06951],[0.170366,-0.069478],[0.170758,-0.069454],[0.171078,-0.069491],[0.171411,-0.069512],[0.171864,-0.069515],[0.172081,-0.069507],[0.172332,-0.069454],[0.172491,-0.069401],[0.172613,-0.06925],[0.172602,-0.069139],[0.172446,-0.069033],[0.172269,-0.068946],[0.172115,-0.068872],[0.171911,-0.06875],[0.171776,-0.068641],[0.171498,-0.068551],[0.171339,-0.068502],[0.171174,-0.06846]]]]}},{"type":"Feature","id":242,"properties":{"Clan":"Outer Blood","Name":null},"geometry":{"type":"MultiPolygon","coordinates":[[[[0.180564,-0.069878],[0.180877,-0.069706],[0.181049,-0.069676],[0.181372,-0.069595],[0.181543,-0.069525],[0.181705,-0.069434],[0.181997,-0.069262],[0.182209,-0.069222],[0.182552,-0.069121],[0.182714,-0.06905],[0.182714,-0.068818],[0.182583,-0.068646],[0.182472,-0.068505],[0.1823,-0.068212],[0.181987,-0.068172],[0.181705,-0.068202],[0.181412,-0.068283],[0.1812,-0.068374],[0.180927,-0.068525],[0.180675,-0.068667],[0.180413,-0.068768],[0.179999,-0.068899],[0.179565,-0.068959],[0.179272,-0.06904],[0.178889,-0.069373],[0.178535,-0.069484],[0.178182,-0.069565],[0.177859,-0.069615],[0.177385,-0.069565],[0.176789,-0.069545],[0.176335,-0.069535],[0.176234,-0.069615],[0.176385,-0.069706],[0.176496,-0.069817],[0.176739,-0.070049],[0.17688,-0.070271],[0.177001,-0.070574],[0.177092,-0.070806],[0.177102,-0.070887],[0.177294,-0.070806],[0.177465,-0.070796],[0.177728,-0.070726],[0.17801,-0.070706],[0.178232,-0.070695],[0.178475,-0.070675],[0.178727,-0.070716],[0.179181,-0.070817],[0.179575,-0.070746],[0.18008,-0.070534],[0.180201,-0.070423],[0.180292,-0.07015],[0.180564,-0.069878]]]]}},{"type":"Feature","id":243,"properties":{"Clan":"Outer Blood","Name":null},"geometry":{"type":"MultiPolygon","coordinates":[[[[0.174888,-0.064143],[0.175133,-0.064242],[0.175391,-0.064322],[0.175702,-0.064439],[0.176106,-0.064571],[0.176478,-0.064585],[0.176652,-0.064628],[0.176836,-0.064675],[0.177094,-0.064773],[0.177235,-0.064787],[0.177687,-0.064769],[0.178157,-0.064576],[0.17852,-0.064355],[0.178854,-0.064157],[0.179192,-0.063748],[0.179206,-0.063569],[0.178957,-0.063499],[0.178807,-0.063423],[0.178755,-0.063226],[0.178397,-0.062962],[0.178171,-0.062845],[0.177866,-0.062699],[0.177602,-0.062563],[0.177362,-0.062525],[0.177061,-0.062595],[0.176709,-0.062605],[0.176271,-0.062605],[0.175947,-0.062708],[0.175688,-0.062845],[0.175476,-0.062976],[0.175373,-0.063127],[0.17542,-0.063353],[0.1755,-0.063536],[0.175542,-0.06363],[0.175495,-0.063706],[0.175486,-0.063833],[0.175462,-0.063969],[0.175354,-0.063936],[0.175203,-0.063941],[0.175025,-0.06403],[0.174888,-0.064143]]]]}},{"type":"Feature","id":244,"properties":{"Clan":"Outer Blood","Name":null},"geometry":{"type":"MultiPolygon","coordinates":[[[[0.174887,-0.064142],[0.174784,-0.064161],[0.174627,-0.064253],[0.174381,-0.064399],[0.174182,-0.064489],[0.173998,-0.064584],[0.173928,-0.064638],[0.173667,-0.064647],[0.173446,-0.064671],[0.173298,-0.06474],[0.173176,-0.064835],[0.173065,-0.064953],[0.172919,-0.065188],[0.172853,-0.065251],[0.172707,-0.065404],[0.172568,-0.065557],[0.172552,-0.06568],[0.172564,-0.066029],[0.172616,-0.066202],[0.17267,-0.066424],[0.172729,-0.066595],[0.17278,-0.066796],[0.17285,-0.066938],[0.172953,-0.067147],[0.173043,-0.067255],[0.173245,-0.06735],[0.173385,-0.067465],[0.173506,-0.067521],[0.17368,-0.067593],[0.173728,-0.067632],[0.173879,-0.067644],[0.17402,-0.067635],[0.174146,-0.067644],[0.174345,-0.067677],[0.174422,-0.067715],[0.17451,-0.067719],[0.174659,-0.067632],[0.174842,-0.067477],[0.174944,-0.067359],[0.175092,-0.067242],[0.175244,-0.067208],[0.175474,-0.067212],[0.175568,-0.067233],[0.175797,-0.0673],[0.175892,-0.067367],[0.176044,-0.067377],[0.17621,-0.067401],[0.176481,-0.067424],[0.176693,-0.067424],[0.177054,-0.067422],[0.177283,-0.067433],[0.177432,-0.067413],[0.17768,-0.067346],[0.177747,-0.06727],[0.178301,-0.066888],[0.178509,-0.06665],[0.1787,-0.06653],[0.179111,-0.066303],[0.179397,-0.066102],[0.179588,-0.065918],[0.18005,-0.065621],[0.180425,-0.065116],[0.180557,-0.064939],[0.180581,-0.064854],[0.180333,-0.064689],[0.180174,-0.064574],[0.180057,-0.064454],[0.180004,-0.064322],[0.179934,-0.064249],[0.179775,-0.064149],[0.179603,-0.06406],[0.179331,-0.063959],[0.179222,-0.063895],[0.179134,-0.063818],[0.178854,-0.064157],[0.17852,-0.064355],[0.178157,-0.064576],[0.177687,-0.064769],[0.177235,-0.064787],[0.177094,-0.064773],[0.176836,-0.064675],[0.176652,-0.064628],[0.176478,-0.064585],[0.176106,-0.064571],[0.175702,-0.064439],[0.175391,-0.064322],[0.175133,-0.064242],[0.17501,-0.064192],[0.174887,-0.064142]]]]}},{"type":"Feature","id":245,"properties":{"Clan":"Outer Blood","Name":null},"geometry":{"type":"MultiPolygon","coordinates":[[[[0.169903,-0.069471],[0.169511,-0.069391],[0.169469,-0.069383],[0.169017,-0.06934],[0.168707,-0.068967],[0.168612,-0.068623],[0.168469,-0.068345],[0.168358,-0.068041],[0.168466,-0.067808],[0.168657,-0.067499],[0.168755,-0.067321],[0.168776,-0.067075],[0.1688,-0.066931],[0.168797,-0.066931],[0.168584,-0.06684],[0.168429,-0.066782],[0.168157,-0.066679],[0.168041,-0.06664],[0.167828,-0.066569],[0.167679,-0.066543],[0.167376,-0.066511],[0.167195,-0.066492],[0.166885,-0.066492],[0.166756,-0.066485],[0.166536,-0.066472],[0.166355,-0.066453],[0.166174,-0.066427],[0.166058,-0.066388],[0.165935,-0.066227],[0.165793,-0.066188],[0.165502,-0.066291],[0.165011,-0.066421],[0.164521,-0.066679],[0.164269,-0.066795],[0.164114,-0.066912],[0.16401,-0.066989],[0.163674,-0.066976],[0.163532,-0.067021],[0.163254,-0.067054],[0.163035,-0.067008],[0.16277,-0.066892],[0.162479,-0.066886],[0.16224,-0.067067],[0.161807,-0.06706],[0.161323,-0.067015],[0.160754,-0.066918],[0.160167,-0.066601],[0.159902,-0.06624],[0.159766,-0.066169],[0.159634,-0.066074],[0.15943,-0.066252],[0.15925,-0.066402],[0.158952,-0.066581],[0.158522,-0.066687],[0.158307,-0.066801],[0.15796,-0.066814],[0.157553,-0.066924],[0.157351,-0.066981],[0.157026,-0.067125],[0.15689,-0.067279],[0.156618,-0.067459],[0.156303,-0.067621],[0.155956,-0.067783],[0.155715,-0.067827],[0.155311,-0.067897],[0.154987,-0.067923],[0.154741,-0.067897],[0.154498,-0.067858],[0.15438,-0.068051],[0.154258,-0.068244],[0.154168,-0.068277],[0.154013,-0.068291],[0.153815,-0.06839],[0.153655,-0.068494],[0.153429,-0.068654],[0.153161,-0.068626],[0.153137,-0.068723],[0.153243,-0.069038],[0.153277,-0.069448],[0.153343,-0.069758],[0.15343,-0.070159],[0.1535,-0.070825],[0.153476,-0.071094],[0.15347,-0.071356],[0.153515,-0.071615],[0.153421,-0.071859],[0.153322,-0.072161],[0.153292,-0.072549],[0.153217,-0.072623],[0.153262,-0.072629],[0.153277,-0.072889],[0.153265,-0.073296],[0.153222,-0.073468],[0.153157,-0.073618],[0.153105,-0.073768],[0.153096,-0.073884],[0.153082,-0.074029],[0.153059,-0.074207],[0.153053,-0.074261],[0.153108,-0.074574],[0.153167,-0.074884],[0.153113,-0.075284],[0.153014,-0.075802],[0.152985,-0.076192],[0.153126,-0.076469],[0.153592,-0.076405],[0.155952,-0.076185],[0.156897,-0.076101],[0.15722,-0.076023],[0.157621,-0.075881],[0.15786,-0.075868],[0.15797,-0.075855],[0.158158,-0.075777],[0.15832,-0.075706],[0.158494,-0.075615],[0.158721,-0.075493],[0.15896,-0.075415],[0.159206,-0.07537],[0.159359,-0.07544],[0.159448,-0.075396],[0.159839,-0.075342],[0.160363,-0.075348],[0.161273,-0.07533],[0.161664,-0.075312],[0.162086,-0.075234],[0.162471,-0.075077],[0.162718,-0.075035],[0.16308,-0.074957],[0.163465,-0.074993],[0.163724,-0.075107],[0.164001,-0.075258],[0.164267,-0.075386],[0.164512,-0.075289],[0.164846,-0.075077],[0.165083,-0.07473],[0.165538,-0.074437],[0.166062,-0.074102],[0.166447,-0.073897],[0.166898,-0.073906],[0.167085,-0.073995],[0.167334,-0.073985],[0.167687,-0.07401],[0.168019,-0.073988],[0.168344,-0.073913],[0.16878,-0.073938],[0.168991,-0.073916],[0.169086,-0.07396],[0.169203,-0.07378],[0.169638,-0.07291],[0.169844,-0.072495],[0.169908,-0.072423],[0.169915,-0.072058],[0.169928,-0.071854],[0.169903,-0.071567],[0.169837,-0.071352],[0.169813,-0.071117],[0.169813,-0.070975],[0.169792,-0.070532],[0.169731,-0.070328],[0.169674,-0.070088],[0.16971,-0.069952],[0.16985,-0.069687],[0.169891,-0.069569],[0.169903,-0.069471]]]]}},{"type":"Feature","id":246,"properties":{"Clan":"Outer Blood","Name":null},"geometry":{"type":"MultiPolygon","coordinates":[[[[0.17716,-0.081762],[0.17706,-0.081724],[0.176952,-0.081676],[0.176886,-0.081651],[0.176703,-0.081612],[0.176659,-0.081591],[0.176599,-0.081572],[0.176536,-0.081556],[0.176458,-0.08155],[0.17642,-0.081546],[0.176366,-0.081541],[0.176322,-0.08151],[0.176281,-0.081475],[0.176216,-0.081398],[0.176169,-0.081338],[0.176086,-0.08128],[0.176017,-0.081244],[0.17587,-0.081205],[0.175635,-0.081142],[0.175469,-0.081111],[0.17539,-0.081099],[0.175236,-0.081064],[0.175039,-0.081097],[0.174983,-0.08112],[0.174951,-0.081142],[0.174891,-0.081178],[0.174841,-0.081217],[0.174812,-0.081246],[0.174796,-0.081278],[0.174785,-0.081313],[0.174762,-0.081338],[0.174742,-0.081379],[0.174712,-0.081406],[0.174617,-0.081483],[0.174417,-0.081643],[0.17417,-0.08184],[0.174031,-0.081973],[0.173778,-0.082152],[0.173626,-0.082206],[0.173537,-0.082252],[0.173447,-0.082314],[0.173329,-0.08246],[0.173239,-0.082659],[0.173158,-0.082913],[0.172976,-0.083519],[0.172976,-0.083554],[0.172945,-0.083669],[0.172917,-0.083783],[0.172907,-0.083883],[0.172886,-0.08398],[0.172843,-0.084151],[0.172774,-0.084265],[0.172722,-0.084377],[0.172703,-0.084435],[0.172658,-0.084494],[0.172589,-0.084589],[0.172564,-0.084649],[0.172535,-0.084709],[0.172508,-0.084838],[0.172367,-0.085048],[0.17229,-0.085137],[0.172159,-0.085258],[0.172074,-0.085318],[0.171987,-0.085422],[0.171908,-0.085574],[0.171781,-0.085786],[0.17175,-0.085925],[0.171704,-0.086124],[0.17169,-0.086241],[0.171685,-0.086413],[0.171688,-0.08655],[0.17169,-0.08675],[0.171683,-0.086849],[0.171696,-0.087011],[0.171696,-0.087111],[0.171694,-0.087229],[0.171685,-0.087363],[0.171669,-0.087443],[0.171656,-0.087506],[0.171644,-0.087562],[0.171607,-0.087608],[0.171586,-0.087635],[0.171553,-0.08767],[0.171524,-0.08768],[0.171472,-0.087664],[0.171445,-0.087668],[0.171505,-0.087724],[0.171565,-0.08773],[0.171607,-0.087695],[0.171679,-0.087655],[0.171754,-0.087591],[0.171831,-0.087502],[0.171897,-0.087398],[0.171939,-0.087338],[0.172041,-0.087215],[0.172116,-0.087146],[0.172201,-0.087063],[0.172516,-0.086928],[0.173063,-0.086781],[0.173615,-0.086504],[0.17384,-0.086342],[0.173974,-0.08626],[0.174257,-0.085973],[0.174314,-0.085914],[0.174484,-0.085761],[0.174608,-0.085653],[0.174924,-0.085437],[0.17512,-0.08541],[0.175527,-0.085299],[0.175693,-0.085254],[0.17582,-0.085177],[0.175903,-0.085104],[0.175973,-0.085036],[0.176088,-0.084782],[0.17627,-0.084441],[0.176374,-0.084265],[0.176482,-0.084124],[0.176599,-0.08398],[0.176713,-0.083777],[0.176815,-0.083561],[0.176894,-0.083411],[0.176892,-0.083318],[0.176915,-0.083112],[0.176958,-0.082948],[0.17705,-0.082784],[0.177091,-0.082726],[0.177114,-0.08263],[0.177139,-0.08243],[0.17718,-0.082133],[0.177234,-0.082009],[0.177305,-0.081888],[0.17737,-0.081826],[0.177457,-0.081764],[0.177303,-0.081805],[0.17722,-0.081803],[0.17716,-0.081762]]]]}},{"type":"Feature","id":247,"properties":{"Clan":"Outer Blood","Name":null},"geometry":{"type":"MultiPolygon","coordinates":[[[[0.165348,-0.077363],[0.165552,-0.077466],[0.1658,-0.077573],[0.166142,-0.07768],[0.166249,-0.077731],[0.166421,-0.077686],[0.166672,-0.077633],[0.166825,-0.077641],[0.167048,-0.07769],[0.167214,-0.077713],[0.167483,-0.077726],[0.167684,-0.077681],[0.16795,-0.077684],[0.168177,-0.077702],[0.168428,-0.077684],[0.168731,-0.077702],[0.168865,-0.077729],[0.169099,-0.077817],[0.16923,-0.077858],[0.169462,-0.077847],[0.169599,-0.077813],[0.169822,-0.077754],[0.169932,-0.07775],[0.170018,-0.077754],[0.170083,-0.07776],[0.170221,-0.077768],[0.170389,-0.077749],[0.170569,-0.077754],[0.170699,-0.077806],[0.170848,-0.077871],[0.170975,-0.077896],[0.171146,-0.077864],[0.171384,-0.07783],[0.171581,-0.077844],[0.171682,-0.077861],[0.171777,-0.07788],[0.171779,-0.077664],[0.171761,-0.077481],[0.171727,-0.077267],[0.171645,-0.077048],[0.171569,-0.076905],[0.171432,-0.076715],[0.17132,-0.076613],[0.171207,-0.076482],[0.171123,-0.076355],[0.170969,-0.07607],[0.17088,-0.075994],[0.170764,-0.075839],[0.1706,-0.075697],[0.17043,-0.075579],[0.170284,-0.075405],[0.170073,-0.075222],[0.169804,-0.075132],[0.169658,-0.075043],[0.169447,-0.074864],[0.169404,-0.074591],[0.169414,-0.074374],[0.169216,-0.073979],[0.169071,-0.073953],[0.168991,-0.073916],[0.16878,-0.073938],[0.168344,-0.073913],[0.168019,-0.073988],[0.167687,-0.07401],[0.167334,-0.073985],[0.167085,-0.073995],[0.166898,-0.073906],[0.166447,-0.073897],[0.166062,-0.074102],[0.165538,-0.074437],[0.165083,-0.07473],[0.164846,-0.075077],[0.164512,-0.075289],[0.164267,-0.075386],[0.164351,-0.075426],[0.164688,-0.075679],[0.164887,-0.075878],[0.165031,-0.076215],[0.165266,-0.076414],[0.165387,-0.076824],[0.165355,-0.077227],[0.165348,-0.077363]]]]}},{"type":"Feature","id":248,"properties":{"Clan":"Outer Blood","Name":null},"geometry":{"type":"MultiPolygon","coordinates":[[[[0.174065,-0.078464],[0.174506,-0.078611],[0.1748,-0.07853],[0.175109,-0.078618],[0.175492,-0.078736],[0.175896,-0.07867],[0.176161,-0.078758],[0.176308,-0.078824],[0.176544,-0.078743],[0.17675,-0.078765],[0.176992,-0.078942],[0.17722,-0.079111],[0.177456,-0.079111],[0.177926,-0.079089],[0.178257,-0.07903],[0.17861,-0.078971],[0.178883,-0.079023],[0.179147,-0.079207],[0.179346,-0.079449],[0.179456,-0.079766],[0.179611,-0.079832],[0.17989,-0.079795],[0.180118,-0.079619],[0.18042,-0.079494],[0.180714,-0.079368],[0.181067,-0.079001],[0.181236,-0.078832],[0.181273,-0.078662],[0.181214,-0.078493],[0.181163,-0.078331],[0.181133,-0.078162],[0.181096,-0.078015],[0.181067,-0.077831],[0.181038,-0.077721],[0.181082,-0.077574],[0.181111,-0.077427],[0.181199,-0.077294],[0.181302,-0.077162],[0.181354,-0.077015],[0.181324,-0.076669],[0.181229,-0.076397],[0.180949,-0.076228],[0.180699,-0.076132],[0.180412,-0.07597],[0.180126,-0.075779],[0.180015,-0.075617],[0.179559,-0.07525],[0.179081,-0.075066],[0.178279,-0.075022],[0.178132,-0.075088],[0.177728,-0.0755],[0.177456,-0.075654],[0.177147,-0.075728],[0.176794,-0.075845],[0.176654,-0.076176],[0.176161,-0.076802],[0.17572,-0.077331],[0.175161,-0.077883],[0.17455,-0.078273],[0.174065,-0.078464]]]]}},{"type":"Feature","id":249,"properties":{"Clan":"Outer Blood","Name":null},"geometry":{"type":"MultiPolygon","coordinates":[[[[0.171795,-0.077885],[0.171854,-0.077905],[0.172006,-0.077919],[0.172168,-0.077938],[0.172387,-0.07817],[0.172482,-0.078076],[0.172567,-0.078069],[0.172644,-0.078065],[0.172722,-0.078011],[0.172828,-0.077962],[0.172932,-0.077985],[0.173095,-0.07807],[0.173164,-0.078084],[0.173289,-0.078177],[0.173393,-0.078225],[0.173526,-0.078274],[0.173651,-0.078302],[0.173726,-0.078323],[0.173836,-0.078389],[0.173957,-0.078452],[0.174065,-0.078464],[0.17455,-0.078273],[0.175161,-0.077883],[0.17572,-0.077331],[0.176161,-0.076802],[0.176654,-0.076176],[0.176794,-0.075845],[0.177147,-0.075728],[0.177456,-0.075654],[0.177728,-0.0755],[0.178132,-0.075088],[0.178242,-0.075038],[0.178284,-0.07421],[0.178327,-0.073835],[0.178123,-0.073567],[0.178,-0.073315],[0.177887,-0.073032],[0.177743,-0.072657],[0.177604,-0.072464],[0.177507,-0.072266],[0.177448,-0.071998],[0.177234,-0.071596],[0.177196,-0.07127],[0.17705,-0.0707],[0.177001,-0.070574],[0.17688,-0.070271],[0.176739,-0.070049],[0.176496,-0.069817],[0.176385,-0.069706],[0.176359,-0.069691],[0.17604,-0.069566],[0.175831,-0.069502],[0.175702,-0.069497],[0.175547,-0.069529],[0.175429,-0.069599],[0.175322,-0.069631],[0.175183,-0.069668],[0.175043,-0.069674],[0.174893,-0.069663],[0.174797,-0.069641],[0.17461,-0.069641],[0.174411,-0.069609],[0.174326,-0.069604],[0.174208,-0.069529],[0.174063,-0.069422],[0.173876,-0.069406],[0.173571,-0.069379],[0.173421,-0.069368],[0.17326,-0.069325],[0.173024,-0.06924],[0.172869,-0.06924],[0.172644,-0.069234],[0.17243,-0.069422],[0.172332,-0.069454],[0.172081,-0.069507],[0.171864,-0.069515],[0.171411,-0.069512],[0.171078,-0.069491],[0.170758,-0.069454],[0.170366,-0.069478],[0.170173,-0.06951],[0.169953,-0.069478],[0.169511,-0.069391],[0.169903,-0.069471],[0.169891,-0.069569],[0.16985,-0.069687],[0.16971,-0.069952],[0.169674,-0.070088],[0.169731,-0.070328],[0.169792,-0.070532],[0.169813,-0.070975],[0.169813,-0.071117],[0.169837,-0.071352],[0.169903,-0.071567],[0.169928,-0.071854],[0.169915,-0.072058],[0.169908,-0.072423],[0.169844,-0.072495],[0.169638,-0.07291],[0.169203,-0.07378],[0.169088,-0.073956],[0.169216,-0.073979],[0.169414,-0.074374],[0.169404,-0.074591],[0.169447,-0.074864],[0.169658,-0.075043],[0.169804,-0.075132],[0.170073,-0.075222],[0.170284,-0.075405],[0.17043,-0.075579],[0.1706,-0.075697],[0.170764,-0.075839],[0.17088,-0.075994],[0.170969,-0.07607],[0.171123,-0.076355],[0.171207,-0.076482],[0.17132,-0.076613],[0.171432,-0.076715],[0.171569,-0.076905],[0.171645,-0.077048],[0.171727,-0.077267],[0.171761,-0.077481],[0.171779,-0.077664],[0.171777,-0.077854],[0.171795,-0.077885]]]]}},{"type":"Feature","id":250,"properties":{"Clan":"Outer Blood","Name":null},"geometry":{"type":"MultiPolygon","coordinates":[[[[0.180588,-0.064882],[0.18074,-0.064976],[0.180858,-0.06509],[0.181047,-0.065165],[0.181378,-0.065198],[0.181604,-0.065231],[0.181788,-0.065228],[0.181981,-0.065244],[0.182018,-0.065288],[0.182291,-0.065259],[0.182446,-0.065228],[0.182685,-0.065176],[0.182815,-0.065123],[0.183012,-0.065077],[0.183157,-0.065027],[0.183357,-0.064932],[0.183532,-0.064891],[0.183646,-0.065005],[0.183804,-0.065033],[0.183885,-0.065064],[0.184028,-0.065049],[0.184177,-0.065009],[0.184217,-0.064985],[0.18437,-0.064902],[0.184495,-0.064825],[0.184914,-0.064358],[0.185153,-0.064213],[0.185419,-0.064009],[0.18561,-0.063919],[0.185689,-0.063866],[0.18584,-0.063737],[0.185932,-0.063596],[0.186138,-0.063355],[0.18634,-0.063087],[0.186353,-0.063013],[0.186294,-0.062993],[0.186239,-0.063026],[0.186156,-0.063065],[0.186066,-0.063092],[0.185961,-0.063112],[0.185897,-0.063133],[0.185807,-0.063155],[0.185675,-0.063177],[0.185575,-0.063199],[0.185471,-0.063245],[0.185292,-0.063248],[0.185094,-0.063188],[0.184973,-0.063169],[0.184783,-0.063092],[0.184418,-0.062925],[0.184252,-0.062872],[0.183953,-0.062741],[0.183824,-0.062688],[0.183598,-0.062581],[0.18348,-0.062453],[0.183436,-0.062447],[0.183168,-0.062311],[0.182874,-0.062331],[0.182701,-0.062405],[0.182584,-0.062469],[0.182385,-0.062557],[0.182227,-0.062598],[0.182023,-0.062682],[0.181836,-0.062756],[0.181586,-0.062789],[0.181374,-0.06283],[0.181168,-0.062868],[0.180925,-0.062946],[0.180822,-0.063008],[0.18063,-0.063111],[0.180486,-0.063118],[0.180071,-0.063118],[0.179914,-0.063159],[0.179602,-0.063317],[0.179406,-0.06345],[0.179338,-0.063502],[0.179279,-0.063519],[0.179206,-0.063569],[0.179192,-0.063748],[0.179134,-0.063818],[0.179222,-0.063895],[0.179331,-0.063959],[0.179603,-0.06406],[0.179775,-0.064149],[0.179934,-0.064249],[0.180004,-0.064322],[0.180057,-0.064454],[0.180174,-0.064574],[0.180333,-0.064689],[0.180581,-0.064854],[0.180588,-0.064882]]]]}},{"type":"Feature","id":251,"properties":{"Clan":"Outer Blood","Name":null},"geometry":{"type":"MultiPolygon","coordinates":[[[[0.174491,-0.067735],[0.174539,-0.067807],[0.174669,-0.067899],[0.174721,-0.067999],[0.174786,-0.068146],[0.174844,-0.068376],[0.174988,-0.068606],[0.175159,-0.068719],[0.175334,-0.068702],[0.175485,-0.068657],[0.175639,-0.068623],[0.17578,-0.068592],[0.175948,-0.06854],[0.176102,-0.068458],[0.176263,-0.068393],[0.176441,-0.068369],[0.176565,-0.068383],[0.176709,-0.0684],[0.176805,-0.0684],[0.176928,-0.068431],[0.177093,-0.068448],[0.177185,-0.06842],[0.177333,-0.068376],[0.177398,-0.068349],[0.177487,-0.068321],[0.17759,-0.068242],[0.177699,-0.068181],[0.177795,-0.068129],[0.177943,-0.068105],[0.178056,-0.068098],[0.178203,-0.068098],[0.178392,-0.068047],[0.178594,-0.067978],[0.178896,-0.067951],[0.179029,-0.067968],[0.179228,-0.067947],[0.179276,-0.067903],[0.179338,-0.067882],[0.179437,-0.0678],[0.179533,-0.06768],[0.179629,-0.067557],[0.179883,-0.067454],[0.180133,-0.067327],[0.18025,-0.067279],[0.18038,-0.067159],[0.180489,-0.067097],[0.180551,-0.067019],[0.180568,-0.066875],[0.180627,-0.066707],[0.18088,-0.066638],[0.180932,-0.06659],[0.181024,-0.06647],[0.181055,-0.066384],[0.181062,-0.066316],[0.181093,-0.066213],[0.181168,-0.066093],[0.181257,-0.066028],[0.181312,-0.066014],[0.18137,-0.066021],[0.181456,-0.065966],[0.181518,-0.065863],[0.181559,-0.06573],[0.181583,-0.065634],[0.181867,-0.065384],[0.182014,-0.065282],[0.181981,-0.065244],[0.181788,-0.065228],[0.181604,-0.065231],[0.181378,-0.065198],[0.181047,-0.065165],[0.180858,-0.06509],[0.18074,-0.064976],[0.180588,-0.064882],[0.180581,-0.064854],[0.180557,-0.064939],[0.180425,-0.065116],[0.18005,-0.065621],[0.179588,-0.065918],[0.179397,-0.066102],[0.179111,-0.066303],[0.1787,-0.06653],[0.178509,-0.06665],[0.178301,-0.066888],[0.177747,-0.06727],[0.17768,-0.067346],[0.177432,-0.067413],[0.177283,-0.067433],[0.177054,-0.067422],[0.176693,-0.067424],[0.176481,-0.067424],[0.17621,-0.067401],[0.176044,-0.067377],[0.175892,-0.067367],[0.175797,-0.0673],[0.175568,-0.067233],[0.175474,-0.067212],[0.175244,-0.067208],[0.175092,-0.067242],[0.174944,-0.067359],[0.174842,-0.067477],[0.174705,-0.067593],[0.174491,-0.067735]]]]}},{"type":"Feature","id":252,"properties":{"Clan":"Outer Blood","Name":null},"geometry":{"type":"MultiPolygon","coordinates":[[[[0.175875,-0.089558],[0.17601,-0.089563],[0.176133,-0.089541],[0.176246,-0.089496],[0.17642,-0.089457],[0.176532,-0.089501],[0.176605,-0.089586],[0.176785,-0.089726],[0.177021,-0.089771],[0.177324,-0.089765],[0.177723,-0.089726],[0.177958,-0.08967],[0.178183,-0.08949],[0.178374,-0.089282],[0.178419,-0.089153],[0.178514,-0.089024],[0.178526,-0.088901],[0.178621,-0.088777],[0.17875,-0.088642],[0.178868,-0.088474],[0.178997,-0.08839],[0.179065,-0.088361],[0.179216,-0.088378],[0.179312,-0.088406],[0.179424,-0.088507],[0.179475,-0.088541],[0.179469,-0.08858],[0.179615,-0.088446],[0.179733,-0.088288],[0.179874,-0.088182],[0.180059,-0.088109],[0.180458,-0.088024],[0.180744,-0.087968],[0.181002,-0.087929],[0.181244,-0.087912],[0.181508,-0.087923],[0.181676,-0.08798],[0.181687,-0.088002],[0.1818,-0.088075],[0.181907,-0.088098],[0.182047,-0.08812],[0.182187,-0.088069],[0.182311,-0.088075],[0.182446,-0.088013],[0.18253,-0.087918],[0.182648,-0.087884],[0.182912,-0.087828],[0.182878,-0.087671],[0.183047,-0.087418],[0.183311,-0.087103],[0.183558,-0.086654],[0.183692,-0.086222],[0.18376,-0.085817],[0.183653,-0.085306],[0.183563,-0.085059],[0.18335,-0.084694],[0.183198,-0.084245],[0.182901,-0.083835],[0.182653,-0.083144],[0.182491,-0.082386],[0.182204,-0.081881],[0.182126,-0.08169],[0.181985,-0.081499],[0.181839,-0.081364],[0.181721,-0.081072],[0.181766,-0.08096],[0.181845,-0.080404],[0.181867,-0.080286],[0.181822,-0.080095],[0.181808,-0.079931],[0.181711,-0.079738],[0.181571,-0.079536],[0.181439,-0.079413],[0.181422,-0.079009],[0.181334,-0.078852],[0.181253,-0.078754],[0.181236,-0.078832],[0.181067,-0.079001],[0.180714,-0.079368],[0.18042,-0.079494],[0.180118,-0.079619],[0.17989,-0.079795],[0.179611,-0.079832],[0.179601,-0.079828],[0.179553,-0.079948],[0.17964,-0.080168],[0.179684,-0.080457],[0.179719,-0.080563],[0.179737,-0.080747],[0.179737,-0.080905],[0.179719,-0.081142],[0.179702,-0.081431],[0.179719,-0.081721],[0.179719,-0.081879],[0.179649,-0.082063],[0.179544,-0.082256],[0.179491,-0.082484],[0.179447,-0.082625],[0.179333,-0.082844],[0.179184,-0.082967],[0.179105,-0.083037],[0.179105,-0.08316],[0.179096,-0.083239],[0.179031,-0.08335],[0.178995,-0.083497],[0.178924,-0.083587],[0.178888,-0.083645],[0.178888,-0.083742],[0.178859,-0.083831],[0.178711,-0.083939],[0.178625,-0.083993],[0.178568,-0.084087],[0.178589,-0.084209],[0.178557,-0.084374],[0.178489,-0.084529],[0.178449,-0.084615],[0.178327,-0.084716],[0.178262,-0.084787],[0.17818,-0.084902],[0.178158,-0.08496],[0.178054,-0.085165],[0.178029,-0.085262],[0.177957,-0.085424],[0.177817,-0.085567],[0.177702,-0.085668],[0.177622,-0.085751],[0.177439,-0.085887],[0.177213,-0.08602],[0.177069,-0.086099],[0.177001,-0.086164],[0.176993,-0.086257],[0.176986,-0.086448],[0.176961,-0.086541],[0.176918,-0.086603],[0.176925,-0.086725],[0.176864,-0.086851],[0.176814,-0.086922],[0.17676,-0.087048],[0.176753,-0.087142],[0.176742,-0.087228],[0.17671,-0.087332],[0.176681,-0.087411],[0.176569,-0.087501],[0.176501,-0.087555],[0.176487,-0.087634],[0.176465,-0.087706],[0.176415,-0.087749],[0.176354,-0.087774],[0.176311,-0.087821],[0.176293,-0.087925],[0.1763,-0.087947],[0.176278,-0.088022],[0.176242,-0.088076],[0.176224,-0.088166],[0.176214,-0.088216],[0.176235,-0.088256],[0.176314,-0.088274],[0.176246,-0.0884],[0.176116,-0.088507],[0.176012,-0.088579],[0.175969,-0.088655],[0.175966,-0.08873],[0.175883,-0.088885],[0.175872,-0.088982],[0.175847,-0.089111],[0.175771,-0.089316],[0.175768,-0.089384],[0.1758,-0.089456],[0.175875,-0.089558]]]]}},{"type":"Feature","id":253,"properties":{"Clan":"Outer Blood","Name":null},"geometry":{"type":"MultiPolygon","coordinates":[[[[0.182923,-0.087821],[0.18301,-0.087805],[0.183156,-0.087847],[0.183222,-0.087892],[0.183376,-0.087803],[0.183507,-0.087661],[0.183931,-0.087538],[0.184195,-0.087457],[0.184295,-0.087394],[0.184486,-0.08736],[0.184617,-0.08729],[0.18474,-0.087203],[0.18497,-0.087062],[0.185182,-0.086994],[0.185535,-0.086842],[0.185794,-0.086667],[0.186294,-0.08641],[0.18675,-0.086219],[0.187051,-0.086073],[0.187349,-0.085897],[0.187488,-0.085777],[0.187655,-0.085439],[0.187765,-0.085212],[0.187799,-0.085096],[0.187815,-0.084979],[0.187825,-0.084843],[0.187804,-0.084735],[0.187723,-0.084652],[0.187613,-0.084547],[0.187545,-0.084492],[0.187467,-0.084411],[0.187357,-0.084324],[0.187069,-0.08418],[0.186922,-0.084149],[0.186721,-0.084146],[0.186613,-0.084157],[0.186391,-0.084204],[0.186234,-0.084233],[0.185964,-0.084314],[0.185585,-0.084426],[0.185321,-0.084474],[0.185054,-0.084547],[0.184339,-0.084544],[0.183729,-0.084539],[0.183536,-0.084518],[0.183292,-0.084524],[0.18335,-0.084694],[0.183563,-0.085059],[0.183653,-0.085306],[0.18376,-0.085817],[0.183692,-0.086222],[0.183558,-0.086654],[0.183311,-0.087103],[0.183047,-0.087418],[0.182878,-0.087671],[0.182902,-0.087782],[0.182923,-0.087821]]]]}},{"type":"Feature","id":254,"properties":{"Clan":"Outer Blood","Name":null},"geometry":{"type":"MultiPolygon","coordinates":[[[[0.189344,-0.078075],[0.189438,-0.078226],[0.189622,-0.078337],[0.190027,-0.0785],[0.190301,-0.078545],[0.190485,-0.078607],[0.190812,-0.078717],[0.191389,-0.078954],[0.191528,-0.07902],[0.191769,-0.079097],[0.192023,-0.079171],[0.192153,-0.079122],[0.192313,-0.079028],[0.192616,-0.07886],[0.19271,-0.078754],[0.192881,-0.078631],[0.193082,-0.078472],[0.193274,-0.078337],[0.193462,-0.078165],[0.193568,-0.078014],[0.193642,-0.077813],[0.193695,-0.077576],[0.193695,-0.077417],[0.193707,-0.077139],[0.193699,-0.076979],[0.193691,-0.076873],[0.193675,-0.076754],[0.193581,-0.076632],[0.193478,-0.076689],[0.193241,-0.076742],[0.193115,-0.076766],[0.192836,-0.076824],[0.192493,-0.076787],[0.192256,-0.076807],[0.192051,-0.076811],[0.191728,-0.076762],[0.191577,-0.076771],[0.191385,-0.076787],[0.19116,-0.076766],[0.190992,-0.07682],[0.19082,-0.077045],[0.190546,-0.07729],[0.19042,-0.077421],[0.190207,-0.077633],[0.190039,-0.077793],[0.189868,-0.077895],[0.189683,-0.077993],[0.189344,-0.078075]]]]}},{"type":"Feature","id":255,"properties":{"Clan":"Outer Blood","Name":null},"geometry":{"type":"MultiPolygon","coordinates":[[[[0.200242,-0.074542],[0.2003,-0.074415],[0.20039,-0.074354],[0.20052,-0.074292],[0.200709,-0.074202],[0.200888,-0.074149],[0.200958,-0.074055],[0.200946,-0.073953],[0.200929,-0.073785],[0.200905,-0.073724],[0.200913,-0.073638],[0.20095,-0.07352],[0.200995,-0.073454],[0.201077,-0.073393],[0.201089,-0.073344],[0.201077,-0.073086],[0.201052,-0.073],[0.201023,-0.07289],[0.200958,-0.072902],[0.200864,-0.072935],[0.200762,-0.072972],[0.200676,-0.073033],[0.200602,-0.073139],[0.200565,-0.073209],[0.200561,-0.073274],[0.200561,-0.073376],[0.200541,-0.073491],[0.200488,-0.073593],[0.20039,-0.073732],[0.200336,-0.07381],[0.200255,-0.073912],[0.200206,-0.073982],[0.200152,-0.074141],[0.200165,-0.07426],[0.200193,-0.074411],[0.200242,-0.074542]]]]}},{"type":"Feature","id":256,"properties":{"Clan":"Outer Blood","Name":null},"geometry":{"type":"MultiPolygon","coordinates":[[[[0.198565,-0.078726],[0.198565,-0.078968],[0.198639,-0.079075],[0.198737,-0.079164],[0.198956,-0.07928],[0.199026,-0.079378],[0.199133,-0.079508],[0.199184,-0.079624],[0.199249,-0.079717],[0.199388,-0.079778],[0.199579,-0.079843],[0.199663,-0.079782],[0.199733,-0.079647],[0.199914,-0.079475],[0.200007,-0.079331],[0.200096,-0.079201],[0.200212,-0.079075],[0.200314,-0.078954],[0.200375,-0.078824],[0.200463,-0.078652],[0.200575,-0.07841],[0.200715,-0.078275],[0.200789,-0.077982],[0.200901,-0.077726],[0.200984,-0.077451],[0.201101,-0.077186],[0.201036,-0.077065],[0.20098,-0.076623],[0.200924,-0.076186],[0.200682,-0.075651],[0.200645,-0.075437],[0.20057,-0.075218],[0.200454,-0.075083],[0.200347,-0.074953],[0.200156,-0.074878],[0.19983,-0.074785],[0.199691,-0.074781],[0.199356,-0.074781],[0.19896,-0.074729],[0.198802,-0.074655],[0.198579,-0.074525],[0.198318,-0.074483],[0.198128,-0.074455],[0.197848,-0.074436],[0.197523,-0.074427],[0.197248,-0.074404],[0.19695,-0.074315],[0.196764,-0.074273],[0.19635,-0.074134],[0.196192,-0.074036],[0.196141,-0.074055],[0.196113,-0.07412],[0.19608,-0.074208],[0.19609,-0.074315],[0.196085,-0.074366],[0.196076,-0.074473],[0.196029,-0.074622],[0.195997,-0.074701],[0.195955,-0.074827],[0.196359,-0.075106],[0.19749,-0.075711],[0.198314,-0.07619],[0.198467,-0.076432],[0.198928,-0.077037],[0.199058,-0.077344],[0.199039,-0.077633],[0.198895,-0.077907],[0.198723,-0.078266],[0.198565,-0.078726]]]]}},{"type":"Feature","id":257,"properties":{"Clan":"Outer Blood","Name":null},"geometry":{"type":"MultiPolygon","coordinates":[[[[0.18781,-0.085084],[0.187932,-0.085131],[0.188001,-0.085156],[0.188151,-0.085175],[0.188251,-0.085169],[0.188385,-0.08514],[0.18851,-0.085115],[0.188619,-0.085075],[0.1888,-0.085031],[0.188956,-0.084997],[0.189091,-0.084972],[0.189231,-0.084972],[0.189365,-0.085034],[0.189444,-0.085128],[0.189509,-0.085259],[0.189562,-0.085322],[0.1896,-0.085325],[0.189668,-0.085353],[0.189746,-0.085331],[0.189906,-0.085268],[0.19014,-0.085178],[0.190321,-0.085119],[0.190446,-0.085065],[0.190792,-0.084975],[0.190949,-0.084972],[0.191589,-0.085065],[0.191729,-0.085053],[0.191917,-0.085115],[0.192126,-0.085197],[0.192276,-0.085212],[0.192416,-0.085247],[0.192457,-0.085243],[0.192485,-0.085256],[0.19261,-0.085212],[0.192803,-0.085144],[0.193041,-0.085044],[0.193125,-0.085037],[0.193203,-0.085019],[0.193397,-0.085003],[0.193515,-0.084994],[0.1936,-0.085016],[0.193746,-0.085065],[0.193865,-0.085059],[0.194034,-0.085016],[0.194133,-0.084978],[0.194271,-0.084888],[0.194368,-0.084738],[0.194511,-0.084541],[0.194518,-0.084485],[0.194421,-0.084494],[0.194293,-0.084516],[0.194218,-0.0845],[0.194233,-0.08445],[0.194308,-0.084372],[0.194411,-0.084344],[0.194468,-0.084322],[0.194617,-0.084297],[0.194864,-0.084182],[0.195229,-0.083991],[0.195564,-0.083817],[0.195757,-0.083645],[0.195916,-0.083476],[0.196038,-0.083304],[0.196076,-0.08318],[0.196119,-0.083055],[0.196176,-0.082914],[0.196297,-0.082824],[0.196432,-0.082724],[0.196591,-0.082617],[0.196941,-0.082408],[0.197065,-0.082321],[0.197184,-0.08214],[0.197318,-0.082005],[0.197459,-0.081896],[0.19759,-0.081781],[0.197684,-0.081671],[0.197793,-0.081515],[0.197977,-0.081393],[0.19813,-0.081278],[0.198346,-0.08105],[0.198458,-0.080897],[0.198533,-0.080772],[0.198767,-0.080579],[0.199148,-0.080285],[0.199432,-0.079982],[0.199529,-0.079879],[0.199559,-0.079836],[0.199388,-0.079778],[0.199249,-0.079717],[0.199184,-0.079624],[0.199133,-0.079508],[0.199026,-0.079378],[0.198956,-0.07928],[0.198737,-0.079164],[0.198639,-0.079075],[0.198565,-0.078968],[0.198565,-0.078726],[0.198723,-0.078266],[0.198895,-0.077907],[0.199039,-0.077633],[0.199058,-0.077344],[0.198928,-0.077037],[0.198467,-0.076432],[0.198314,-0.07619],[0.19749,-0.075711],[0.196359,-0.075106],[0.195955,-0.074827],[0.195751,-0.074939],[0.195601,-0.075042],[0.195407,-0.075139],[0.195254,-0.075195],[0.195017,-0.075273],[0.194839,-0.075395],[0.194589,-0.075558],[0.194461,-0.075742],[0.194059,-0.076154],[0.193824,-0.076369],[0.193659,-0.076544],[0.193601,-0.076658],[0.193675,-0.076754],[0.193691,-0.076873],[0.193699,-0.076979],[0.193707,-0.077139],[0.193695,-0.077417],[0.193695,-0.077576],[0.193642,-0.077813],[0.193568,-0.078014],[0.193462,-0.078165],[0.193274,-0.078337],[0.193082,-0.078472],[0.192881,-0.078631],[0.19271,-0.078754],[0.192616,-0.07886],[0.192313,-0.079028],[0.192153,-0.079122],[0.192023,-0.079171],[0.191769,-0.079097],[0.191528,-0.07902],[0.191389,-0.078954],[0.190812,-0.078717],[0.190485,-0.078607],[0.190301,-0.078545],[0.190027,-0.0785],[0.189622,-0.078337],[0.189438,-0.078226],[0.189344,-0.078075],[0.188603,-0.078126],[0.187996,-0.078186],[0.187603,-0.078329],[0.187031,-0.07846],[0.186638,-0.078662],[0.186293,-0.078793],[0.186162,-0.078817],[0.185626,-0.078936],[0.185244,-0.078996],[0.184923,-0.078984],[0.184649,-0.078853],[0.184327,-0.078686],[0.184006,-0.078555],[0.183767,-0.078317],[0.182862,-0.077983],[0.182255,-0.077709],[0.18154,-0.077257],[0.181301,-0.077164],[0.181199,-0.077294],[0.181111,-0.077427],[0.181082,-0.077574],[0.181038,-0.077721],[0.181067,-0.077831],[0.181096,-0.078015],[0.181133,-0.078162],[0.181163,-0.078331],[0.181214,-0.078493],[0.181273,-0.078662],[0.181253,-0.078754],[0.181334,-0.078852],[0.181422,-0.079009],[0.181439,-0.079413],[0.181571,-0.079536],[0.181711,-0.079738],[0.181808,-0.079931],[0.181822,-0.080095],[0.181867,-0.080286],[0.181845,-0.080404],[0.181766,-0.08096],[0.181721,-0.081072],[0.181839,-0.081364],[0.181985,-0.081499],[0.182126,-0.08169],[0.182204,-0.081881],[0.182491,-0.082386],[0.182653,-0.083144],[0.182901,-0.083835],[0.183198,-0.084245],[0.183292,-0.084524],[0.183536,-0.084518],[0.183729,-0.084539],[0.184339,-0.084544],[0.185054,-0.084547],[0.185321,-0.084474],[0.185585,-0.084426],[0.185964,-0.084314],[0.186234,-0.084233],[0.186391,-0.084204],[0.186613,-0.084157],[0.186721,-0.084146],[0.186922,-0.084149],[0.187069,-0.08418],[0.187357,-0.084324],[0.187467,-0.084411],[0.187545,-0.084492],[0.187613,-0.084547],[0.187723,-0.084652],[0.187804,-0.084735],[0.187825,-0.084843],[0.187815,-0.084979],[0.187812,-0.084997],[0.18781,-0.085084]]]]}},{"type":"Feature","id":258,"properties":{"Clan":"Outer Blood","Name":null},"geometry":{"type":"MultiPolygon","coordinates":[[[[0.182734,-0.068823],[0.182889,-0.068813],[0.183054,-0.068769],[0.183513,-0.068634],[0.184055,-0.068459],[0.184448,-0.068331],[0.185384,-0.068005],[0.185796,-0.067873],[0.185958,-0.067873],[0.186127,-0.067711],[0.186252,-0.067542],[0.186289,-0.067409],[0.186282,-0.067291],[0.186274,-0.067218],[0.186569,-0.067049],[0.186458,-0.066902],[0.186326,-0.066725],[0.186238,-0.066527],[0.186252,-0.066107],[0.186171,-0.065923],[0.185921,-0.065776],[0.185804,-0.065791],[0.185715,-0.065857],[0.185583,-0.065982],[0.185421,-0.066056],[0.185245,-0.066122],[0.185046,-0.066225],[0.184656,-0.066438],[0.184487,-0.06649],[0.184215,-0.066563],[0.184038,-0.066652],[0.183818,-0.066755],[0.183663,-0.066983],[0.183553,-0.067122],[0.183274,-0.067431],[0.183038,-0.06763],[0.182825,-0.067814],[0.182516,-0.068027],[0.182369,-0.068108],[0.182303,-0.068211],[0.182356,-0.068308],[0.182472,-0.068505],[0.182502,-0.068543],[0.182734,-0.068823]]]]}},{"type":"Feature","id":259,"properties":{"Clan":"Outer Blood","Name":null},"geometry":{"type":"MultiPolygon","coordinates":[[[[0.186569,-0.067049],[0.18757,-0.067372],[0.188808,-0.067697],[0.189824,-0.067991],[0.190022,-0.068062],[0.19014,-0.068203],[0.190262,-0.068424],[0.190347,-0.068575],[0.190479,-0.06866],[0.190686,-0.068806],[0.19085,-0.068919],[0.191208,-0.069182],[0.191453,-0.069352],[0.191712,-0.06954],[0.191928,-0.069644],[0.192159,-0.069752],[0.19239,-0.069804],[0.192357,-0.06962],[0.192409,-0.069568],[0.192517,-0.069554],[0.192507,-0.06914],[0.192517,-0.068269],[0.192244,-0.067798],[0.192027,-0.067309],[0.191557,-0.067224],[0.190648,-0.067003],[0.190229,-0.066852],[0.189829,-0.066527],[0.189222,-0.066076],[0.18869,-0.06569],[0.188243,-0.065355],[0.187767,-0.064979],[0.187428,-0.064677],[0.186868,-0.064536],[0.186633,-0.064866],[0.186411,-0.065205],[0.18611,-0.065567],[0.185915,-0.065777],[0.185921,-0.065776],[0.186171,-0.065923],[0.186252,-0.066107],[0.186238,-0.066527],[0.186326,-0.066725],[0.186458,-0.066902],[0.186488,-0.066942],[0.186569,-0.067049]]]]}},{"type":"Feature","id":260,"properties":{"Clan":"Outer Blood","Name":null},"geometry":{"type":"MultiPolygon","coordinates":[[[[0.192398,-0.069806],[0.192077,-0.069714],[0.191928,-0.069644],[0.191712,-0.06954],[0.191453,-0.069352],[0.191208,-0.069182],[0.19085,-0.068919],[0.190686,-0.068806],[0.190479,-0.06866],[0.190347,-0.068575],[0.190262,-0.068424],[0.19014,-0.068203],[0.190022,-0.068062],[0.189824,-0.067991],[0.188808,-0.067697],[0.18757,-0.067372],[0.186569,-0.067049],[0.186569,-0.067049],[0.186274,-0.067218],[0.186282,-0.067291],[0.186289,-0.067409],[0.186252,-0.067542],[0.186127,-0.067711],[0.185958,-0.067873],[0.185796,-0.067873],[0.185384,-0.068005],[0.184448,-0.068331],[0.184055,-0.068459],[0.183513,-0.068634],[0.183054,-0.068769],[0.182889,-0.068813],[0.182734,-0.068823],[0.182714,-0.068818],[0.182714,-0.06905],[0.182552,-0.069121],[0.182209,-0.069222],[0.181997,-0.069262],[0.181705,-0.069434],[0.181543,-0.069525],[0.181372,-0.069595],[0.181049,-0.069676],[0.180877,-0.069706],[0.180564,-0.069878],[0.180292,-0.07015],[0.180201,-0.070423],[0.18008,-0.070534],[0.179575,-0.070746],[0.179181,-0.070817],[0.178727,-0.070716],[0.178475,-0.070675],[0.178232,-0.070695],[0.17801,-0.070706],[0.177728,-0.070726],[0.177465,-0.070796],[0.177294,-0.070806],[0.177102,-0.070887],[0.177196,-0.07127],[0.177234,-0.071596],[0.177448,-0.071998],[0.177507,-0.072266],[0.177604,-0.072464],[0.177743,-0.072657],[0.177887,-0.073032],[0.178,-0.073315],[0.178123,-0.073567],[0.178327,-0.073835],[0.178284,-0.07421],[0.178242,-0.075038],[0.178279,-0.075022],[0.179081,-0.075066],[0.179559,-0.07525],[0.180015,-0.075617],[0.180126,-0.075779],[0.180412,-0.07597],[0.180699,-0.076132],[0.180949,-0.076228],[0.181229,-0.076397],[0.181324,-0.076669],[0.181354,-0.077015],[0.181302,-0.077162],[0.181301,-0.077164],[0.18154,-0.077257],[0.182255,-0.077709],[0.182862,-0.077983],[0.183767,-0.078317],[0.184006,-0.078555],[0.184327,-0.078686],[0.184649,-0.078853],[0.184923,-0.078984],[0.185244,-0.078996],[0.185626,-0.078936],[0.186162,-0.078817],[0.186293,-0.078793],[0.186638,-0.078662],[0.187031,-0.07846],[0.187603,-0.078329],[0.187996,-0.078186],[0.188603,-0.078126],[0.189344,-0.078075],[0.189683,-0.077993],[0.189868,-0.077895],[0.190039,-0.077793],[0.190207,-0.077633],[0.19042,-0.077421],[0.190546,-0.07729],[0.19082,-0.077045],[0.190992,-0.07682],[0.19116,-0.076766],[0.191385,-0.076787],[0.191577,-0.076771],[0.191728,-0.076762],[0.192051,-0.076811],[0.192256,-0.076807],[0.192493,-0.076787],[0.192836,-0.076824],[0.193115,-0.076766],[0.193241,-0.076742],[0.193478,-0.076689],[0.193581,-0.076632],[0.193601,-0.076658],[0.193659,-0.076544],[0.193824,-0.076369],[0.194059,-0.076154],[0.194461,-0.075742],[0.194589,-0.075558],[0.194839,-0.075395],[0.195017,-0.075273],[0.195254,-0.075195],[0.195407,-0.075139],[0.195601,-0.075042],[0.195751,-0.074939],[0.195955,-0.074827],[0.195997,-0.074701],[0.196029,-0.074622],[0.196076,-0.074473],[0.196085,-0.074366],[0.19609,-0.074315],[0.19608,-0.074208],[0.196113,-0.07412],[0.196135,-0.074067],[0.195901,-0.073899],[0.195741,-0.073828],[0.195515,-0.073697],[0.195318,-0.073499],[0.195183,-0.073403],[0.194866,-0.073153],[0.194553,-0.072939],[0.194176,-0.072833],[0.194041,-0.072778],[0.193809,-0.072457],[0.193584,-0.072168],[0.193491,-0.071975],[0.193327,-0.071601],[0.193246,-0.071384],[0.193107,-0.071085],[0.192926,-0.070786],[0.192818,-0.07057],[0.192573,-0.070182],[0.19246,-0.069978],[0.192398,-0.069806]]]]}},{"type":"Feature","id":261,"properties":{"Clan":"Outer Blood","Name":null},"geometry":{"type":"MultiPolygon","coordinates":[[[[0.192522,-0.069558],[0.192523,-0.069615],[0.192554,-0.069683],[0.192651,-0.069804],[0.1928,-0.06992],[0.193027,-0.070169],[0.19322,-0.070408],[0.193325,-0.070531],[0.193483,-0.07061],[0.193551,-0.070638],[0.193658,-0.070627],[0.193779,-0.070583],[0.193873,-0.070548],[0.193967,-0.070539],[0.194166,-0.070529],[0.194289,-0.070539],[0.194403,-0.070518],[0.194533,-0.070511],[0.194666,-0.070494],[0.19478,-0.070532],[0.194882,-0.070655],[0.194985,-0.070748],[0.195071,-0.070858],[0.195187,-0.070967],[0.195325,-0.071074],[0.195455,-0.071091],[0.195945,-0.071122],[0.196151,-0.071163],[0.196377,-0.071207],[0.1965,-0.071255],[0.19672,-0.071262],[0.197056,-0.071385],[0.197258,-0.071492],[0.197491,-0.071488],[0.197594,-0.071567],[0.197748,-0.071605],[0.197909,-0.071571],[0.198043,-0.071718],[0.198191,-0.071944],[0.198229,-0.072094],[0.198255,-0.072266],[0.198325,-0.072507],[0.198395,-0.072748],[0.198523,-0.073016],[0.198636,-0.073251],[0.198802,-0.073471],[0.198968,-0.073599],[0.199145,-0.073669],[0.199471,-0.073621],[0.199718,-0.073589],[0.199835,-0.073551],[0.200028,-0.073508],[0.200162,-0.073433],[0.200082,-0.073396],[0.19991,-0.073267],[0.199755,-0.07316],[0.199514,-0.07293],[0.199359,-0.072732],[0.199198,-0.072512],[0.199128,-0.072309],[0.198995,-0.071875],[0.198909,-0.071494],[0.19885,-0.071152],[0.198855,-0.070927],[0.198909,-0.070718],[0.198936,-0.070493],[0.198941,-0.070209],[0.198582,-0.069893],[0.198347,-0.0697],[0.197736,-0.069374],[0.197602,-0.069256],[0.197602,-0.069068],[0.197479,-0.06887],[0.197281,-0.068517],[0.197216,-0.068335],[0.197131,-0.068238],[0.197029,-0.068276],[0.19697,-0.068276],[0.196863,-0.068174],[0.196568,-0.068174],[0.195913,-0.068161],[0.195035,-0.068144],[0.193922,-0.068127],[0.193587,-0.067935],[0.193336,-0.067684],[0.192934,-0.067383],[0.192717,-0.067307],[0.19229,-0.06724],[0.192072,-0.067291],[0.192059,-0.06738],[0.192244,-0.067798],[0.192517,-0.068269],[0.192507,-0.06914],[0.192517,-0.069544],[0.192522,-0.069558]]]]}},{"type":"Feature","id":262,"properties":{"Clan":"Outer Blood","Name":null},"geometry":{"type":"MultiPolygon","coordinates":[[[[0.203993,-0.070413],[0.204163,-0.070401],[0.204371,-0.070309],[0.204541,-0.070212],[0.204712,-0.070023],[0.204852,-0.069846],[0.205059,-0.069755],[0.205327,-0.069584],[0.205577,-0.069401],[0.205784,-0.069157],[0.205949,-0.068822],[0.206071,-0.068036],[0.206181,-0.067543],[0.205961,-0.0675],[0.205833,-0.067415],[0.205632,-0.067274],[0.205553,-0.067128],[0.205352,-0.067012],[0.205169,-0.066939],[0.205114,-0.066665],[0.204962,-0.066683],[0.204761,-0.066689],[0.20473,-0.066494],[0.204621,-0.066555],[0.204438,-0.066714],[0.204346,-0.066781],[0.204194,-0.066805],[0.203987,-0.066769],[0.20392,-0.066641],[0.203725,-0.066549],[0.203585,-0.066446],[0.203548,-0.066354],[0.203652,-0.066196],[0.203725,-0.065909],[0.203767,-0.065739],[0.203792,-0.06555],[0.203773,-0.065459],[0.203615,-0.065233],[0.203518,-0.06516],[0.203463,-0.064837],[0.203347,-0.064685],[0.203268,-0.064471],[0.203304,-0.064356],[0.203347,-0.064161],[0.203469,-0.064027],[0.203597,-0.063892],[0.203591,-0.063789],[0.203511,-0.063789],[0.203444,-0.063911],[0.203444,-0.063953],[0.203347,-0.064027],[0.203176,-0.064136],[0.203091,-0.064197],[0.202933,-0.064356],[0.202866,-0.064447],[0.202786,-0.064581],[0.202671,-0.064867],[0.202658,-0.06527],[0.202689,-0.065416],[0.202713,-0.065641],[0.202689,-0.065763],[0.202604,-0.065952],[0.202561,-0.066172],[0.202488,-0.066367],[0.202463,-0.066476],[0.202415,-0.066537],[0.202341,-0.066696],[0.202293,-0.066982],[0.202287,-0.06722],[0.20225,-0.067622],[0.202317,-0.067835],[0.20239,-0.067987],[0.202518,-0.068189],[0.202634,-0.06831],[0.202658,-0.068572],[0.202786,-0.068828],[0.202939,-0.068938],[0.202987,-0.069054],[0.203195,-0.069377],[0.203274,-0.069675],[0.203469,-0.070041],[0.203609,-0.070145],[0.203883,-0.070285],[0.203993,-0.070413]]]]}},{"type":"Feature","id":263,"properties":{"Clan":"Outer Blood","Name":null},"geometry":{"type":"MultiPolygon","coordinates":[[[[0.205969,-0.068831],[0.206223,-0.069018],[0.207685,-0.070461],[0.208687,-0.071416],[0.208949,-0.0719],[0.209553,-0.07252],[0.209783,-0.072672],[0.209904,-0.073366],[0.210184,-0.073758],[0.210525,-0.073734],[0.210836,-0.073685],[0.211068,-0.073575],[0.211433,-0.073435],[0.211738,-0.073124],[0.211397,-0.072028],[0.211202,-0.071205],[0.211232,-0.070589],[0.211049,-0.070096],[0.21072,-0.06956],[0.210215,-0.069103],[0.209971,-0.068877],[0.209697,-0.068639],[0.209569,-0.068444],[0.209508,-0.068103],[0.209569,-0.067981],[0.20969,-0.067841],[0.20969,-0.067628],[0.209544,-0.067457],[0.209282,-0.067232],[0.20874,-0.066982],[0.208295,-0.06697],[0.207929,-0.066945],[0.20732,-0.067067],[0.206875,-0.067317],[0.206601,-0.067518],[0.206181,-0.067543],[0.206071,-0.068036],[0.205971,-0.068683],[0.205969,-0.068831]]]]}},{"type":"Feature","id":264,"properties":{"Clan":"Outer Blood","Name":null},"geometry":{"type":"MultiPolygon","coordinates":[[[[0.210848,-0.080031],[0.211086,-0.080152],[0.211265,-0.080316],[0.211601,-0.080698],[0.211882,-0.081088],[0.21187,-0.081162],[0.212139,-0.081478],[0.212303,-0.081669],[0.212564,-0.081767],[0.212849,-0.0817],[0.213247,-0.081455],[0.213418,-0.081229],[0.213371,-0.080998],[0.213336,-0.080757],[0.213438,-0.080449],[0.213551,-0.08016],[0.213629,-0.079852],[0.213625,-0.079372],[0.213625,-0.079009],[0.213547,-0.078487],[0.213477,-0.078237],[0.213356,-0.078062],[0.213387,-0.077715],[0.213418,-0.077262],[0.213426,-0.076865],[0.213375,-0.076046],[0.213422,-0.075609],[0.213313,-0.075102],[0.213192,-0.074723],[0.212985,-0.074517],[0.212482,-0.073982],[0.212131,-0.073791],[0.211936,-0.073331],[0.211728,-0.073135],[0.211433,-0.073435],[0.211068,-0.073575],[0.210836,-0.073685],[0.210525,-0.073734],[0.210184,-0.073758],[0.210193,-0.073885],[0.210224,-0.074041],[0.21024,-0.074146],[0.210279,-0.074333],[0.21031,-0.07461],[0.210302,-0.074879],[0.210302,-0.075024],[0.210501,-0.075242],[0.21052,-0.075347],[0.210637,-0.075644],[0.210758,-0.075866],[0.210825,-0.076104],[0.210903,-0.076233],[0.210985,-0.076385],[0.211,-0.076564],[0.210981,-0.076763],[0.211051,-0.076982],[0.211133,-0.077543],[0.211137,-0.077758],[0.211141,-0.077964],[0.211254,-0.078237],[0.211339,-0.078491],[0.211359,-0.078846],[0.211339,-0.079021],[0.211207,-0.079193],[0.211219,-0.079282],[0.211063,-0.079474],[0.210985,-0.079591],[0.210848,-0.079723],[0.210836,-0.079801],[0.210848,-0.080031]]]]}},{"type":"Feature","id":265,"properties":{"Clan":"Outer Blood","Name":null},"geometry":{"type":"MultiPolygon","coordinates":[[[[0.210846,-0.080039],[0.21084,-0.079864],[0.210836,-0.079801],[0.210848,-0.079723],[0.210985,-0.079591],[0.211063,-0.079474],[0.211219,-0.079282],[0.211207,-0.079193],[0.211339,-0.079021],[0.211359,-0.078846],[0.211339,-0.078491],[0.211254,-0.078237],[0.211141,-0.077964],[0.211137,-0.077758],[0.211133,-0.077543],[0.211051,-0.076982],[0.210981,-0.076763],[0.211,-0.076564],[0.210985,-0.076385],[0.210903,-0.076233],[0.210825,-0.076104],[0.210758,-0.075866],[0.210637,-0.075644],[0.21052,-0.075347],[0.210501,-0.075242],[0.210302,-0.075024],[0.210302,-0.074879],[0.21031,-0.07461],[0.210279,-0.074333],[0.21024,-0.074146],[0.210224,-0.074041],[0.210193,-0.073885],[0.210184,-0.073758],[0.209904,-0.073366],[0.209783,-0.072672],[0.209553,-0.07252],[0.208949,-0.0719],[0.208687,-0.071416],[0.207685,-0.070461],[0.206223,-0.069018],[0.205969,-0.068831],[0.205971,-0.068683],[0.205949,-0.068822],[0.205784,-0.069157],[0.205577,-0.069401],[0.205327,-0.069584],[0.205059,-0.069755],[0.204852,-0.069846],[0.204712,-0.070023],[0.204541,-0.070212],[0.204371,-0.070309],[0.204163,-0.070401],[0.204016,-0.070411],[0.204019,-0.070452],[0.204036,-0.07052],[0.204136,-0.070983],[0.204181,-0.071076],[0.204246,-0.071275],[0.204289,-0.071568],[0.204332,-0.071928],[0.204386,-0.072289],[0.204434,-0.072559],[0.204425,-0.072706],[0.204354,-0.072951],[0.204286,-0.073067],[0.204229,-0.07322],[0.204329,-0.07324],[0.204397,-0.073294],[0.204428,-0.073394],[0.204428,-0.073482],[0.204414,-0.073652],[0.204326,-0.073794],[0.204224,-0.074072],[0.204147,-0.074635],[0.204175,-0.074939],[0.204252,-0.075163],[0.2043,-0.07537],[0.204312,-0.075498],[0.204457,-0.075907],[0.204522,-0.076157],[0.20461,-0.076322],[0.204726,-0.076472],[0.204834,-0.076503],[0.204979,-0.076509],[0.205107,-0.076489],[0.205246,-0.076503],[0.205419,-0.076574],[0.205666,-0.076694],[0.205831,-0.076867],[0.205959,-0.077],[0.206081,-0.077159],[0.206146,-0.077253],[0.206132,-0.077307],[0.206143,-0.077386],[0.206212,-0.077531],[0.206328,-0.077628],[0.206572,-0.077722],[0.206666,-0.077801],[0.206862,-0.07798],[0.207015,-0.078006],[0.207191,-0.078043],[0.207447,-0.07802],[0.207572,-0.077957],[0.207742,-0.077977],[0.208001,-0.078062],[0.208234,-0.078156],[0.208398,-0.078352],[0.208574,-0.078466],[0.208711,-0.078576],[0.20879,-0.07865],[0.208907,-0.078838],[0.209009,-0.079017],[0.209154,-0.079269],[0.209293,-0.079343],[0.209398,-0.079335],[0.209571,-0.079312],[0.209722,-0.079346],[0.209747,-0.079451],[0.209889,-0.079678],[0.210023,-0.079826],[0.21021,-0.07984],[0.210491,-0.080011],[0.210611,-0.080053],[0.210846,-0.080039]]]]}},{"type":"Feature","id":266,"properties":{"Clan":"Outer Blood","Name":null},"geometry":{"type":"MultiPolygon","coordinates":[[[[0.203318,-0.084673],[0.203492,-0.084879],[0.203708,-0.085128],[0.203936,-0.085301],[0.20425,-0.085453],[0.204586,-0.085637],[0.204803,-0.085659],[0.204976,-0.085409],[0.20516,-0.085074],[0.205073,-0.084868],[0.205008,-0.084445],[0.204878,-0.084066],[0.204727,-0.083676],[0.204445,-0.083264],[0.204185,-0.083026],[0.203828,-0.082593],[0.203622,-0.082495],[0.20334,-0.082333],[0.203124,-0.082051],[0.203069,-0.081802],[0.202896,-0.081704],[0.202734,-0.081715],[0.202441,-0.081791],[0.202214,-0.081769],[0.201867,-0.081661],[0.201585,-0.081477],[0.201304,-0.081358],[0.201109,-0.081217],[0.200849,-0.081336],[0.200491,-0.081564],[0.200307,-0.081704],[0.200253,-0.081845],[0.200209,-0.082008],[0.200069,-0.082235],[0.199971,-0.082311],[0.199841,-0.082484],[0.199603,-0.082831],[0.199592,-0.083048],[0.199635,-0.083189],[0.199668,-0.083362],[0.199754,-0.083568],[0.199917,-0.083741],[0.200134,-0.083904],[0.200383,-0.084001],[0.200675,-0.083969],[0.200903,-0.08399],[0.20126,-0.084034],[0.201715,-0.08399],[0.201845,-0.084055],[0.202279,-0.084109],[0.202452,-0.084239],[0.202614,-0.084315],[0.202864,-0.084348],[0.203026,-0.084467],[0.203318,-0.084673]]]]}},{"type":"Feature","id":267,"properties":{"Clan":"Outer Blood","Name":null},"geometry":{"type":"MultiPolygon","coordinates":[[[[0.203539,-0.084932],[0.20338,-0.084745],[0.203318,-0.084673],[0.203026,-0.084467],[0.202864,-0.084348],[0.202614,-0.084315],[0.202452,-0.084239],[0.202279,-0.084109],[0.201845,-0.084055],[0.201715,-0.08399],[0.20126,-0.084034],[0.200903,-0.08399],[0.200675,-0.083969],[0.200383,-0.084001],[0.200134,-0.083904],[0.199917,-0.083741],[0.199754,-0.083568],[0.199668,-0.083362],[0.199635,-0.083189],[0.199592,-0.083048],[0.199601,-0.082875],[0.199471,-0.083116],[0.199346,-0.083303],[0.199089,-0.08347],[0.19868,-0.08375],[0.19848,-0.083909],[0.198325,-0.08418],[0.198228,-0.084477],[0.198054,-0.084965],[0.197855,-0.085276],[0.197961,-0.085329],[0.19821,-0.085591],[0.198325,-0.085942],[0.198463,-0.08627],[0.198764,-0.086554],[0.198951,-0.086683],[0.199235,-0.086825],[0.199434,-0.086904],[0.199612,-0.086984],[0.199918,-0.087149],[0.200331,-0.087446],[0.200766,-0.087823],[0.201453,-0.088364],[0.201817,-0.088511],[0.20195,-0.088537],[0.202079,-0.08828],[0.202168,-0.08808],[0.20227,-0.087898],[0.202443,-0.087743],[0.202674,-0.087548],[0.202829,-0.087352],[0.202923,-0.086988],[0.202974,-0.086681],[0.203037,-0.086517],[0.203162,-0.086122],[0.203287,-0.085784],[0.203332,-0.085611],[0.20338,-0.085358],[0.203471,-0.085091],[0.203539,-0.084932]]]]}},{"type":"Feature","id":268,"properties":{"Clan":"Outer Blood","Name":null},"geometry":{"type":"MultiPolygon","coordinates":[[[[0.197135,-0.090381],[0.197433,-0.090467],[0.197716,-0.090543],[0.198074,-0.090684],[0.198332,-0.09082],[0.198569,-0.090962],[0.198751,-0.090634],[0.198887,-0.090416],[0.199074,-0.090063],[0.199139,-0.089912],[0.19919,-0.089785],[0.19918,-0.089538],[0.199336,-0.089074],[0.199619,-0.088675],[0.199725,-0.088367],[0.199771,-0.088134],[0.199771,-0.087796],[0.199765,-0.087342],[0.19977,-0.087069],[0.199612,-0.086984],[0.199434,-0.086904],[0.199235,-0.086825],[0.198951,-0.086683],[0.198764,-0.086554],[0.198463,-0.08627],[0.198325,-0.085942],[0.19821,-0.085591],[0.197961,-0.085329],[0.197855,-0.085276],[0.197665,-0.085464],[0.197539,-0.085615],[0.197418,-0.085767],[0.197337,-0.085863],[0.197261,-0.085969],[0.197206,-0.086105],[0.197201,-0.086165],[0.197165,-0.086312],[0.197155,-0.086499],[0.19714,-0.08661],[0.197095,-0.086968],[0.19708,-0.08714],[0.19709,-0.087276],[0.197054,-0.087493],[0.197085,-0.087685],[0.197059,-0.087806],[0.19712,-0.087933],[0.197145,-0.088033],[0.19713,-0.088155],[0.19708,-0.088291],[0.197039,-0.088377],[0.196968,-0.088604],[0.196933,-0.088902],[0.196921,-0.08929],[0.196977,-0.089598],[0.197032,-0.089984],[0.197079,-0.090229],[0.197135,-0.090381]]]]}},{"type":"Feature","id":269,"properties":{"Clan":"Outer Blood","Name":null},"geometry":{"type":"MultiPolygon","coordinates":[[[[0.201954,-0.088525],[0.20186,-0.08892],[0.201781,-0.089188],[0.20167,-0.08944],[0.201639,-0.089708],[0.201828,-0.090024],[0.202049,-0.090221],[0.202325,-0.090489],[0.202436,-0.090694],[0.202601,-0.090892],[0.202688,-0.091105],[0.20283,-0.091381],[0.203043,-0.091578],[0.203201,-0.091633],[0.203414,-0.091239],[0.203587,-0.090907],[0.203595,-0.090671],[0.20369,-0.090308],[0.203753,-0.090087],[0.203666,-0.089898],[0.203587,-0.089779],[0.203587,-0.089614],[0.203658,-0.089456],[0.203808,-0.089369],[0.203879,-0.089267],[0.204005,-0.088991],[0.204045,-0.088793],[0.204132,-0.088525],[0.20425,-0.088233],[0.204321,-0.088068],[0.204494,-0.087902],[0.204613,-0.087673],[0.204668,-0.087484],[0.204613,-0.0872],[0.204526,-0.086679],[0.204605,-0.08634],[0.204778,-0.086206],[0.204802,-0.085819],[0.204777,-0.085656],[0.204586,-0.085637],[0.20425,-0.085453],[0.203936,-0.085301],[0.203708,-0.085128],[0.203539,-0.084933],[0.203471,-0.085091],[0.20338,-0.085358],[0.203332,-0.085611],[0.203287,-0.085784],[0.203162,-0.086122],[0.203037,-0.086517],[0.202974,-0.086681],[0.202923,-0.086988],[0.202829,-0.087352],[0.202674,-0.087548],[0.202443,-0.087743],[0.20227,-0.087898],[0.202168,-0.08808],[0.202126,-0.088174],[0.201954,-0.088525]]]]}},{"type":"Feature","id":270,"properties":{"Clan":"Outer Blood","Name":null},"geometry":{"type":"MultiPolygon","coordinates":[[[[0.203209,-0.091638],[0.203182,-0.091627],[0.203043,-0.091578],[0.20283,-0.091381],[0.202688,-0.091105],[0.202601,-0.090892],[0.202518,-0.090792],[0.202436,-0.090962],[0.202381,-0.091229],[0.201896,-0.092148],[0.201618,-0.092784],[0.201517,-0.093213],[0.201447,-0.093632],[0.201558,-0.093839],[0.201709,-0.094072],[0.201982,-0.094299],[0.202189,-0.094405],[0.202376,-0.094465],[0.202542,-0.094531],[0.202739,-0.094541],[0.202926,-0.094506],[0.203042,-0.094481],[0.20332,-0.09441],[0.203365,-0.094092],[0.20332,-0.093809],[0.20332,-0.09341],[0.20333,-0.093178],[0.20334,-0.092789],[0.20338,-0.092279],[0.203345,-0.092093],[0.203254,-0.091759],[0.203209,-0.091638]]]]}},{"type":"Feature","id":271,"properties":{"Clan":"Outer Blood","Name":null},"geometry":{"type":"MultiPolygon","coordinates":[[[[0.203201,-0.094453],[0.203019,-0.094486],[0.202926,-0.094506],[0.202739,-0.094541],[0.202542,-0.094531],[0.202376,-0.094465],[0.202189,-0.094405],[0.201982,-0.094299],[0.201709,-0.094072],[0.201558,-0.093839],[0.201447,-0.093632],[0.20151,-0.093256],[0.201342,-0.093082],[0.201135,-0.092734],[0.200962,-0.092494],[0.200705,-0.09237],[0.200457,-0.092188],[0.200002,-0.091857],[0.199448,-0.091386],[0.19891,-0.091105],[0.198569,-0.090962],[0.198332,-0.09082],[0.198074,-0.090684],[0.197716,-0.090543],[0.197433,-0.090467],[0.197145,-0.090384],[0.197133,-0.090476],[0.197157,-0.090605],[0.197133,-0.090937],[0.197055,-0.091062],[0.197048,-0.091343],[0.197086,-0.091516],[0.197109,-0.091753],[0.197157,-0.092149],[0.197177,-0.092353],[0.197336,-0.092556],[0.197628,-0.092736],[0.197774,-0.092817],[0.19799,-0.093037],[0.198031,-0.093122],[0.198102,-0.093271],[0.198231,-0.093315],[0.198509,-0.09341],[0.198712,-0.093484],[0.198898,-0.093535],[0.199061,-0.093694],[0.19922,-0.093925],[0.199319,-0.094132],[0.199495,-0.094298],[0.19964,-0.094616],[0.199773,-0.094846],[0.200064,-0.09525],[0.200426,-0.095622],[0.20085,-0.096009],[0.201158,-0.096273],[0.201314,-0.096435],[0.201497,-0.096625],[0.201558,-0.096788],[0.201521,-0.097123],[0.201392,-0.097323],[0.201389,-0.097618],[0.201423,-0.097797],[0.201504,-0.097936],[0.201666,-0.09793],[0.201829,-0.097801],[0.202114,-0.097489],[0.202215,-0.097347],[0.2023,-0.097076],[0.202371,-0.096828],[0.202419,-0.096645],[0.202463,-0.09654],[0.202561,-0.096307],[0.20268,-0.096039],[0.202818,-0.095734],[0.202947,-0.095395],[0.203049,-0.095117],[0.203096,-0.094914],[0.203174,-0.094609],[0.203201,-0.094453]]]]}},{"type":"Feature","id":272,"properties":{"Clan":"Outer Blood","Name":null},"geometry":{"type":"MultiPolygon","coordinates":[[[[0.199338,-0.089074],[0.199224,-0.089407],[0.19918,-0.089538],[0.19919,-0.089785],[0.199139,-0.089912],[0.199074,-0.090063],[0.198887,-0.090416],[0.198751,-0.090634],[0.198569,-0.090962],[0.19891,-0.091105],[0.199448,-0.091386],[0.200002,-0.091857],[0.200457,-0.092188],[0.200705,-0.09237],[0.200962,-0.092494],[0.201135,-0.092734],[0.201342,-0.093082],[0.20151,-0.093256],[0.201517,-0.093213],[0.201618,-0.092784],[0.201896,-0.092148],[0.202381,-0.091229],[0.202436,-0.090962],[0.202518,-0.090792],[0.202436,-0.090694],[0.202325,-0.090489],[0.202049,-0.090221],[0.201828,-0.090024],[0.201639,-0.089708],[0.20167,-0.08944],[0.201781,-0.089188],[0.20186,-0.08892],[0.201952,-0.088534],[0.20195,-0.088537],[0.201817,-0.088511],[0.201453,-0.088364],[0.200766,-0.087823],[0.200331,-0.087446],[0.199918,-0.087149],[0.19977,-0.087069],[0.199765,-0.087342],[0.199771,-0.087796],[0.199771,-0.088134],[0.199725,-0.088367],[0.199619,-0.088675],[0.199351,-0.089052],[0.199338,-0.089074]]]]}},{"type":"Feature","id":273,"properties":{"Clan":"Outer Blood","Name":null},"geometry":{"type":"MultiPolygon","coordinates":[[[[0.187036,-0.095355],[0.18724,-0.095198],[0.187505,-0.094969],[0.187872,-0.094849],[0.188083,-0.094813],[0.188366,-0.094861],[0.188619,-0.094819],[0.188872,-0.094698],[0.189143,-0.094668],[0.189318,-0.094734],[0.189703,-0.094831],[0.190252,-0.094596],[0.190715,-0.094379],[0.191089,-0.094162],[0.191306,-0.094017],[0.191601,-0.093915],[0.191956,-0.09374],[0.192197,-0.093493],[0.192245,-0.093228],[0.192318,-0.092873],[0.192384,-0.09253],[0.19239,-0.09209],[0.192468,-0.091855],[0.19251,-0.091632],[0.192836,-0.090988],[0.192998,-0.090608],[0.192655,-0.090554],[0.192354,-0.09044],[0.191998,-0.090313],[0.191818,-0.090169],[0.191643,-0.089807],[0.19142,-0.08947],[0.191203,-0.089217],[0.191071,-0.089506],[0.190872,-0.089765],[0.190776,-0.089879],[0.190553,-0.089861],[0.190414,-0.089849],[0.190312,-0.089837],[0.190167,-0.089789],[0.190029,-0.089741],[0.18995,-0.089693],[0.18983,-0.089542],[0.189776,-0.089434],[0.189673,-0.08941],[0.189517,-0.08938],[0.189442,-0.089295],[0.18926,-0.089164],[0.189156,-0.089071],[0.189091,-0.08899],[0.188883,-0.088952],[0.188709,-0.088983],[0.188358,-0.08911],[0.188031,-0.089241],[0.187819,-0.089326],[0.187522,-0.089414],[0.187364,-0.089407],[0.187256,-0.089337],[0.187059,-0.089411],[0.186859,-0.089465],[0.186708,-0.089519],[0.186558,-0.089549],[0.186481,-0.089492],[0.186466,-0.089399],[0.186496,-0.089318],[0.18657,-0.08926],[0.186678,-0.089222],[0.186639,-0.089172],[0.186481,-0.089168],[0.186342,-0.089187],[0.186165,-0.089253],[0.186007,-0.089318],[0.185837,-0.089376],[0.185641,-0.089484],[0.185641,-0.089573],[0.185745,-0.089623],[0.185837,-0.089704],[0.185799,-0.090436],[0.185849,-0.090956],[0.185918,-0.091327],[0.185791,-0.091596],[0.185537,-0.091924],[0.18556,-0.092618],[0.18554,-0.093227],[0.185521,-0.093828],[0.185806,-0.094754],[0.186157,-0.095243],[0.18662,-0.095309],[0.187036,-0.095355]]]]}},{"type":"Feature","id":274,"properties":{"Clan":"Outer Blood","Name":null},"geometry":{"type":"MultiPolygon","coordinates":[[[[0.187024,-0.095365],[0.186417,-0.09528],[0.186157,-0.095243],[0.185806,-0.094754],[0.185521,-0.093828],[0.18554,-0.093227],[0.18556,-0.092618],[0.185537,-0.091924],[0.185791,-0.091596],[0.185918,-0.091327],[0.185849,-0.090956],[0.185799,-0.090436],[0.185837,-0.089704],[0.185745,-0.089623],[0.185641,-0.089573],[0.185641,-0.089484],[0.185451,-0.08953],[0.185094,-0.089719],[0.184858,-0.089822],[0.184557,-0.090039],[0.18436,-0.090246],[0.184303,-0.090396],[0.184303,-0.090566],[0.184237,-0.090669],[0.184124,-0.09081],[0.183889,-0.090933],[0.183626,-0.09113],[0.183475,-0.091403],[0.183456,-0.091836],[0.183541,-0.092354],[0.183579,-0.092787],[0.183541,-0.093304],[0.183456,-0.09385],[0.183493,-0.094517],[0.18356,-0.094674],[0.183566,-0.094921],[0.183626,-0.09518],[0.183746,-0.095361],[0.183855,-0.095547],[0.183903,-0.095644],[0.183963,-0.095836],[0.184024,-0.096144],[0.184024,-0.09627],[0.184156,-0.096469],[0.184283,-0.096686],[0.184493,-0.096993],[0.184548,-0.097192],[0.184529,-0.097493],[0.184505,-0.09789],[0.184403,-0.098174],[0.184331,-0.098288],[0.184252,-0.098493],[0.184156,-0.098704],[0.184054,-0.098872],[0.184066,-0.099047],[0.184132,-0.098963],[0.184264,-0.098842],[0.184469,-0.098673],[0.184794,-0.09842],[0.185139,-0.098108],[0.185371,-0.097931],[0.185956,-0.097509],[0.186084,-0.097289],[0.18619,-0.097072],[0.186264,-0.096778],[0.186358,-0.096616],[0.186486,-0.096413],[0.186607,-0.096139],[0.18672,-0.095957],[0.186841,-0.09572],[0.186918,-0.095557],[0.187024,-0.095365]]]]}},{"type":"Feature","id":275,"properties":{"Clan":"Outer Blood","Name":null},"geometry":{"type":"MultiPolygon","coordinates":[[[[0.192988,-0.090631],[0.192836,-0.090988],[0.19251,-0.091632],[0.192468,-0.091855],[0.19239,-0.09209],[0.192384,-0.09253],[0.192318,-0.092873],[0.192245,-0.093228],[0.192197,-0.093493],[0.191956,-0.09374],[0.191601,-0.093915],[0.191306,-0.094017],[0.191089,-0.094162],[0.190715,-0.094379],[0.190252,-0.094596],[0.189709,-0.094828],[0.189939,-0.095059],[0.190293,-0.095276],[0.190624,-0.0954],[0.190862,-0.095418],[0.191279,-0.09546],[0.191532,-0.095457],[0.191786,-0.095449],[0.192037,-0.095374],[0.192358,-0.095416],[0.192585,-0.095535],[0.192849,-0.095519],[0.193134,-0.095467],[0.193392,-0.095354],[0.193571,-0.095227],[0.193861,-0.095009],[0.194231,-0.094513],[0.194391,-0.094114],[0.194567,-0.093801],[0.194689,-0.093336],[0.194864,-0.092816],[0.194873,-0.092582],[0.194848,-0.0924],[0.194792,-0.091987],[0.194796,-0.091894],[0.194816,-0.091656],[0.194848,-0.091349],[0.194812,-0.091199],[0.194674,-0.09105],[0.19465,-0.090864],[0.194687,-0.090738],[0.194771,-0.090544],[0.194549,-0.090512],[0.194315,-0.090492],[0.194125,-0.090492],[0.193971,-0.090516],[0.193838,-0.090585],[0.193745,-0.090617],[0.193684,-0.090653],[0.193591,-0.09067],[0.193389,-0.090666],[0.193199,-0.090633],[0.193086,-0.090625],[0.192988,-0.090631]]]]}},{"type":"Feature","id":276,"properties":{"Clan":"Outer Blood","Name":null},"geometry":{"type":"MultiPolygon","coordinates":[[[[0.194775,-0.090544],[0.194907,-0.090237],[0.195059,-0.089892],[0.195124,-0.089582],[0.195092,-0.089305],[0.195052,-0.089099],[0.195078,-0.088871],[0.195156,-0.088627],[0.195209,-0.088539],[0.195389,-0.088371],[0.19543,-0.088255],[0.195414,-0.088205],[0.195263,-0.088113],[0.195185,-0.088173],[0.195107,-0.088265],[0.194951,-0.088263],[0.194817,-0.088155],[0.194547,-0.088028],[0.194325,-0.08784],[0.194073,-0.087555],[0.193981,-0.087361],[0.193751,-0.087155],[0.193585,-0.087091],[0.193446,-0.087056],[0.193258,-0.087006],[0.19293,-0.08696],[0.192904,-0.086964],[0.192609,-0.087102],[0.192305,-0.087257],[0.19223,-0.087323],[0.192153,-0.087451],[0.192098,-0.087712],[0.19208,-0.087959],[0.192091,-0.088178],[0.192093,-0.088337],[0.192016,-0.08846],[0.191955,-0.088561],[0.191777,-0.088743],[0.191684,-0.08886],[0.191306,-0.089337],[0.19142,-0.08947],[0.191643,-0.089807],[0.191818,-0.090169],[0.191998,-0.090313],[0.192354,-0.09044],[0.192655,-0.090554],[0.192998,-0.090608],[0.192988,-0.090631],[0.193086,-0.090625],[0.193199,-0.090633],[0.193389,-0.090666],[0.193591,-0.09067],[0.193684,-0.090653],[0.193745,-0.090617],[0.193838,-0.090585],[0.193971,-0.090516],[0.194125,-0.090492],[0.194315,-0.090492],[0.194549,-0.090512],[0.194696,-0.090533],[0.194775,-0.090544]]]]}},{"type":"Feature","id":277,"properties":{"Clan":"Outer Blood","Name":null},"geometry":{"type":"MultiPolygon","coordinates":[[[[0.194158,-0.129869],[0.194112,-0.129995],[0.194074,-0.13005],[0.194007,-0.130126],[0.19392,-0.130227],[0.193868,-0.13029],[0.193815,-0.130437],[0.1938,-0.130574],[0.193841,-0.130641],[0.193849,-0.130555],[0.193861,-0.130494],[0.193885,-0.130424],[0.193942,-0.13034],[0.194,-0.130273],[0.194097,-0.130184],[0.194305,-0.13001],[0.194438,-0.129852],[0.194564,-0.129682],[0.194939,-0.129297],[0.195067,-0.129084],[0.195217,-0.128914],[0.195305,-0.128806],[0.195378,-0.128648],[0.195452,-0.128527],[0.195559,-0.128365],[0.195623,-0.128291],[0.195641,-0.128249],[0.195667,-0.128162],[0.195682,-0.128074],[0.195711,-0.127824],[0.195753,-0.127668],[0.195806,-0.127555],[0.195888,-0.12739],[0.195938,-0.127306],[0.19601,-0.12723],[0.196067,-0.127136],[0.196128,-0.127028],[0.196195,-0.126831],[0.196281,-0.126681],[0.196311,-0.126614],[0.196325,-0.126557],[0.196334,-0.12637],[0.196327,-0.126237],[0.196342,-0.126063],[0.196353,-0.125945],[0.196384,-0.125743],[0.196435,-0.125581],[0.196473,-0.125432],[0.196519,-0.125249],[0.196525,-0.125074],[0.19654,-0.124765],[0.196527,-0.124699],[0.196462,-0.124579],[0.196439,-0.124533],[0.196487,-0.124495],[0.19646,-0.124337],[0.196462,-0.124091],[0.196481,-0.123912],[0.196513,-0.123643],[0.196502,-0.123233],[0.1965,-0.122696],[0.196504,-0.122202],[0.196548,-0.122084],[0.196586,-0.121703],[0.196693,-0.121447],[0.196744,-0.121325],[0.197053,-0.120801],[0.19715,-0.120546],[0.197281,-0.120229],[0.197299,-0.120048],[0.197351,-0.119778],[0.19736,-0.119526],[0.19735,-0.119345],[0.197257,-0.119355],[0.197154,-0.119412],[0.197032,-0.119496],[0.196872,-0.119576],[0.196727,-0.119658],[0.196571,-0.119728],[0.196466,-0.119791],[0.19634,-0.119948],[0.196222,-0.120142],[0.196092,-0.120323],[0.195919,-0.120434],[0.195742,-0.120536],[0.195433,-0.120719],[0.195088,-0.120843],[0.194855,-0.120975],[0.194617,-0.121074],[0.194346,-0.121301],[0.194179,-0.121449],[0.193981,-0.121653],[0.193801,-0.121933],[0.193685,-0.122135],[0.193609,-0.122396],[0.193554,-0.122595],[0.193506,-0.122797],[0.193765,-0.123145],[0.193916,-0.123368],[0.193977,-0.123542],[0.193893,-0.123816],[0.193758,-0.123988],[0.193649,-0.124196],[0.193597,-0.124426],[0.193571,-0.124594],[0.193611,-0.124823],[0.193605,-0.125032],[0.193674,-0.125377],[0.193763,-0.125783],[0.19383,-0.126183],[0.193836,-0.126808],[0.193784,-0.127138],[0.193786,-0.127401],[0.193803,-0.127637],[0.193853,-0.127883],[0.193965,-0.128377],[0.194066,-0.128699],[0.194158,-0.128954],[0.194179,-0.129128],[0.194255,-0.12936],[0.194247,-0.12956],[0.194211,-0.129768],[0.194158,-0.129869]]]]}},{"type":"Feature","id":278,"properties":{"Clan":"Outer Blood","Name":null},"geometry":{"type":"MultiPolygon","coordinates":[[[[0.197351,-0.119342],[0.197343,-0.119185],[0.19731,-0.119045],[0.197292,-0.118876],[0.197307,-0.118756],[0.19733,-0.118703],[0.197345,-0.118557],[0.19735,-0.118467],[0.197382,-0.118386],[0.197409,-0.118306],[0.197443,-0.118203],[0.197452,-0.118131],[0.197495,-0.117976],[0.197521,-0.117831],[0.19754,-0.117748],[0.197593,-0.117571],[0.197605,-0.117496],[0.197612,-0.117391],[0.197642,-0.117215],[0.19764,-0.117008],[0.197623,-0.116732],[0.197545,-0.116478],[0.19747,-0.116386],[0.197337,-0.116191],[0.197227,-0.11603],[0.19722,-0.115933],[0.197224,-0.115641],[0.197245,-0.115491],[0.197309,-0.115346],[0.197348,-0.115208],[0.197367,-0.115128],[0.19737,-0.114828],[0.197377,-0.114414],[0.197383,-0.114078],[0.197481,-0.11372],[0.19762,-0.113474],[0.197699,-0.113371],[0.197453,-0.11325],[0.19729,-0.113218],[0.197109,-0.113171],[0.196829,-0.113008],[0.196583,-0.112841],[0.195969,-0.112552],[0.195382,-0.112157],[0.19495,-0.111803],[0.194559,-0.111352],[0.194326,-0.11117],[0.194187,-0.111049],[0.194042,-0.110891],[0.193907,-0.110635],[0.193782,-0.1105],[0.193605,-0.110375],[0.193451,-0.110328],[0.193382,-0.110431],[0.193326,-0.110566],[0.193316,-0.110621],[0.193265,-0.110705],[0.193247,-0.11078],[0.193237,-0.110868],[0.193214,-0.110924],[0.193168,-0.111035],[0.19313,-0.111091],[0.193084,-0.111175],[0.192995,-0.111236],[0.192874,-0.111273],[0.192749,-0.111329],[0.192665,-0.11137],[0.192539,-0.111389],[0.192414,-0.11144],[0.192293,-0.111468],[0.192186,-0.111501],[0.191964,-0.11157],[0.191821,-0.111606],[0.191753,-0.111623],[0.191608,-0.111631],[0.191356,-0.111634],[0.191208,-0.111659],[0.191025,-0.111716],[0.190788,-0.111817],[0.190655,-0.111846],[0.190607,-0.111985],[0.19048,-0.112292],[0.19038,-0.112509],[0.190337,-0.112848],[0.190346,-0.113024],[0.190358,-0.113268],[0.190411,-0.113498],[0.190474,-0.113723],[0.190491,-0.113899],[0.190588,-0.114211],[0.190722,-0.114625],[0.190779,-0.11479],[0.190798,-0.114989],[0.190878,-0.115076],[0.191038,-0.115362],[0.191107,-0.11564],[0.191198,-0.115801],[0.19128,-0.116023],[0.191389,-0.116325],[0.191551,-0.116736],[0.191779,-0.117236],[0.191928,-0.117398],[0.191999,-0.11755],[0.192136,-0.117784],[0.192359,-0.11799],[0.192534,-0.118208],[0.192826,-0.118459],[0.192875,-0.118615],[0.192925,-0.118789],[0.192984,-0.119065],[0.193028,-0.119359],[0.193132,-0.11969],[0.193136,-0.119829],[0.193148,-0.120077],[0.193184,-0.120334],[0.193176,-0.12055],[0.193165,-0.1207],[0.193188,-0.120973],[0.193152,-0.121135],[0.193081,-0.121299],[0.193058,-0.121628],[0.193051,-0.122025],[0.193049,-0.122524],[0.193024,-0.122574],[0.193011,-0.122608],[0.193022,-0.122644],[0.19303,-0.12265],[0.19307,-0.122618],[0.193104,-0.122616],[0.193157,-0.122644],[0.193306,-0.122726],[0.193449,-0.122795],[0.19351,-0.122802],[0.193506,-0.122797],[0.193554,-0.122595],[0.193609,-0.122396],[0.193685,-0.122135],[0.193801,-0.121933],[0.193981,-0.121653],[0.194179,-0.121449],[0.194346,-0.121301],[0.194617,-0.121074],[0.194855,-0.120975],[0.195088,-0.120843],[0.195433,-0.120719],[0.195742,-0.120536],[0.195919,-0.120434],[0.196092,-0.120323],[0.196222,-0.120142],[0.19634,-0.119948],[0.196466,-0.119791],[0.196571,-0.119728],[0.196727,-0.119658],[0.196872,-0.119576],[0.197032,-0.119496],[0.197154,-0.119412],[0.197246,-0.119361],[0.197351,-0.119342]]]]}},{"type":"Feature","id":279,"properties":{"Clan":"Outer Blood","Name":null},"geometry":{"type":"MultiPolygon","coordinates":[[[[0.197694,-0.11336],[0.197761,-0.113205],[0.197965,-0.113013],[0.19826,-0.112613],[0.198497,-0.112252],[0.198622,-0.112009],[0.198938,-0.111494],[0.199315,-0.111044],[0.199455,-0.11087],[0.199688,-0.110681],[0.199846,-0.110604],[0.199979,-0.110521],[0.200246,-0.110334],[0.200419,-0.110215],[0.200568,-0.110102],[0.200659,-0.110012],[0.200738,-0.109923],[0.200849,-0.109793],[0.200945,-0.109718],[0.201213,-0.109471],[0.201431,-0.109311],[0.201693,-0.108995],[0.202012,-0.10859],[0.202158,-0.108333],[0.202256,-0.108179],[0.202313,-0.108122],[0.202396,-0.108111],[0.202611,-0.10772],[0.202885,-0.107342],[0.203063,-0.107101],[0.20326,-0.106731],[0.203504,-0.106201],[0.203713,-0.105778],[0.203894,-0.105388],[0.204136,-0.104965],[0.204216,-0.104778],[0.204234,-0.104617],[0.204118,-0.104563],[0.203993,-0.10453],[0.203883,-0.104519],[0.20365,-0.104441],[0.203341,-0.104262],[0.202977,-0.104117],[0.202751,-0.104],[0.202456,-0.103881],[0.202129,-0.103762],[0.201709,-0.103512],[0.201322,-0.103226],[0.201036,-0.103074],[0.200836,-0.102934],[0.200798,-0.102723],[0.200634,-0.102613],[0.200443,-0.102565],[0.200193,-0.102526],[0.199848,-0.102461],[0.19966,-0.102425],[0.199425,-0.102422],[0.199222,-0.102422],[0.198954,-0.102383],[0.198633,-0.102363],[0.198409,-0.102243],[0.198228,-0.102226],[0.198064,-0.102154],[0.197867,-0.102074],[0.197766,-0.102071],[0.197787,-0.10224],[0.197778,-0.10241],[0.197736,-0.10255],[0.197686,-0.102693],[0.197602,-0.102821],[0.197567,-0.103018],[0.197578,-0.10311],[0.197492,-0.103298],[0.197337,-0.103378],[0.197132,-0.103539],[0.197004,-0.103581],[0.196897,-0.10364],[0.196623,-0.103774],[0.196447,-0.103854],[0.196256,-0.103926],[0.196122,-0.104006],[0.196033,-0.104033],[0.195857,-0.104108],[0.195682,-0.104227],[0.195571,-0.104316],[0.195423,-0.104527],[0.195342,-0.104718],[0.195286,-0.10487],[0.195268,-0.104977],[0.195244,-0.105072],[0.195223,-0.105212],[0.195181,-0.10551],[0.195128,-0.105698],[0.195119,-0.105823],[0.195152,-0.105972],[0.195259,-0.106195],[0.195262,-0.106398],[0.195262,-0.106588],[0.195265,-0.106731],[0.1953,-0.106868],[0.195333,-0.106966],[0.19539,-0.107154],[0.195464,-0.107336],[0.195497,-0.107449],[0.195571,-0.107711],[0.195643,-0.107845],[0.195759,-0.107991],[0.195795,-0.108074],[0.195816,-0.108184],[0.195851,-0.108333],[0.195869,-0.108411],[0.195932,-0.108574],[0.195959,-0.108693],[0.195982,-0.108938],[0.195973,-0.109128],[0.19597,-0.109509],[0.19592,-0.109736],[0.195854,-0.10987],[0.195839,-0.110069],[0.195825,-0.110248],[0.195756,-0.110456],[0.195649,-0.110623],[0.195476,-0.110864],[0.195303,-0.111034],[0.195166,-0.111168],[0.195021,-0.111302],[0.194907,-0.111439],[0.194797,-0.111627],[0.19495,-0.111803],[0.195382,-0.112157],[0.195969,-0.112552],[0.196583,-0.112841],[0.196829,-0.113008],[0.197109,-0.113171],[0.19729,-0.113218],[0.197453,-0.11325],[0.197528,-0.113287],[0.197694,-0.11336]]]]}},{"type":"Feature","id":280,"properties":{"Clan":"Outer Blood","Name":null},"geometry":{"type":"MultiPolygon","coordinates":[[[[0.190698,-0.111828],[0.190846,-0.111793],[0.191025,-0.111716],[0.191208,-0.111659],[0.191356,-0.111634],[0.191608,-0.111631],[0.191753,-0.111623],[0.191821,-0.111606],[0.191964,-0.11157],[0.192186,-0.111501],[0.192293,-0.111468],[0.192414,-0.11144],[0.192539,-0.111389],[0.192665,-0.11137],[0.192749,-0.111329],[0.192874,-0.111273],[0.192995,-0.111236],[0.193084,-0.111175],[0.19313,-0.111091],[0.193168,-0.111035],[0.193214,-0.110924],[0.193237,-0.110868],[0.193247,-0.11078],[0.193265,-0.110705],[0.193316,-0.110621],[0.193326,-0.110566],[0.193382,-0.110431],[0.193389,-0.11042],[0.193452,-0.110266],[0.193475,-0.109971],[0.193463,-0.109596],[0.193418,-0.109335],[0.193327,-0.109131],[0.193123,-0.108812],[0.192918,-0.108608],[0.192771,-0.108381],[0.192748,-0.108176],[0.192748,-0.107938],[0.192824,-0.107168],[0.192861,-0.106623],[0.192693,-0.106514],[0.192439,-0.106681],[0.192269,-0.10682],[0.192165,-0.106877],[0.192034,-0.106972],[0.191802,-0.107079],[0.191641,-0.10713],[0.191534,-0.107178],[0.19142,-0.107196],[0.191394,-0.107154],[0.191385,-0.106981],[0.191408,-0.106776],[0.191361,-0.106716],[0.191234,-0.106595],[0.191149,-0.106449],[0.191126,-0.106392],[0.191051,-0.106283],[0.190996,-0.106243],[0.190889,-0.106188],[0.190836,-0.106174],[0.190762,-0.106174],[0.190691,-0.106169],[0.190653,-0.106142],[0.190573,-0.106123],[0.19048,-0.106119],[0.190438,-0.106117],[0.190394,-0.106155],[0.190358,-0.10623],[0.190337,-0.106403],[0.19034,-0.106624],[0.190344,-0.106767],[0.190396,-0.106826],[0.190462,-0.106969],[0.190583,-0.107142],[0.190714,-0.107318],[0.190748,-0.107632],[0.190724,-0.107787],[0.190674,-0.107924],[0.190649,-0.108036],[0.190651,-0.10813],[0.190664,-0.108217],[0.190754,-0.108391],[0.190792,-0.108532],[0.190874,-0.108684],[0.190985,-0.108879],[0.191124,-0.109117],[0.191234,-0.109332],[0.191309,-0.109569],[0.191379,-0.109793],[0.191404,-0.109965],[0.191389,-0.110144],[0.191331,-0.110304],[0.19123,-0.110464],[0.191133,-0.110748],[0.191103,-0.110897],[0.191088,-0.111013],[0.191025,-0.11111],[0.19091,-0.111309],[0.190728,-0.111681],[0.190698,-0.111828]]]]}},{"type":"Feature","id":281,"properties":{"Clan":"Outer Blood","Name":null},"geometry":{"type":"MultiPolygon","coordinates":[[[[0.192771,-0.10655],[0.192861,-0.106623],[0.192824,-0.107168],[0.192748,-0.107938],[0.192748,-0.108176],[0.192771,-0.108381],[0.192918,-0.108608],[0.193123,-0.108812],[0.193327,-0.109131],[0.193418,-0.109335],[0.193463,-0.109596],[0.193475,-0.109971],[0.193452,-0.110266],[0.193389,-0.11042],[0.193451,-0.110328],[0.193605,-0.110375],[0.193782,-0.1105],[0.193907,-0.110635],[0.194042,-0.110891],[0.194187,-0.111049],[0.194326,-0.11117],[0.194559,-0.111352],[0.194797,-0.111627],[0.194907,-0.111439],[0.195021,-0.111302],[0.195166,-0.111168],[0.195303,-0.111034],[0.195476,-0.110864],[0.195649,-0.110623],[0.195756,-0.110456],[0.195825,-0.110248],[0.195839,-0.110069],[0.195854,-0.10987],[0.19592,-0.109736],[0.19597,-0.109509],[0.195973,-0.109128],[0.195982,-0.108938],[0.195959,-0.108693],[0.195932,-0.108574],[0.195869,-0.108411],[0.195851,-0.108333],[0.195816,-0.108184],[0.195795,-0.108074],[0.195759,-0.107991],[0.195643,-0.107845],[0.195571,-0.107711],[0.195497,-0.107449],[0.195464,-0.107336],[0.19539,-0.107154],[0.195333,-0.106966],[0.1953,-0.106868],[0.195265,-0.106731],[0.195262,-0.106588],[0.195262,-0.106398],[0.195259,-0.106195],[0.195152,-0.105972],[0.195119,-0.105823],[0.195128,-0.105698],[0.195181,-0.10551],[0.195223,-0.105212],[0.195244,-0.105072],[0.195268,-0.104977],[0.195286,-0.10487],[0.195342,-0.104718],[0.195423,-0.104527],[0.195079,-0.104687],[0.194894,-0.104898],[0.194753,-0.105032],[0.194552,-0.105232],[0.194365,-0.105399],[0.194153,-0.105494],[0.193912,-0.105611],[0.193674,-0.105765],[0.193363,-0.106004],[0.193136,-0.106192],[0.193004,-0.106298],[0.192878,-0.106381],[0.192771,-0.10655]]]]}},{"type":"Feature","id":282,"properties":{"Clan":"Outer Blood","Name":null},"geometry":{"type":"MultiPolygon","coordinates":[[[[0.192529,-0.106614],[0.192942,-0.106339],[0.193004,-0.106298],[0.193136,-0.106192],[0.193363,-0.106004],[0.193674,-0.105765],[0.193912,-0.105611],[0.194153,-0.105494],[0.194365,-0.105399],[0.194552,-0.105232],[0.194753,-0.105032],[0.194894,-0.104898],[0.195079,-0.104687],[0.195423,-0.104527],[0.195571,-0.104316],[0.195682,-0.104227],[0.195857,-0.104108],[0.196033,-0.104033],[0.196122,-0.104006],[0.196256,-0.103926],[0.196447,-0.103854],[0.196623,-0.103774],[0.196897,-0.10364],[0.197004,-0.103581],[0.197132,-0.103539],[0.197337,-0.103378],[0.197492,-0.103298],[0.197578,-0.10311],[0.197567,-0.103018],[0.197602,-0.102821],[0.197686,-0.102693],[0.197736,-0.10255],[0.197778,-0.10241],[0.197787,-0.10224],[0.197766,-0.102071],[0.197666,-0.101994],[0.19754,-0.101916],[0.19728,-0.101691],[0.197024,-0.101554],[0.196861,-0.10142],[0.196718,-0.101276],[0.196525,-0.101047],[0.196458,-0.100936],[0.196371,-0.100849],[0.196265,-0.100771],[0.196187,-0.100715],[0.196109,-0.100598],[0.196054,-0.100552],[0.195935,-0.100472],[0.195829,-0.100422],[0.195753,-0.100377],[0.195549,-0.100251],[0.195324,-0.100186],[0.195191,-0.100231],[0.19502,-0.100396],[0.194875,-0.100559],[0.194658,-0.100747],[0.194474,-0.100871],[0.194209,-0.100992],[0.193752,-0.101207],[0.19355,-0.101309],[0.193259,-0.101526],[0.193062,-0.101678],[0.192882,-0.101868],[0.192752,-0.102113],[0.192657,-0.102337],[0.192605,-0.102439],[0.192524,-0.102532],[0.192359,-0.102608],[0.192175,-0.102679],[0.191707,-0.102883],[0.191325,-0.103016],[0.191063,-0.103172],[0.191228,-0.103399],[0.191431,-0.103555],[0.191503,-0.10379],[0.19157,-0.10408],[0.191581,-0.104475],[0.191706,-0.104919],[0.191881,-0.105127],[0.192035,-0.105236],[0.192154,-0.105466],[0.192246,-0.105849],[0.192237,-0.106304],[0.192397,-0.10655],[0.192529,-0.106614]]]]}},{"type":"Feature","id":283,"properties":{"Clan":"Outer Blood","Name":null},"geometry":{"type":"MultiPolygon","coordinates":[[[[0.191052,-0.103185],[0.191181,-0.103102],[0.191325,-0.103016],[0.191707,-0.102883],[0.192175,-0.102679],[0.192359,-0.102608],[0.192524,-0.102532],[0.192605,-0.102439],[0.192657,-0.102337],[0.192752,-0.102113],[0.192882,-0.101868],[0.193062,-0.101678],[0.193259,-0.101526],[0.19355,-0.101309],[0.193752,-0.101207],[0.194209,-0.100992],[0.194474,-0.100871],[0.194658,-0.100747],[0.194875,-0.100559],[0.19502,-0.100396],[0.195191,-0.100231],[0.195222,-0.100221],[0.195365,-0.10001],[0.195426,-0.099935],[0.195531,-0.099864],[0.195636,-0.099759],[0.195727,-0.099654],[0.195808,-0.099573],[0.195903,-0.099478],[0.195988,-0.09941],[0.196063,-0.099312],[0.196137,-0.099275],[0.196306,-0.09922],[0.196432,-0.099139],[0.196547,-0.099098],[0.196727,-0.099017],[0.19694,-0.098892],[0.196855,-0.098892],[0.196713,-0.098892],[0.196574,-0.098756],[0.196527,-0.098675],[0.196486,-0.098468],[0.196435,-0.098401],[0.19631,-0.098302],[0.196218,-0.098153],[0.195991,-0.097947],[0.195907,-0.097858],[0.195822,-0.097811],[0.19572,-0.097747],[0.195629,-0.097669],[0.195568,-0.097601],[0.195463,-0.09756],[0.195327,-0.097476],[0.195219,-0.097381],[0.1951,-0.097327],[0.194992,-0.097293],[0.194863,-0.097269],[0.194633,-0.097279],[0.19424,-0.097421],[0.193698,-0.097625],[0.193464,-0.09773],[0.193274,-0.09775],[0.193135,-0.097679],[0.192827,-0.097665],[0.192705,-0.097645],[0.192427,-0.097587],[0.192166,-0.097557],[0.191722,-0.09755],[0.191299,-0.09757],[0.191055,-0.097608],[0.190875,-0.097699],[0.190736,-0.097913],[0.190659,-0.097994],[0.190442,-0.098106],[0.190276,-0.09818],[0.190093,-0.098255],[0.189659,-0.09838],[0.189456,-0.098411],[0.18929,-0.098401],[0.189056,-0.098397],[0.18887,-0.098387],[0.188687,-0.098397],[0.188419,-0.098468],[0.188199,-0.098577],[0.188097,-0.098634],[0.187962,-0.098712],[0.187863,-0.098729],[0.187772,-0.098756],[0.187782,-0.098824],[0.187914,-0.098899],[0.187941,-0.099014],[0.187985,-0.099109],[0.188128,-0.09919],[0.188338,-0.099298],[0.188534,-0.099454],[0.188687,-0.099586],[0.188771,-0.099593],[0.1889,-0.099651],[0.18907,-0.099607],[0.18929,-0.099603],[0.189412,-0.099691],[0.18954,-0.099885],[0.189812,-0.100291],[0.190042,-0.100477],[0.190079,-0.10062],[0.190072,-0.100887],[0.190093,-0.10103],[0.190089,-0.10128],[0.190028,-0.101396],[0.189957,-0.101501],[0.189872,-0.101619],[0.189903,-0.10186],[0.190079,-0.10206],[0.190479,-0.102497],[0.190659,-0.102781],[0.190777,-0.103076],[0.190916,-0.103157],[0.191052,-0.103185]]]]}},{"type":"Feature","id":284,"properties":{"Clan":"Outer Blood","Name":null},"geometry":{"type":"MultiPolygon","coordinates":[[[[0.196943,-0.098898],[0.196659,-0.099048],[0.196547,-0.099098],[0.196432,-0.099139],[0.196306,-0.09922],[0.196137,-0.099275],[0.196063,-0.099312],[0.195988,-0.09941],[0.195903,-0.099478],[0.195808,-0.099573],[0.195727,-0.099654],[0.195636,-0.099759],[0.195531,-0.099864],[0.195426,-0.099935],[0.195365,-0.10001],[0.195222,-0.100221],[0.195324,-0.100186],[0.195549,-0.100251],[0.195753,-0.100377],[0.195829,-0.100422],[0.195935,-0.100472],[0.196054,-0.100552],[0.196109,-0.100598],[0.196187,-0.100715],[0.196265,-0.100771],[0.196371,-0.100849],[0.196458,-0.100936],[0.196525,-0.101047],[0.196718,-0.101276],[0.196861,-0.10142],[0.197024,-0.101554],[0.19728,-0.101691],[0.19754,-0.101916],[0.197666,-0.101994],[0.197766,-0.102071],[0.197766,-0.102071],[0.197867,-0.102074],[0.198064,-0.102154],[0.198228,-0.102226],[0.198409,-0.102243],[0.198633,-0.102363],[0.198954,-0.102383],[0.199222,-0.102422],[0.199425,-0.102422],[0.19966,-0.102425],[0.199848,-0.102461],[0.200193,-0.102526],[0.200443,-0.102565],[0.200634,-0.102613],[0.200798,-0.102723],[0.200836,-0.102934],[0.201036,-0.103074],[0.201322,-0.103226],[0.201709,-0.103512],[0.202129,-0.103762],[0.202277,-0.103816],[0.202485,-0.103893],[0.202751,-0.104],[0.202977,-0.104117],[0.203341,-0.104262],[0.20365,-0.104441],[0.203883,-0.104519],[0.203993,-0.10453],[0.204118,-0.104563],[0.204213,-0.104607],[0.204238,-0.104579],[0.204266,-0.104536],[0.204312,-0.104434],[0.20445,-0.104232],[0.204773,-0.103729],[0.204858,-0.103516],[0.204936,-0.103373],[0.205021,-0.103226],[0.205077,-0.103109],[0.205179,-0.102996],[0.205151,-0.102523],[0.205151,-0.10246],[0.205075,-0.101955],[0.205055,-0.101897],[0.205008,-0.101665],[0.204999,-0.101591],[0.204956,-0.101474],[0.204934,-0.101396],[0.204947,-0.101064],[0.204934,-0.101012],[0.204914,-0.100934],[0.204912,-0.100786],[0.204912,-0.100661],[0.20494,-0.100485],[0.204962,-0.100398],[0.204977,-0.100275],[0.204966,-0.100155],[0.204966,-0.100043],[0.204936,-0.099783],[0.204915,-0.099463],[0.204899,-0.099381],[0.204829,-0.09927],[0.204758,-0.099189],[0.204701,-0.099079],[0.20467,-0.098968],[0.204651,-0.098882],[0.204615,-0.098728],[0.204594,-0.098642],[0.204562,-0.09862],[0.204525,-0.098652],[0.204496,-0.098739],[0.204462,-0.098816],[0.204422,-0.0989],[0.204361,-0.098955],[0.2043,-0.099064],[0.204243,-0.099116],[0.204128,-0.099272],[0.204053,-0.099388],[0.203981,-0.099521],[0.203823,-0.099682],[0.203556,-0.099969],[0.20333,-0.100161],[0.202965,-0.100388],[0.202723,-0.100462],[0.202592,-0.100483],[0.202424,-0.100467],[0.202318,-0.100431],[0.202139,-0.100274],[0.202079,-0.100177],[0.201807,-0.099868],[0.201609,-0.099732],[0.201426,-0.099574],[0.201284,-0.09945],[0.201127,-0.099428],[0.200932,-0.099401],[0.2008,-0.099439],[0.200713,-0.09944],[0.200629,-0.099413],[0.200514,-0.099379],[0.200274,-0.099383],[0.200189,-0.099361],[0.200076,-0.099307],[0.19994,-0.099265],[0.199854,-0.099232],[0.19974,-0.099161],[0.199586,-0.099147],[0.199468,-0.099192],[0.199351,-0.099263],[0.199183,-0.099288],[0.198978,-0.099289],[0.198827,-0.099278],[0.198684,-0.099283],[0.198559,-0.099245],[0.198407,-0.099231],[0.198291,-0.09922],[0.197968,-0.099113],[0.197819,-0.099089],[0.197668,-0.099056],[0.197554,-0.099034],[0.197371,-0.098991],[0.197183,-0.098943],[0.197057,-0.09891],[0.196943,-0.098898]]]]}},{"type":"Feature","id":285,"properties":{"Clan":"Outer Blood","Name":null},"geometry":{"type":"MultiPolygon","coordinates":[[[[0.183376,-0.103181],[0.183409,-0.103512],[0.183517,-0.103868],[0.183641,-0.104058],[0.183814,-0.104182],[0.183947,-0.104273],[0.18417,-0.104521],[0.184286,-0.104654],[0.18441,-0.104869],[0.184443,-0.105059],[0.184493,-0.105125],[0.184551,-0.104993],[0.184617,-0.104803],[0.184691,-0.104654],[0.184881,-0.104505],[0.18508,-0.104373],[0.185237,-0.104141],[0.18527,-0.103967],[0.185229,-0.103777],[0.185204,-0.103661],[0.185105,-0.103488],[0.185047,-0.103363],[0.184997,-0.103165],[0.184964,-0.102909],[0.18484,-0.102545],[0.184782,-0.102396],[0.184551,-0.102205],[0.18436,-0.102098],[0.184137,-0.102023],[0.183905,-0.101999],[0.183641,-0.101999],[0.183426,-0.102065],[0.183293,-0.102205],[0.183277,-0.102338],[0.183194,-0.102561],[0.183202,-0.102702],[0.18326,-0.102784],[0.183318,-0.102917],[0.183376,-0.103181]]]]}},{"type":"Feature","id":286,"properties":{"Clan":"Outer Blood","Name":null},"geometry":{"type":"MultiPolygon","coordinates":[[[[0.175807,-0.106021],[0.175814,-0.106142],[0.175898,-0.106287],[0.176013,-0.106389],[0.176145,-0.106522],[0.176235,-0.106666],[0.176272,-0.106925],[0.176278,-0.107172],[0.176386,-0.107239],[0.176531,-0.107323],[0.176675,-0.107461],[0.176735,-0.107528],[0.176826,-0.107642],[0.176836,-0.107822],[0.176867,-0.108095],[0.176929,-0.108253],[0.177033,-0.10835],[0.177102,-0.108458],[0.177229,-0.108485],[0.177337,-0.108558],[0.177441,-0.108747],[0.177518,-0.108924],[0.177665,-0.109206],[0.177773,-0.109263],[0.177869,-0.109375],[0.178008,-0.109414],[0.178104,-0.109433],[0.178181,-0.109425],[0.178366,-0.109298],[0.178436,-0.109263],[0.178609,-0.109256],[0.178694,-0.109306],[0.178775,-0.109452],[0.178841,-0.109591],[0.178976,-0.109749],[0.179091,-0.109815],[0.17918,-0.109815],[0.17933,-0.109703],[0.179523,-0.10966],[0.179577,-0.109637],[0.179716,-0.109545],[0.179789,-0.109483],[0.179851,-0.109367],[0.179905,-0.109244],[0.179947,-0.109071],[0.179897,-0.108781],[0.179862,-0.108589],[0.179739,-0.108415],[0.179731,-0.108226],[0.179804,-0.108161],[0.179951,-0.107922],[0.180236,-0.107428],[0.180275,-0.107159],[0.18029,-0.106993],[0.180282,-0.106804],[0.180286,-0.106692],[0.180275,-0.106534],[0.180383,-0.105998],[0.180329,-0.105929],[0.180267,-0.105829],[0.180255,-0.105732],[0.180244,-0.105593],[0.180194,-0.105435],[0.180078,-0.105173],[0.179943,-0.105112],[0.17977,-0.105073],[0.1797,-0.10505],[0.1796,-0.104969],[0.179515,-0.104869],[0.179427,-0.104703],[0.179369,-0.104607],[0.179334,-0.104491],[0.179295,-0.104422],[0.179099,-0.104398],[0.17874,-0.104348],[0.178513,-0.104314],[0.178193,-0.104348],[0.177834,-0.104433],[0.177634,-0.104452],[0.177403,-0.104499],[0.177148,-0.104506],[0.177017,-0.104634],[0.176925,-0.10478],[0.176913,-0.105046],[0.176778,-0.10537],[0.176663,-0.105482],[0.176481,-0.105563],[0.1763,-0.105651],[0.176073,-0.105779],[0.175853,-0.105902],[0.175807,-0.106021]]]]}},{"type":"Feature","id":287,"properties":{"Clan":"Outer Blood","Name":null},"geometry":{"type":"MultiPolygon","coordinates":[[[[0.184358,-0.119458],[0.184437,-0.119168],[0.184533,-0.118721],[0.184678,-0.118173],[0.184761,-0.11801],[0.184981,-0.117918],[0.185248,-0.117782],[0.185682,-0.117572],[0.186262,-0.117155],[0.186618,-0.117011],[0.186913,-0.116874],[0.187283,-0.11673],[0.187592,-0.116654],[0.187784,-0.116668],[0.187838,-0.116483],[0.187955,-0.115969],[0.187934,-0.115346],[0.187893,-0.114955],[0.187784,-0.114845],[0.187653,-0.114852],[0.187482,-0.114989],[0.187345,-0.115044],[0.187208,-0.115003],[0.18705,-0.114886],[0.186879,-0.11477],[0.18666,-0.114619],[0.186331,-0.114557],[0.186043,-0.11453],[0.185796,-0.11453],[0.184946,-0.114681],[0.184672,-0.114749],[0.184467,-0.114852],[0.184336,-0.114989],[0.184186,-0.11516],[0.184049,-0.115332],[0.183959,-0.115489],[0.18387,-0.11577],[0.183761,-0.115997],[0.183603,-0.116401],[0.183425,-0.116702],[0.183267,-0.117045],[0.183192,-0.117333],[0.183192,-0.117552],[0.183171,-0.117833],[0.183267,-0.11808],[0.183514,-0.118525],[0.18374,-0.118704],[0.184069,-0.119087],[0.184358,-0.119458]]]]}},{"type":"Feature","id":288,"properties":{"Clan":"Outer Blood","Name":null},"geometry":{"type":"MultiPolygon","coordinates":[[[[0.184356,-0.119449],[0.184443,-0.119508],[0.184606,-0.119659],[0.184895,-0.11985],[0.185277,-0.120105],[0.185586,-0.120473],[0.185807,-0.120869],[0.185984,-0.121298],[0.185996,-0.12161],[0.185965,-0.122054],[0.186436,-0.121767],[0.186745,-0.121593],[0.186978,-0.121338],[0.187189,-0.121138],[0.187413,-0.120796],[0.187669,-0.120602],[0.187966,-0.120361],[0.18825,-0.120187],[0.188455,-0.11992],[0.188671,-0.119634],[0.188749,-0.119491],[0.188794,-0.119305],[0.188836,-0.119227],[0.18892,-0.119272],[0.18901,-0.119395],[0.189075,-0.119513],[0.189167,-0.119665],[0.189226,-0.119687],[0.189269,-0.119541],[0.189243,-0.119401],[0.189139,-0.119123],[0.189027,-0.118969],[0.188769,-0.118592],[0.188481,-0.118221],[0.188349,-0.118067],[0.188279,-0.117896],[0.188182,-0.117585],[0.188068,-0.11733],[0.187941,-0.116883],[0.187845,-0.116738],[0.187727,-0.116664],[0.187592,-0.116654],[0.187283,-0.11673],[0.186913,-0.116874],[0.186618,-0.117011],[0.186262,-0.117155],[0.185682,-0.117572],[0.185248,-0.117782],[0.184981,-0.117918],[0.184761,-0.11801],[0.184678,-0.118173],[0.184533,-0.118721],[0.184437,-0.119168],[0.184381,-0.119373],[0.184356,-0.119449]]]]}},{"type":"Feature","id":289,"properties":{"Clan":"Outer Blood","Name":null},"geometry":{"type":"MultiPolygon","coordinates":[[[[0.184588,-0.113322],[0.184407,-0.113329],[0.183808,-0.113344],[0.183624,-0.113303],[0.183497,-0.113252],[0.183305,-0.113019],[0.183252,-0.112808],[0.183248,-0.112596],[0.183144,-0.112432],[0.182984,-0.112309],[0.1829,-0.112262],[0.182776,-0.112107],[0.182749,-0.111987],[0.182737,-0.11186],[0.182698,-0.111817],[0.182608,-0.111866],[0.182557,-0.111956],[0.182514,-0.112091],[0.182492,-0.112215],[0.182434,-0.11242],[0.182316,-0.112563],[0.182242,-0.112675],[0.182173,-0.112728],[0.182109,-0.112743],[0.181962,-0.112812],[0.181797,-0.1129],[0.181743,-0.112945],[0.18166,-0.113025],[0.181557,-0.11319],[0.181469,-0.113254],[0.181296,-0.113317],[0.181169,-0.113344],[0.181091,-0.113282],[0.180936,-0.113133],[0.180775,-0.112984],[0.180719,-0.112923],[0.180386,-0.112755],[0.180235,-0.112659],[0.180035,-0.112598],[0.179761,-0.112545],[0.17963,-0.112489],[0.179562,-0.112393],[0.179511,-0.112279],[0.179415,-0.112117],[0.179358,-0.112011],[0.179252,-0.111931],[0.179111,-0.111882],[0.17897,-0.111825],[0.178708,-0.111682],[0.178469,-0.111629],[0.178177,-0.111688],[0.178148,-0.111719],[0.177958,-0.111784],[0.177786,-0.111866],[0.177721,-0.111862],[0.177606,-0.111854],[0.177514,-0.111852],[0.177449,-0.111811],[0.177383,-0.111782],[0.177296,-0.111786],[0.177183,-0.111809],[0.177028,-0.111876],[0.176924,-0.111942],[0.176879,-0.112005],[0.176807,-0.11205],[0.176768,-0.112103],[0.176762,-0.112185],[0.176764,-0.112401],[0.176783,-0.112504],[0.176801,-0.112602],[0.176827,-0.112659],[0.176846,-0.112714],[0.17687,-0.112796],[0.176911,-0.112855],[0.176934,-0.112929],[0.176944,-0.112992],[0.176936,-0.113098],[0.176934,-0.113201],[0.176905,-0.113254],[0.176895,-0.113344],[0.176887,-0.113434],[0.176911,-0.113565],[0.176946,-0.113683],[0.176985,-0.113748],[0.177016,-0.113828],[0.177067,-0.113912],[0.177253,-0.11418],[0.177267,-0.114253],[0.177285,-0.114325],[0.177312,-0.114376],[0.177345,-0.114415],[0.1774,-0.114454],[0.177461,-0.114509],[0.177817,-0.114768],[0.178107,-0.114981],[0.17816,-0.115038],[0.178653,-0.115602],[0.178876,-0.115799],[0.178933,-0.115889],[0.179129,-0.116324],[0.179186,-0.116422],[0.179522,-0.116929],[0.17964,-0.117074],[0.179742,-0.117164],[0.180333,-0.117499],[0.180572,-0.117665],[0.181065,-0.118096],[0.181216,-0.118274],[0.181484,-0.118517],[0.181628,-0.1185],[0.181802,-0.118465],[0.181892,-0.118385],[0.182207,-0.118071],[0.182286,-0.117911],[0.182351,-0.117821],[0.182446,-0.117702],[0.182551,-0.117612],[0.182691,-0.117502],[0.183279,-0.11702],[0.183425,-0.116702],[0.183603,-0.116401],[0.183761,-0.115997],[0.18387,-0.11577],[0.183959,-0.115489],[0.184049,-0.115332],[0.184186,-0.11516],[0.184336,-0.114989],[0.184448,-0.114872],[0.184445,-0.114815],[0.184418,-0.114665],[0.184456,-0.114381],[0.184535,-0.113982],[0.184562,-0.113809],[0.184592,-0.11349],[0.184588,-0.113322]]]]}},{"type":"Feature","id":290,"properties":{"Clan":"Outer Blood","Name":null},"geometry":{"type":"MultiPolygon","coordinates":[[[[0.184448,-0.114872],[0.184467,-0.114852],[0.184672,-0.114749],[0.184946,-0.114681],[0.185796,-0.11453],[0.186043,-0.11453],[0.186331,-0.114557],[0.18666,-0.114619],[0.186879,-0.11477],[0.18705,-0.114886],[0.187208,-0.115003],[0.187345,-0.115044],[0.187482,-0.114989],[0.187653,-0.114852],[0.187721,-0.114849],[0.187794,-0.114858],[0.187873,-0.114705],[0.187843,-0.114102],[0.1879,-0.113665],[0.188068,-0.113237],[0.188405,-0.112829],[0.188562,-0.112679],[0.188628,-0.112508],[0.188573,-0.11223],[0.188513,-0.112019],[0.188523,-0.111921],[0.188552,-0.111817],[0.188589,-0.111649],[0.18864,-0.111631],[0.188671,-0.11159],[0.188585,-0.111594],[0.188523,-0.111621],[0.188507,-0.111637],[0.188436,-0.111678],[0.18838,-0.111709],[0.188325,-0.111741],[0.188286,-0.11178],[0.188213,-0.111813],[0.188129,-0.111872],[0.187955,-0.111978],[0.18788,-0.112054],[0.187806,-0.112183],[0.187743,-0.112262],[0.18763,-0.112328],[0.187524,-0.112365],[0.187369,-0.112418],[0.187213,-0.112473],[0.187082,-0.112532],[0.18696,-0.112606],[0.186841,-0.112675],[0.186649,-0.112745],[0.186537,-0.112767],[0.186381,-0.112808],[0.186171,-0.112886],[0.186013,-0.112935],[0.185911,-0.11298],[0.185772,-0.113029],[0.185611,-0.113094],[0.185519,-0.11317],[0.18538,-0.113231],[0.185273,-0.113254],[0.185165,-0.113272],[0.18501,-0.113289],[0.184858,-0.113299],[0.184752,-0.113315],[0.184588,-0.113322],[0.184592,-0.11349],[0.184562,-0.113809],[0.184535,-0.113982],[0.184456,-0.114381],[0.184418,-0.114665],[0.184445,-0.114815],[0.184448,-0.114872]]]]}},{"type":"Feature","id":291,"properties":{"Clan":"Outer Blood","Name":null},"geometry":{"type":"MultiPolygon","coordinates":[[[[0.185963,-0.122046],[0.185982,-0.121799],[0.185996,-0.12161],[0.185984,-0.121298],[0.185807,-0.120869],[0.185586,-0.120473],[0.185277,-0.120105],[0.184895,-0.11985],[0.184606,-0.119659],[0.184443,-0.119508],[0.18436,-0.119451],[0.184358,-0.119458],[0.184069,-0.119087],[0.18374,-0.118704],[0.183514,-0.118525],[0.183267,-0.11808],[0.183171,-0.117833],[0.183192,-0.117552],[0.183192,-0.117333],[0.183267,-0.117045],[0.183279,-0.11702],[0.182691,-0.117502],[0.182551,-0.117612],[0.182446,-0.117702],[0.182351,-0.117821],[0.182286,-0.117911],[0.182207,-0.118071],[0.181892,-0.118385],[0.181802,-0.118465],[0.181628,-0.1185],[0.181529,-0.118512],[0.181577,-0.118595],[0.181718,-0.118691],[0.181892,-0.118938],[0.18199,-0.119193],[0.182054,-0.119392],[0.182085,-0.11978],[0.182068,-0.119968],[0.182009,-0.120119],[0.181948,-0.12024],[0.181886,-0.120386],[0.181847,-0.120515],[0.181855,-0.120658],[0.181878,-0.120757],[0.182139,-0.121082],[0.182181,-0.121172],[0.182271,-0.121293],[0.182349,-0.121394],[0.182436,-0.121534],[0.182518,-0.121638],[0.182666,-0.121691],[0.182793,-0.121818],[0.183219,-0.122163],[0.183346,-0.122275],[0.183503,-0.122345],[0.183567,-0.122458],[0.183576,-0.122592],[0.183551,-0.122809],[0.18359,-0.12291],[0.18364,-0.123019],[0.18368,-0.123109],[0.183685,-0.123185],[0.183668,-0.123303],[0.183671,-0.123429],[0.183688,-0.123533],[0.183741,-0.123659],[0.183747,-0.123693],[0.183789,-0.123777],[0.183795,-0.123872],[0.183814,-0.124032],[0.183843,-0.124111],[0.183879,-0.124159],[0.183913,-0.124246],[0.183896,-0.124316],[0.183823,-0.124465],[0.183772,-0.124546],[0.183716,-0.124664],[0.183654,-0.124748],[0.183573,-0.124849],[0.183475,-0.124995],[0.183407,-0.125065],[0.183357,-0.12515],[0.18332,-0.125248],[0.183388,-0.125228],[0.183618,-0.12495],[0.183798,-0.124788],[0.183879,-0.124658],[0.183972,-0.124566],[0.184067,-0.124414],[0.184314,-0.124184],[0.18444,-0.124018],[0.184745,-0.123668],[0.184824,-0.123543],[0.184944,-0.123377],[0.185086,-0.123212],[0.185291,-0.122989],[0.185384,-0.122795],[0.185465,-0.122707],[0.185541,-0.122619],[0.185591,-0.122508],[0.185668,-0.122364],[0.185814,-0.122233],[0.185878,-0.122152],[0.185963,-0.122046]]]]}},{"type":"Feature","id":292,"properties":{"Clan":"Outer Blood","Name":null},"geometry":{"type":"MultiPolygon","coordinates":[[[[0.175519,-0.130151],[0.175834,-0.129988],[0.175964,-0.130003],[0.176173,-0.129988],[0.176368,-0.130048],[0.176563,-0.130157],[0.176732,-0.130142],[0.176907,-0.130142],[0.177186,-0.130307],[0.177431,-0.130547],[0.177576,-0.130741],[0.17785,-0.131101],[0.178025,-0.13145],[0.178164,-0.13155],[0.178284,-0.131645],[0.178389,-0.131714],[0.178549,-0.131884],[0.178673,-0.131934],[0.178833,-0.131799],[0.178948,-0.13162],[0.179023,-0.131355],[0.179043,-0.131061],[0.179058,-0.130686],[0.178978,-0.130307],[0.178783,-0.129878],[0.178654,-0.129773],[0.178599,-0.129559],[0.178614,-0.129164],[0.178559,-0.12887],[0.178509,-0.128655],[0.178377,-0.128452],[0.178262,-0.128343],[0.178099,-0.128222],[0.178004,-0.128126],[0.177917,-0.127985],[0.177914,-0.127851],[0.177936,-0.127746],[0.178147,-0.127436],[0.177943,-0.127596],[0.177809,-0.127752],[0.177601,-0.127953],[0.177505,-0.128017],[0.177192,-0.128324],[0.176914,-0.128646],[0.176579,-0.128924],[0.176343,-0.129103],[0.176183,-0.12924],[0.176007,-0.129537],[0.175915,-0.129652],[0.175765,-0.129793],[0.175621,-0.129882],[0.175564,-0.129985],[0.175519,-0.130151]]]]}},{"type":"Feature","id":293,"properties":{"Clan":"Outer Blood","Name":null},"geometry":{"type":"MultiPolygon","coordinates":[[[[0.188118,-0.134697],[0.188399,-0.134467],[0.189048,-0.134016],[0.189625,-0.133628],[0.190055,-0.133407],[0.190176,-0.133262],[0.190204,-0.132958],[0.190285,-0.132423],[0.19033,-0.132193],[0.190518,-0.131683],[0.190604,-0.131497],[0.190878,-0.130695],[0.190997,-0.13029],[0.191048,-0.129797],[0.190988,-0.129427],[0.190916,-0.129013],[0.190774,-0.128434],[0.190706,-0.128123],[0.190502,-0.12746],[0.190439,-0.127204],[0.19033,-0.127032],[0.190141,-0.126869],[0.189871,-0.126716],[0.189583,-0.126551],[0.189383,-0.126423],[0.189296,-0.126413],[0.189112,-0.126531],[0.188958,-0.126947],[0.188859,-0.127101],[0.18875,-0.127319],[0.188505,-0.127572],[0.188071,-0.127944],[0.188053,-0.127959],[0.188249,-0.128148],[0.188531,-0.128619],[0.188564,-0.129209],[0.188494,-0.129773],[0.188427,-0.130011],[0.188353,-0.1302],[0.188319,-0.13053],[0.18829,-0.131072],[0.188245,-0.131973],[0.188193,-0.132534],[0.188189,-0.132987],[0.188152,-0.133766],[0.188131,-0.134284],[0.188129,-0.134373],[0.188118,-0.134697]]]]}},{"type":"Feature","id":294,"properties":{"Clan":"Outer Blood","Name":null},"geometry":{"type":"MultiPolygon","coordinates":[[[[0.187855,-0.136137],[0.188088,-0.136293],[0.188264,-0.136565],[0.188406,-0.136704],[0.188467,-0.136846],[0.188681,-0.13717],[0.188888,-0.137586],[0.188969,-0.13767],[0.189099,-0.137579],[0.189297,-0.137514],[0.189504,-0.137495],[0.189823,-0.137425],[0.190195,-0.137356],[0.190411,-0.137318],[0.190757,-0.137202],[0.191062,-0.137063],[0.191251,-0.136963],[0.191397,-0.136863],[0.191611,-0.136823],[0.19189,-0.136783],[0.191781,-0.136632],[0.191483,-0.136404],[0.19113,-0.136172],[0.190892,-0.135851],[0.190664,-0.135532],[0.190418,-0.135207],[0.190257,-0.134735],[0.190237,-0.134514],[0.190334,-0.134386],[0.190409,-0.134051],[0.19036,-0.133837],[0.190302,-0.133462],[0.190241,-0.13336],[0.190174,-0.133265],[0.190055,-0.133407],[0.189625,-0.133628],[0.189048,-0.134016],[0.188399,-0.134467],[0.188122,-0.134694],[0.188122,-0.134701],[0.187875,-0.134743],[0.188123,-0.134709],[0.188066,-0.135049],[0.188038,-0.135459],[0.187967,-0.135869],[0.187882,-0.136064],[0.187855,-0.136137]]]]}},{"type":"Feature","id":295,"properties":{"Clan":"Outer Blood","Name":null},"geometry":{"type":"MultiPolygon","coordinates":[[[[0.188968,-0.137674],[0.188878,-0.137567],[0.188681,-0.13717],[0.188467,-0.136846],[0.188406,-0.136704],[0.188264,-0.136565],[0.188088,-0.136293],[0.187855,-0.136137],[0.187882,-0.136064],[0.187825,-0.136195],[0.187613,-0.136577],[0.18716,-0.136973],[0.186891,-0.137327],[0.18641,-0.137695],[0.18617,-0.138035],[0.185872,-0.138459],[0.185448,-0.138898],[0.184967,-0.139365],[0.184641,-0.13962],[0.184287,-0.139719],[0.18358,-0.139804],[0.183282,-0.139648],[0.183023,-0.139611],[0.182867,-0.139749],[0.182657,-0.139994],[0.182481,-0.140204],[0.182169,-0.140584],[0.181999,-0.140794],[0.181743,-0.141033],[0.181516,-0.141203],[0.181385,-0.141458],[0.181329,-0.141708],[0.181158,-0.142055],[0.181045,-0.14227],[0.181289,-0.142322],[0.18163,-0.142236],[0.181879,-0.142236],[0.182163,-0.14227],[0.182606,-0.142458],[0.18285,-0.142492],[0.183072,-0.142526],[0.18331,-0.142549],[0.183628,-0.142526],[0.18406,-0.142463],[0.184327,-0.14239],[0.184548,-0.142344],[0.18498,-0.142134],[0.185246,-0.142021],[0.18553,-0.14185],[0.185769,-0.141748],[0.18653,-0.14143],[0.187069,-0.141135],[0.187228,-0.140908],[0.187342,-0.1408],[0.187552,-0.140635],[0.187688,-0.140493],[0.188065,-0.140093],[0.188314,-0.139675],[0.188458,-0.139395],[0.188595,-0.139164],[0.188611,-0.139005],[0.18866,-0.138697],[0.188663,-0.138545],[0.188666,-0.138298],[0.188732,-0.138051],[0.188863,-0.137807],[0.188968,-0.137674]]]]}},{"type":"Feature","id":296,"properties":{"Clan":"Outer Blood","Name":null},"geometry":{"type":"MultiPolygon","coordinates":[[[[0.181018,-0.142302],[0.180743,-0.142106],[0.180494,-0.142018],[0.180317,-0.141902],[0.180157,-0.141894],[0.179944,-0.141876],[0.179794,-0.141814],[0.179669,-0.141716],[0.179554,-0.141601],[0.17935,-0.141388],[0.17919,-0.141139],[0.178977,-0.140722],[0.178835,-0.140572],[0.178472,-0.140385],[0.178214,-0.140261],[0.177797,-0.140279],[0.177629,-0.14074],[0.177513,-0.141184],[0.177354,-0.141556],[0.17723,-0.141929],[0.177168,-0.142515],[0.177097,-0.143224],[0.177088,-0.143641],[0.177176,-0.143783],[0.177372,-0.143694],[0.177895,-0.143331],[0.178285,-0.143091],[0.17872,-0.143056],[0.179181,-0.142932],[0.179465,-0.14279],[0.179749,-0.142683],[0.180131,-0.142568],[0.180486,-0.142488],[0.181018,-0.142302]]]]}},{"type":"Feature","id":297,"properties":{"Clan":"Outer Blood","Name":null},"geometry":{"type":"MultiPolygon","coordinates":[[[[0.181017,-0.142301],[0.181015,-0.142302],[0.181018,-0.142302],[0.181017,-0.142301]]],[[[0.183705,-0.12916],[0.183554,-0.129257],[0.183388,-0.129341],[0.183282,-0.12946],[0.183194,-0.129509],[0.183105,-0.129586],[0.182995,-0.129661],[0.182873,-0.129761],[0.182801,-0.129854],[0.182762,-0.129876],[0.182717,-0.129883],[0.182626,-0.129966],[0.182534,-0.130041],[0.182466,-0.130124],[0.182304,-0.130245],[0.182074,-0.130465],[0.181927,-0.130621],[0.181793,-0.130765],[0.181695,-0.130885],[0.181663,-0.13097],[0.181646,-0.131042],[0.181636,-0.13112],[0.18163,-0.131191],[0.181614,-0.131266],[0.181598,-0.131317],[0.181585,-0.131356],[0.181481,-0.131542],[0.181388,-0.131635],[0.181354,-0.131698],[0.181344,-0.131759],[0.181305,-0.131855],[0.181285,-0.131892],[0.181265,-0.131925],[0.181233,-0.132023],[0.181227,-0.132052],[0.181222,-0.132084],[0.181221,-0.132136],[0.181212,-0.132192],[0.181207,-0.132213],[0.181187,-0.132284],[0.181163,-0.13236],[0.18116,-0.132404],[0.181158,-0.132434],[0.181148,-0.132495],[0.181099,-0.132543],[0.181058,-0.132594],[0.181024,-0.132622],[0.180959,-0.132755],[0.180856,-0.132916],[0.180851,-0.132937],[0.180773,-0.133028],[0.18069,-0.133085],[0.180636,-0.133123],[0.180579,-0.133156],[0.180446,-0.133276],[0.180351,-0.133358],[0.180339,-0.133424],[0.180322,-0.133495],[0.180297,-0.133627],[0.180285,-0.133697],[0.180293,-0.133784],[0.180302,-0.13383],[0.18031,-0.133908],[0.180318,-0.134061],[0.180339,-0.13421],[0.180347,-0.1344],[0.180318,-0.134512],[0.180268,-0.134603],[0.180198,-0.134752],[0.18014,-0.134876],[0.180107,-0.134962],[0.180008,-0.135091],[0.179963,-0.135206],[0.179901,-0.135256],[0.179623,-0.135694],[0.17931,-0.136037],[0.179017,-0.136329],[0.178684,-0.136935],[0.178494,-0.137491],[0.17832,-0.137821],[0.178165,-0.138125],[0.177984,-0.138616],[0.177829,-0.139042],[0.177732,-0.139449],[0.177674,-0.139921],[0.177803,-0.140279],[0.178214,-0.140261],[0.178472,-0.140385],[0.178835,-0.140572],[0.178977,-0.140722],[0.17919,-0.141139],[0.17935,-0.141388],[0.179554,-0.141601],[0.179669,-0.141716],[0.179794,-0.141814],[0.179944,-0.141876],[0.180157,-0.141894],[0.180317,-0.141902],[0.180494,-0.142018],[0.180743,-0.142106],[0.181017,-0.142301],[0.181064,-0.142234],[0.181158,-0.142055],[0.181329,-0.141708],[0.181385,-0.141458],[0.181516,-0.141203],[0.181743,-0.141033],[0.181999,-0.140794],[0.182169,-0.140584],[0.182481,-0.140204],[0.182657,-0.139994],[0.182867,-0.139749],[0.183023,-0.139611],[0.182985,-0.139606],[0.183028,-0.139238],[0.183254,-0.138148],[0.183396,-0.137624],[0.183679,-0.137157],[0.184372,-0.136322],[0.184754,-0.135671],[0.185193,-0.135105],[0.185397,-0.135049],[0.185493,-0.134717],[0.185557,-0.134375],[0.185567,-0.134004],[0.185588,-0.133508],[0.185576,-0.132981],[0.185519,-0.132549],[0.185464,-0.131803],[0.185723,-0.130982],[0.186171,-0.129756],[0.186141,-0.129764],[0.18567,-0.129873],[0.185308,-0.129846],[0.185054,-0.129683],[0.1849,-0.129583],[0.184647,-0.129493],[0.184366,-0.129348],[0.184067,-0.129221],[0.183968,-0.129207],[0.183705,-0.12916]]]]}},{"type":"Feature","id":298,"properties":{"Clan":"Outer Blood","Name":null},"geometry":{"type":"MultiPolygon","coordinates":[[[[0.199058,-0.196791],[0.199144,-0.196779],[0.199229,-0.196757],[0.199311,-0.196832],[0.19938,-0.196889],[0.199516,-0.196952],[0.199608,-0.196952],[0.199687,-0.196911],[0.199718,-0.196845],[0.19974,-0.196782],[0.199746,-0.196719],[0.199731,-0.196643],[0.199696,-0.196526],[0.19962,-0.196378],[0.19951,-0.196239],[0.199469,-0.196185],[0.199406,-0.196157],[0.199339,-0.196179],[0.199248,-0.196207],[0.199153,-0.196239],[0.199068,-0.19621],[0.198983,-0.196207],[0.1989,-0.196245],[0.198878,-0.196308],[0.198859,-0.196375],[0.198913,-0.196561],[0.198964,-0.196674],[0.199058,-0.196791]]]]}},{"type":"Feature","id":299,"properties":{"Clan":"Outer Blood","Name":null},"geometry":{"type":"MultiPolygon","coordinates":[[[[0.188745,-0.191294],[0.188608,-0.191323],[0.188486,-0.191513],[0.188393,-0.191571],[0.18827,-0.191682],[0.18812,-0.191801],[0.187915,-0.191848],[0.187721,-0.191848],[0.187689,-0.191815],[0.187613,-0.191733],[0.187505,-0.191675],[0.187423,-0.191618],[0.187354,-0.191582],[0.18729,-0.191528],[0.187229,-0.191388],[0.187143,-0.191312],[0.186913,-0.191287],[0.186787,-0.191251],[0.186665,-0.191136],[0.186482,-0.190892],[0.18636,-0.190662],[0.186284,-0.190468],[0.186133,-0.190253],[0.18595,-0.190149],[0.185709,-0.190123],[0.185573,-0.190177],[0.18548,-0.190447],[0.185508,-0.190738],[0.185533,-0.19091],[0.18548,-0.191154],[0.185239,-0.191262],[0.185131,-0.191273],[0.185005,-0.191341],[0.184901,-0.191381],[0.184697,-0.191262],[0.184452,-0.191233],[0.184237,-0.191345],[0.184086,-0.191449],[0.183896,-0.191643],[0.183913,-0.191858],[0.184086,-0.192113],[0.184237,-0.192329],[0.184445,-0.192544],[0.18447,-0.192663],[0.18451,-0.193123],[0.184614,-0.193309],[0.184808,-0.193482],[0.184855,-0.19355],[0.184808,-0.193705],[0.184779,-0.193891],[0.184729,-0.194082],[0.184732,-0.19425],[0.184776,-0.19443],[0.184743,-0.194829],[0.184722,-0.195148],[0.1847,-0.195339],[0.184714,-0.195529],[0.184761,-0.195799],[0.184793,-0.195946],[0.184865,-0.196125],[0.184926,-0.19624],[0.184966,-0.19647],[0.184984,-0.196621],[0.185016,-0.196819],[0.185016,-0.196959],[0.185099,-0.197059],[0.185232,-0.197113],[0.185454,-0.197038],[0.185641,-0.19698],[0.185914,-0.196822],[0.186097,-0.196758],[0.186234,-0.19675],[0.186388,-0.196819],[0.18646,-0.196883],[0.186568,-0.196977],[0.186625,-0.196998],[0.186769,-0.197027],[0.186913,-0.196995],[0.187002,-0.196905],[0.187103,-0.196722],[0.187261,-0.196524],[0.187383,-0.196362],[0.187588,-0.196154],[0.187775,-0.196093],[0.18803,-0.196057],[0.188202,-0.196061],[0.188403,-0.19605],[0.188594,-0.195996],[0.188691,-0.195917],[0.188863,-0.195888],[0.189057,-0.195752],[0.189237,-0.195612],[0.189377,-0.195522],[0.189499,-0.195382],[0.189499,-0.195209],[0.189466,-0.195055],[0.189441,-0.194929],[0.189441,-0.194818],[0.189456,-0.194746],[0.189499,-0.194613],[0.189517,-0.194516],[0.18961,-0.194369],[0.189632,-0.194268],[0.189642,-0.194143],[0.189686,-0.194042],[0.18966,-0.193906],[0.189625,-0.193823],[0.189524,-0.193791],[0.189456,-0.193791],[0.189387,-0.193737],[0.189352,-0.193579],[0.189359,-0.193449],[0.189294,-0.19327],[0.189179,-0.192936],[0.189129,-0.19281],[0.189111,-0.192702],[0.189086,-0.192537],[0.189057,-0.192376],[0.189032,-0.19221],[0.189014,-0.192063],[0.189003,-0.191959],[0.188982,-0.191898],[0.188953,-0.191776],[0.188946,-0.191686],[0.18891,-0.191531],[0.188888,-0.191463],[0.188809,-0.191337],[0.188745,-0.191294]]]]}},{"type":"Feature","id":300,"properties":{"Clan":"Werebrand","Name":null},"geometry":{"type":"MultiPolygon","coordinates":[[[[0.117515,-0.215744],[0.117504,-0.215945],[0.117507,-0.216157],[0.117471,-0.216383],[0.117457,-0.216778],[0.117522,-0.217019],[0.117683,-0.217238],[0.117744,-0.217472],[0.11777,-0.217773],[0.117845,-0.217949],[0.117931,-0.218079],[0.117946,-0.21833],[0.117924,-0.218495],[0.117877,-0.218779],[0.117877,-0.219145],[0.117946,-0.21958],[0.118046,-0.219893],[0.118201,-0.220237],[0.118525,-0.220909],[0.11884,-0.221572],[0.118952,-0.221847],[0.119244,-0.222587],[0.119569,-0.223194],[0.119934,-0.223615],[0.12045,-0.224013],[0.120911,-0.22435],[0.121348,-0.224574],[0.121781,-0.224771],[0.122213,-0.224765],[0.122499,-0.224849],[0.122987,-0.225046],[0.12361,-0.225062],[0.12407,-0.225203],[0.124519,-0.225214],[0.124772,-0.225046],[0.125339,-0.224978],[0.125799,-0.224849],[0.125979,-0.224838],[0.126618,-0.224838],[0.127045,-0.224799],[0.1276,-0.224608],[0.127483,-0.22444],[0.127247,-0.224125],[0.127118,-0.22385],[0.126966,-0.223643],[0.126826,-0.223542],[0.12659,-0.223233],[0.126428,-0.223003],[0.126366,-0.222773],[0.126315,-0.222425],[0.126265,-0.221757],[0.126214,-0.221448],[0.126119,-0.221207],[0.125967,-0.220988],[0.125754,-0.220668],[0.125513,-0.220399],[0.125311,-0.220079],[0.125232,-0.219933],[0.125086,-0.219613],[0.124974,-0.219389],[0.124884,-0.219069],[0.124879,-0.218732],[0.124935,-0.218333],[0.125058,-0.218148],[0.125356,-0.217851],[0.12544,-0.217542],[0.125457,-0.217295],[0.12544,-0.216975],[0.125294,-0.216784],[0.125125,-0.216554],[0.12489,-0.216268],[0.124676,-0.21606],[0.124525,-0.215931],[0.124458,-0.215724],[0.124407,-0.215499],[0.124351,-0.215112],[0.1243,-0.214989],[0.124014,-0.214843],[0.12388,-0.21482],[0.123773,-0.214798],[0.123683,-0.214573],[0.123447,-0.214366],[0.123262,-0.214253],[0.123111,-0.214102],[0.12301,-0.21381],[0.122914,-0.213546],[0.122751,-0.213254],[0.122566,-0.213007],[0.122353,-0.212789],[0.122033,-0.212789],[0.121769,-0.212867],[0.121433,-0.212985],[0.121268,-0.213092],[0.12082,-0.213896],[0.120628,-0.21419],[0.120072,-0.214625],[0.119745,-0.214788],[0.119413,-0.215017],[0.118787,-0.215307],[0.118581,-0.215461],[0.118142,-0.215662],[0.117832,-0.21571],[0.117515,-0.215744]]]]}},{"type":"Feature","id":301,"properties":{"Clan":"Werebrand","Name":null},"geometry":{"type":"MultiPolygon","coordinates":[[[[0.127632,-0.224641],[0.128002,-0.224709],[0.128318,-0.224819],[0.128783,-0.224956],[0.129071,-0.225107],[0.129318,-0.225298],[0.129592,-0.225559],[0.129893,-0.226066],[0.130017,-0.226408],[0.130112,-0.22686],[0.130263,-0.227326],[0.130414,-0.22771],[0.130893,-0.22771],[0.131291,-0.227833],[0.131647,-0.228039],[0.132031,-0.228162],[0.132634,-0.228121],[0.133045,-0.228052],[0.133565,-0.228066],[0.133826,-0.228052],[0.134182,-0.228011],[0.134689,-0.227463],[0.134936,-0.227244],[0.135073,-0.226874],[0.135182,-0.226504],[0.135264,-0.226038],[0.13521,-0.225764],[0.134949,-0.225381],[0.134661,-0.225408],[0.134483,-0.225463],[0.134305,-0.225463],[0.134264,-0.225148],[0.134045,-0.225079],[0.133675,-0.225079],[0.133387,-0.225107],[0.133031,-0.225107],[0.132757,-0.225038],[0.132483,-0.224874],[0.132113,-0.224422],[0.131853,-0.223764],[0.131757,-0.223408],[0.131346,-0.223202],[0.130784,-0.222955],[0.130441,-0.222777],[0.130236,-0.222517],[0.13014,-0.222092],[0.130003,-0.2219],[0.129743,-0.221791],[0.129633,-0.22164],[0.129523,-0.221243],[0.129482,-0.220955],[0.129427,-0.220654],[0.129208,-0.22016],[0.128907,-0.219736],[0.128715,-0.219516],[0.128496,-0.21916],[0.128153,-0.218612],[0.127797,-0.218448],[0.127276,-0.218365],[0.12692,-0.218228],[0.126536,-0.217954],[0.125933,-0.217667],[0.125577,-0.217324],[0.125453,-0.217229],[0.125457,-0.217295],[0.12544,-0.217542],[0.125356,-0.217851],[0.125058,-0.218148],[0.124935,-0.218333],[0.124879,-0.218732],[0.124884,-0.219069],[0.124974,-0.219389],[0.125086,-0.219613],[0.125232,-0.219933],[0.125311,-0.220079],[0.125513,-0.220399],[0.125754,-0.220668],[0.125967,-0.220988],[0.126119,-0.221207],[0.126214,-0.221448],[0.126265,-0.221757],[0.126315,-0.222425],[0.126366,-0.222773],[0.126428,-0.223003],[0.12659,-0.223233],[0.126826,-0.223542],[0.126966,-0.223643],[0.127118,-0.22385],[0.127247,-0.224125],[0.127381,-0.224305],[0.127632,-0.224641]]]]}},{"type":"Feature","id":302,"properties":{"Clan":"Vale","Name":null},"geometry":{"type":"MultiPolygon","coordinates":[[[[0.066194,-0.180224],[0.066496,-0.180308],[0.066648,-0.180358],[0.066743,-0.180361],[0.066961,-0.180368],[0.067125,-0.18039],[0.067381,-0.180621],[0.067558,-0.18093],[0.067665,-0.181325],[0.067861,-0.18148],[0.068193,-0.181751],[0.068487,-0.181916],[0.06873,-0.181976],[0.068872,-0.182036],[0.069077,-0.18201],[0.069327,-0.181931],[0.069437,-0.181853],[0.069526,-0.181758],[0.069826,-0.18165],[0.070028,-0.181502],[0.070224,-0.181404],[0.070404,-0.181363],[0.07035,-0.181268],[0.070151,-0.180936],[0.070016,-0.180693],[0.069829,-0.180333],[0.069839,-0.180077],[0.069798,-0.179944],[0.069712,-0.179752],[0.069659,-0.179644],[0.069605,-0.17955],[0.069526,-0.179467],[0.069377,-0.179287],[0.069062,-0.178889],[0.068837,-0.178577],[0.068597,-0.17839],[0.068152,-0.178071],[0.067953,-0.17786],[0.067732,-0.177578],[0.067571,-0.177364],[0.067466,-0.177247],[0.067289,-0.177203],[0.067056,-0.177263],[0.066907,-0.177329],[0.06656,-0.177433],[0.06619,-0.177512],[0.065959,-0.177534],[0.065552,-0.177537],[0.065384,-0.177474],[0.065261,-0.177386],[0.064968,-0.177212],[0.064696,-0.177048],[0.064437,-0.176906],[0.064216,-0.176801],[0.063912,-0.176659],[0.063612,-0.176448],[0.063467,-0.176375],[0.063401,-0.176397],[0.063369,-0.17653],[0.063337,-0.176618],[0.06324,-0.176782],[0.06318,-0.177161],[0.063164,-0.177364],[0.063224,-0.177544],[0.063331,-0.177746],[0.063467,-0.178021],[0.063647,-0.178204],[0.06384,-0.178523],[0.063969,-0.178703],[0.064115,-0.178839],[0.06425,-0.178972],[0.064358,-0.179038],[0.064484,-0.179079],[0.064648,-0.179123],[0.06493,-0.179148],[0.065268,-0.179272],[0.065612,-0.179401],[0.065885,-0.179521],[0.06603,-0.17983],[0.066194,-0.180224]]]]}},{"type":"Feature","id":303,"properties":{"Clan":"Vale","Name":null},"geometry":{"type":"MultiPolygon","coordinates":[[[[0.067663,-0.181325],[0.06758,-0.181405],[0.067483,-0.181461],[0.067425,-0.181516],[0.067383,-0.181599],[0.06735,-0.181715],[0.067334,-0.181819],[0.06733,-0.181921],[0.067325,-0.182134],[0.067355,-0.182269],[0.067387,-0.182335],[0.067435,-0.182451],[0.067508,-0.182583],[0.067585,-0.182672],[0.067782,-0.182833],[0.067857,-0.182903],[0.068059,-0.183066],[0.068184,-0.183207],[0.068346,-0.183396],[0.068469,-0.183553],[0.068622,-0.18368],[0.068776,-0.183682],[0.068864,-0.183667],[0.06897,-0.183652],[0.069175,-0.183639],[0.069285,-0.183622],[0.069385,-0.183605],[0.069554,-0.183582],[0.069749,-0.183525],[0.069879,-0.183476],[0.069972,-0.183462],[0.070093,-0.183516],[0.070198,-0.183578],[0.070296,-0.183628],[0.070528,-0.183757],[0.070643,-0.183819],[0.070795,-0.18388],[0.070876,-0.183895],[0.071086,-0.183978],[0.07118,-0.184008],[0.071301,-0.184015],[0.071423,-0.184041],[0.07156,-0.184046],[0.071687,-0.183992],[0.071944,-0.183997],[0.072192,-0.183957],[0.072479,-0.183905],[0.072717,-0.18385],[0.072911,-0.18377],[0.073087,-0.183729],[0.073215,-0.183718],[0.073246,-0.183566],[0.073245,-0.18339],[0.073165,-0.183066],[0.073155,-0.182953],[0.073122,-0.182582],[0.073137,-0.182434],[0.073115,-0.182318],[0.073077,-0.182284],[0.073043,-0.182221],[0.073007,-0.182188],[0.072924,-0.182174],[0.072791,-0.182169],[0.07269,-0.182161],[0.072431,-0.18212],[0.072246,-0.182096],[0.071966,-0.182049],[0.071739,-0.182023],[0.071521,-0.181922],[0.071233,-0.181896],[0.071045,-0.181871],[0.070898,-0.181781],[0.070706,-0.181684],[0.070566,-0.18157],[0.070467,-0.181409],[0.070403,-0.181361],[0.070404,-0.181363],[0.070224,-0.181404],[0.070028,-0.181502],[0.069826,-0.18165],[0.069526,-0.181758],[0.069437,-0.181853],[0.069327,-0.181931],[0.069077,-0.18201],[0.068872,-0.182036],[0.06873,-0.181976],[0.068487,-0.181916],[0.068193,-0.181751],[0.067861,-0.18148],[0.06773,-0.181376],[0.067663,-0.181325]]]]}},{"type":"Feature","id":304,"properties":{"Clan":"Vale","Name":null},"geometry":{"type":"MultiPolygon","coordinates":[[[[0.073214,-0.183706],[0.073339,-0.183807],[0.073643,-0.184002],[0.073838,-0.184126],[0.073983,-0.184198],[0.074139,-0.184303],[0.074321,-0.184389],[0.07446,-0.184468],[0.074511,-0.184609],[0.074572,-0.184792],[0.074564,-0.184926],[0.074629,-0.18525],[0.074606,-0.185394],[0.074659,-0.185492],[0.074768,-0.185585],[0.074951,-0.185663],[0.075206,-0.18574],[0.075407,-0.185725],[0.075655,-0.185725],[0.075777,-0.185682],[0.075951,-0.185614],[0.076105,-0.185606],[0.076103,-0.185219],[0.076105,-0.185005],[0.076112,-0.184808],[0.076168,-0.18469],[0.076226,-0.184576],[0.076274,-0.18442],[0.076345,-0.184222],[0.076355,-0.184127],[0.076401,-0.183944],[0.076423,-0.183693],[0.076409,-0.183307],[0.076398,-0.18193],[0.076336,-0.181365],[0.076191,-0.18135],[0.075958,-0.181484],[0.075839,-0.181541],[0.075492,-0.181691],[0.07527,-0.181836],[0.075052,-0.18195],[0.074706,-0.18208],[0.074318,-0.182183],[0.073996,-0.182246],[0.073486,-0.182223],[0.073185,-0.18219],[0.073013,-0.182194],[0.073043,-0.182221],[0.073077,-0.182284],[0.073115,-0.182318],[0.073137,-0.182434],[0.073122,-0.182582],[0.073155,-0.182953],[0.073165,-0.183066],[0.073245,-0.18339],[0.073246,-0.183566],[0.073231,-0.18364],[0.073214,-0.183706]]]]}},{"type":"Feature","id":305,"properties":{"Clan":"Vale","Name":null},"geometry":{"type":"MultiPolygon","coordinates":[[[[0.076102,-0.185607],[0.075899,-0.185634],[0.075777,-0.185682],[0.075655,-0.185725],[0.075407,-0.185725],[0.075206,-0.18574],[0.074951,-0.185663],[0.074779,-0.18559],[0.074622,-0.185623],[0.074506,-0.185669],[0.07419,-0.185968],[0.074014,-0.186282],[0.073916,-0.186642],[0.073634,-0.186984],[0.073475,-0.187323],[0.073433,-0.187755],[0.073448,-0.18801],[0.073422,-0.188154],[0.073323,-0.188648],[0.073181,-0.18942],[0.073194,-0.189621],[0.073325,-0.189784],[0.073469,-0.189964],[0.073556,-0.190087],[0.073728,-0.190259],[0.073876,-0.19042],[0.074003,-0.190494],[0.07408,-0.190596],[0.074243,-0.190757],[0.074292,-0.190865],[0.074328,-0.190967],[0.074472,-0.191145],[0.07458,-0.19133],[0.074694,-0.191495],[0.074796,-0.191561],[0.074942,-0.191563],[0.075032,-0.191578],[0.075095,-0.191633],[0.075123,-0.191682],[0.075284,-0.191838],[0.075337,-0.191955],[0.075398,-0.192065],[0.075436,-0.192176],[0.075432,-0.192269],[0.075523,-0.192449],[0.075583,-0.192532],[0.075676,-0.192763],[0.075689,-0.192828],[0.07574,-0.192932],[0.075856,-0.193034],[0.075973,-0.193238],[0.075886,-0.19314],[0.076005,-0.193299],[0.076066,-0.193371],[0.0761,-0.193558],[0.076183,-0.193821],[0.076323,-0.193895],[0.07639,-0.194088],[0.07649,-0.194175],[0.076575,-0.194242],[0.076647,-0.194236],[0.076645,-0.192907],[0.076723,-0.192589],[0.076827,-0.192258],[0.076891,-0.191902],[0.076937,-0.191607],[0.076939,-0.191164],[0.077009,-0.190806],[0.077027,-0.190292],[0.077037,-0.189809],[0.076901,-0.189463],[0.076839,-0.189164],[0.076759,-0.1887],[0.076706,-0.188376],[0.076703,-0.188051],[0.076685,-0.187895],[0.076577,-0.187433],[0.076531,-0.187213],[0.076461,-0.187057],[0.076394,-0.186915],[0.076347,-0.18675],[0.076309,-0.186633],[0.076251,-0.186474],[0.07623,-0.18634],[0.076179,-0.186122],[0.076175,-0.186042],[0.076133,-0.185822],[0.076102,-0.185607]]]]}},{"type":"Feature","id":306,"properties":{"Clan":"Vale","Name":null},"geometry":{"type":"MultiPolygon","coordinates":[[[[0.0732,-0.189638],[0.073187,-0.189386],[0.073323,-0.188648],[0.073422,-0.188154],[0.073448,-0.18801],[0.073433,-0.187755],[0.073475,-0.187323],[0.073634,-0.186984],[0.073916,-0.186642],[0.074014,-0.186282],[0.07419,-0.185968],[0.074506,-0.185669],[0.074622,-0.185623],[0.074779,-0.18559],[0.074768,-0.185585],[0.074659,-0.185492],[0.074606,-0.185394],[0.074629,-0.18525],[0.074564,-0.184926],[0.074572,-0.184792],[0.074511,-0.184609],[0.07446,-0.184468],[0.074321,-0.184389],[0.074139,-0.184303],[0.073983,-0.184198],[0.073838,-0.184126],[0.073643,-0.184002],[0.073339,-0.183807],[0.073217,-0.183709],[0.073215,-0.183718],[0.073087,-0.183729],[0.072911,-0.18377],[0.072717,-0.18385],[0.072479,-0.183905],[0.072192,-0.183957],[0.071944,-0.183997],[0.071687,-0.183992],[0.07156,-0.184046],[0.071423,-0.184041],[0.071301,-0.184015],[0.07118,-0.184008],[0.071086,-0.183978],[0.070876,-0.183895],[0.070795,-0.18388],[0.070643,-0.183819],[0.070528,-0.183757],[0.070296,-0.183628],[0.070198,-0.183578],[0.070093,-0.183516],[0.069972,-0.183462],[0.069879,-0.183476],[0.069749,-0.183525],[0.069554,-0.183582],[0.069385,-0.183605],[0.069285,-0.183622],[0.069175,-0.183639],[0.06897,-0.183652],[0.068864,-0.183667],[0.068776,-0.183682],[0.068622,-0.18368],[0.068469,-0.183553],[0.068346,-0.183396],[0.068184,-0.183207],[0.068059,-0.183066],[0.067857,-0.182903],[0.067782,-0.182833],[0.067585,-0.182672],[0.067508,-0.182583],[0.067435,-0.182451],[0.067387,-0.182335],[0.067355,-0.182269],[0.067325,-0.182134],[0.06733,-0.181921],[0.067334,-0.181819],[0.06735,-0.181715],[0.067383,-0.181599],[0.067425,-0.181516],[0.067483,-0.181461],[0.06758,-0.181405],[0.067663,-0.181325],[0.06773,-0.181376],[0.067665,-0.181325],[0.067558,-0.18093],[0.067381,-0.180621],[0.067125,-0.18039],[0.066961,-0.180368],[0.066743,-0.180361],[0.066648,-0.180358],[0.066496,-0.180308],[0.066194,-0.180224],[0.066221,-0.180274],[0.066282,-0.180393],[0.066331,-0.180745],[0.066268,-0.180982],[0.066028,-0.181271],[0.065878,-0.181472],[0.065657,-0.181709],[0.065536,-0.181923],[0.065458,-0.182159],[0.06546,-0.182479],[0.065504,-0.182793],[0.065564,-0.182947],[0.065568,-0.183195],[0.065519,-0.183607],[0.06546,-0.183946],[0.065284,-0.184145],[0.065157,-0.184368],[0.065059,-0.184497],[0.065006,-0.184635],[0.06486,-0.185169],[0.064807,-0.185381],[0.064729,-0.185553],[0.064703,-0.185599],[0.064601,-0.185712],[0.064517,-0.185765],[0.064358,-0.185816],[0.064332,-0.185871],[0.064381,-0.185886],[0.064682,-0.185852],[0.064822,-0.185928],[0.064962,-0.186093],[0.065112,-0.186193],[0.065206,-0.186276],[0.065288,-0.186356],[0.06542,-0.186428],[0.065496,-0.18649],[0.065721,-0.186632],[0.065945,-0.186761],[0.066034,-0.186804],[0.066155,-0.18688],[0.066287,-0.186967],[0.066422,-0.187047],[0.066516,-0.187109],[0.066713,-0.187219],[0.067063,-0.187389],[0.067323,-0.187461],[0.067521,-0.187474],[0.067762,-0.187503],[0.068161,-0.187594],[0.068574,-0.187664],[0.068697,-0.1877],[0.068922,-0.187745],[0.06907,-0.187781],[0.069269,-0.187828],[0.069414,-0.187876],[0.069596,-0.187938],[0.06971,-0.187978],[0.06981,-0.188001],[0.069874,-0.188023],[0.069946,-0.188037],[0.070028,-0.188063],[0.07013,-0.188133],[0.070185,-0.188205],[0.070249,-0.188264],[0.070321,-0.188305],[0.070402,-0.188362],[0.070469,-0.18843],[0.070541,-0.188489],[0.070569,-0.188567],[0.070548,-0.18861],[0.070508,-0.188639],[0.070469,-0.188682],[0.070495,-0.188754],[0.070571,-0.188809],[0.070724,-0.188894],[0.070815,-0.188972],[0.070938,-0.189106],[0.071091,-0.189295],[0.071305,-0.189386],[0.071676,-0.189373],[0.072157,-0.189386],[0.072505,-0.189434],[0.072776,-0.189494],[0.073077,-0.189583],[0.0732,-0.189638]]]]}},{"type":"Feature","id":307,"properties":{"Clan":"Vale","Name":null},"geometry":{"type":"MultiPolygon","coordinates":[[[[0.085938,-0.200435],[0.085948,-0.200567],[0.085967,-0.200756],[0.086004,-0.201027],[0.08606,-0.201312],[0.086163,-0.201491],[0.086299,-0.201736],[0.086332,-0.201945],[0.086441,-0.202193],[0.08655,-0.202197],[0.086676,-0.202157],[0.086782,-0.202084],[0.086945,-0.201919],[0.087031,-0.201862],[0.087077,-0.201716],[0.087157,-0.201597],[0.087233,-0.201488],[0.087332,-0.201375],[0.087372,-0.201299],[0.087369,-0.20116],[0.087372,-0.201011],[0.087259,-0.20064],[0.08719,-0.200395],[0.087133,-0.200219],[0.087167,-0.199825],[0.087001,-0.199775],[0.086789,-0.199792],[0.086587,-0.199822],[0.086484,-0.199835],[0.086302,-0.199875],[0.086216,-0.199888],[0.08614,-0.200021],[0.086103,-0.200093],[0.086083,-0.200173],[0.086057,-0.200259],[0.085938,-0.200435]]]]}},{"type":"Feature","id":308,"properties":{"Clan":"Vale","Name":null},"geometry":{"type":"MultiPolygon","coordinates":[[[[0.085895,-0.204345],[0.085869,-0.203103],[0.085694,-0.202932],[0.085631,-0.202674],[0.085554,-0.202565],[0.085404,-0.202534],[0.085305,-0.202425],[0.085248,-0.20227],[0.085124,-0.202078],[0.084979,-0.202021],[0.084876,-0.201928],[0.084757,-0.201768],[0.084627,-0.201649],[0.084441,-0.201504],[0.08426,-0.201343],[0.084141,-0.201307],[0.084105,-0.201323],[0.08412,-0.20153],[0.08411,-0.201602],[0.084089,-0.201763],[0.084084,-0.202109],[0.08426,-0.202404],[0.0844,-0.202684],[0.084498,-0.202829],[0.084643,-0.202937],[0.084741,-0.203005],[0.084679,-0.203181],[0.084633,-0.20332],[0.084658,-0.20346],[0.0847,-0.203641],[0.084741,-0.203823],[0.084793,-0.203962],[0.084907,-0.2042],[0.084979,-0.204381],[0.085078,-0.204583],[0.08516,-0.20464],[0.085466,-0.204526],[0.085895,-0.204345]]]]}},{"type":"Feature","id":309,"properties":{"Clan":"Vale","Name":null},"geometry":{"type":"MultiPolygon","coordinates":[[[[0.084798,-0.197196],[0.084633,-0.197226],[0.08458,-0.197302],[0.084474,-0.197473],[0.084415,-0.19745],[0.084415,-0.197385],[0.084286,-0.197467],[0.084256,-0.197644],[0.084174,-0.197738],[0.083968,-0.197838],[0.083868,-0.197956],[0.083868,-0.198174],[0.083844,-0.198574],[0.083903,-0.198892],[0.083938,-0.19921],[0.083997,-0.199417],[0.084121,-0.199646],[0.084203,-0.199958],[0.084339,-0.200176],[0.084468,-0.200318],[0.084551,-0.200577],[0.084604,-0.200759],[0.084704,-0.200806],[0.084786,-0.200795],[0.084934,-0.200588],[0.085022,-0.200424],[0.085275,-0.200076],[0.085422,-0.199758],[0.085446,-0.199517],[0.085399,-0.199322],[0.08534,-0.199187],[0.085322,-0.199063],[0.08534,-0.198951],[0.085411,-0.198781],[0.085475,-0.198627],[0.085505,-0.198498],[0.085546,-0.198274],[0.085522,-0.198103],[0.085475,-0.19795],[0.085281,-0.197827],[0.085116,-0.197785],[0.084992,-0.197756],[0.084886,-0.197579],[0.084833,-0.197361],[0.084798,-0.197196]]]]}},{"type":"Feature","id":310,"properties":{"Clan":"Werebrand","Name":"Mad Coast South"},"geometry":{"type":"MultiPolygon","coordinates":[[[[0.089656,-0.236496],[0.089309,-0.236579],[0.088902,-0.236718],[0.088213,-0.237027],[0.087847,-0.237155],[0.087353,-0.237329],[0.087007,-0.237449],[0.086626,-0.237679],[0.086332,-0.23783],[0.085582,-0.237826],[0.085714,-0.238094],[0.086023,-0.238708],[0.086257,-0.239111],[0.086373,-0.23933],[0.086551,-0.239831],[0.086698,-0.240246],[0.087078,-0.24135],[0.087233,-0.241828],[0.087402,-0.242092],[0.087561,-0.242364],[0.0877,-0.242793],[0.087832,-0.243125],[0.08793,-0.243671],[0.088066,-0.24406],[0.088243,-0.244497],[0.088292,-0.2449],[0.088378,-0.245254],[0.088684,-0.245548],[0.088846,-0.245899],[0.089064,-0.246144],[0.089268,-0.246332],[0.089705,-0.246762],[0.090244,-0.247387],[0.090459,-0.247542],[0.090647,-0.247881],[0.090828,-0.248183],[0.0911,-0.248526],[0.091375,-0.248808],[0.091578,-0.248997],[0.092023,-0.249215],[0.092419,-0.249652],[0.092856,-0.249897],[0.093282,-0.250244],[0.093696,-0.250353],[0.094039,-0.25038],[0.095234,-0.2505],[0.095946,-0.250557],[0.096451,-0.250564],[0.096414,-0.250335],[0.096402,-0.250142],[0.096455,-0.249984],[0.096504,-0.249833],[0.096527,-0.249656],[0.096515,-0.249539],[0.096527,-0.249415],[0.096568,-0.249298],[0.096662,-0.249193],[0.096753,-0.249038],[0.096677,-0.248895],[0.096542,-0.248722],[0.096154,-0.248186],[0.095909,-0.247904],[0.095758,-0.247602],[0.095682,-0.247482],[0.095622,-0.247335],[0.095513,-0.247252],[0.095366,-0.247071],[0.095245,-0.247003],[0.09503,-0.246799],[0.094729,-0.246524],[0.094303,-0.246189],[0.093986,-0.24591],[0.093485,-0.245462],[0.09315,-0.245243],[0.092916,-0.244994],[0.092652,-0.244572],[0.092422,-0.244225],[0.092215,-0.243954],[0.092042,-0.243679],[0.091725,-0.243253],[0.091469,-0.242884],[0.091231,-0.242416],[0.0911,-0.2421],[0.090889,-0.241584],[0.090749,-0.241037],[0.090666,-0.240781],[0.090625,-0.240438],[0.090542,-0.239997],[0.090478,-0.239722],[0.090361,-0.239285],[0.090259,-0.238923],[0.090154,-0.238678],[0.090056,-0.238286],[0.090003,-0.237962],[0.089958,-0.237683],[0.089878,-0.237457],[0.089803,-0.237159],[0.089656,-0.236496]]]]}},{"type":"Feature","id":311,"properties":{"Clan":"Werebrand","Name":"Valor's Wreck"},"geometry":{"type":"MultiPolygon","coordinates":[[[[0.096768,-0.249023],[0.096619,-0.249241],[0.096568,-0.249298],[0.096527,-0.249415],[0.096515,-0.249539],[0.096527,-0.249656],[0.096504,-0.249833],[0.096455,-0.249984],[0.096402,-0.250142],[0.096414,-0.250335],[0.096445,-0.250526],[0.096399,-0.250913],[0.096269,-0.251261],[0.095969,-0.251673],[0.095569,-0.25205],[0.095298,-0.252291],[0.094968,-0.252804],[0.094703,-0.253575],[0.094409,-0.254011],[0.093949,-0.254447],[0.093731,-0.254812],[0.093455,-0.255348],[0.09286,-0.255742],[0.092642,-0.255925],[0.093513,-0.256131],[0.094267,-0.256355],[0.094897,-0.256602],[0.095474,-0.256555],[0.096287,-0.256296],[0.097047,-0.255995],[0.097712,-0.255883],[0.099037,-0.255901],[0.099549,-0.255978],[0.100757,-0.25596],[0.101257,-0.255995],[0.10187,-0.256225],[0.102294,-0.256237],[0.102606,-0.256125],[0.102759,-0.256078],[0.103212,-0.255683],[0.103354,-0.25556],[0.103566,-0.255118],[0.103701,-0.254929],[0.10386,-0.254629],[0.103919,-0.254276],[0.103907,-0.254064],[0.103766,-0.253858],[0.103619,-0.253622],[0.103548,-0.253481],[0.103371,-0.253286],[0.103265,-0.253127],[0.103036,-0.252951],[0.102865,-0.252721],[0.102647,-0.252338],[0.102241,-0.251803],[0.102005,-0.251814],[0.101563,-0.25175],[0.101028,-0.251661],[0.10058,-0.251526],[0.100221,-0.251479],[0.099968,-0.251414],[0.099726,-0.25132],[0.099532,-0.251208],[0.099379,-0.251084],[0.099214,-0.250925],[0.098972,-0.25079],[0.098596,-0.250531],[0.0984,-0.250346],[0.09823,-0.250188],[0.098121,-0.250067],[0.097989,-0.249943],[0.097925,-0.24983],[0.097857,-0.249634],[0.09768,-0.249362],[0.097627,-0.249272],[0.097378,-0.249193],[0.097186,-0.249208],[0.097054,-0.249136],[0.096919,-0.249068],[0.096768,-0.249023]]]]}},{"type":"Feature","id":312,"properties":{"Clan":"Werebrand","Name":"Nameless Bay"},"geometry":{"type":"MultiPolygon","coordinates":[[[[0.09261,-0.25592],[0.092937,-0.255994],[0.092642,-0.255925],[0.09286,-0.255742],[0.093455,-0.255348],[0.093731,-0.254812],[0.093949,-0.254447],[0.094409,-0.254011],[0.094703,-0.253575],[0.094968,-0.252804],[0.095298,-0.252291],[0.095569,-0.25205],[0.095969,-0.251673],[0.096269,-0.251261],[0.096399,-0.250913],[0.09644,-0.250564],[0.095946,-0.250557],[0.095234,-0.2505],[0.094039,-0.25038],[0.093696,-0.250353],[0.093282,-0.250244],[0.092856,-0.249897],[0.092419,-0.249652],[0.092023,-0.249215],[0.091619,-0.249017],[0.091474,-0.249018],[0.091175,-0.249056],[0.090635,-0.249047],[0.090143,-0.248998],[0.089708,-0.248979],[0.089409,-0.249018],[0.089187,-0.249056],[0.088869,-0.24922],[0.088666,-0.249375],[0.088425,-0.249645],[0.088088,-0.249954],[0.087769,-0.250272],[0.087201,-0.250789],[0.086676,-0.251252],[0.086336,-0.251536],[0.086015,-0.251845],[0.085836,-0.251993],[0.085676,-0.25224],[0.085824,-0.252321],[0.086052,-0.252351],[0.086379,-0.25266],[0.086589,-0.252845],[0.086966,-0.253247],[0.087207,-0.253512],[0.087522,-0.253914],[0.087905,-0.254216],[0.088417,-0.254624],[0.088664,-0.25479],[0.088923,-0.255],[0.089238,-0.25526],[0.08972,-0.255377],[0.090955,-0.255636],[0.091968,-0.255859],[0.09261,-0.25592]]]]}},{"type":"Feature","id":313,"properties":{"Clan":"Werebrand","Name":null},"geometry":{"type":"MultiPolygon","coordinates":[[[[0.085787,-0.252327],[0.085684,-0.252245],[0.085676,-0.25224],[0.085836,-0.251993],[0.086015,-0.251845],[0.086336,-0.251536],[0.086676,-0.251252],[0.087201,-0.250789],[0.087451,-0.250561],[0.087242,-0.250537],[0.086945,-0.250544],[0.085843,-0.250631],[0.084225,-0.250757],[0.082528,-0.250873],[0.081663,-0.250942],[0.081241,-0.250924],[0.080997,-0.251036],[0.080856,-0.251088],[0.080461,-0.251207],[0.080312,-0.251262],[0.080101,-0.251436],[0.079826,-0.251564],[0.079613,-0.251674],[0.079442,-0.251718],[0.079099,-0.251722],[0.079004,-0.251729],[0.078735,-0.251735],[0.078453,-0.251719],[0.078214,-0.251645],[0.077911,-0.25153],[0.077735,-0.251435],[0.077415,-0.251299],[0.077116,-0.25114],[0.076799,-0.25093],[0.076605,-0.250816],[0.07649,-0.250725],[0.076204,-0.250536],[0.076022,-0.250435],[0.075768,-0.250266],[0.075627,-0.250189],[0.075306,-0.250009],[0.075195,-0.249941],[0.075122,-0.24986],[0.074847,-0.249714],[0.07469,-0.249721],[0.074536,-0.249799],[0.074376,-0.249883],[0.074243,-0.249977],[0.074105,-0.250148],[0.073974,-0.2503],[0.073861,-0.250388],[0.073514,-0.250556],[0.073343,-0.250678],[0.073381,-0.250758],[0.073604,-0.250894],[0.074061,-0.251351],[0.074524,-0.251814],[0.074999,-0.252086],[0.075604,-0.252351],[0.076142,-0.252487],[0.076531,-0.252728],[0.076858,-0.253136],[0.077259,-0.253518],[0.077926,-0.253957],[0.078204,-0.254136],[0.078519,-0.254383],[0.078772,-0.254574],[0.079204,-0.254599],[0.079507,-0.254519],[0.079939,-0.254414],[0.080569,-0.254148],[0.081032,-0.253827],[0.081304,-0.253821],[0.081711,-0.253833],[0.082144,-0.253815],[0.082391,-0.253821],[0.082613,-0.253784],[0.082897,-0.253654],[0.083051,-0.253457],[0.083502,-0.253284],[0.084014,-0.25321],[0.084391,-0.253142],[0.084552,-0.253136],[0.084743,-0.253061],[0.084793,-0.252913],[0.084959,-0.252728],[0.085182,-0.2525],[0.085429,-0.252413],[0.085787,-0.252327]]]]}},{"type":"Feature","id":314,"properties":{"Clan":"Werebrand","Name":null},"geometry":{"type":"MultiPolygon","coordinates":[[[[0.081223,-0.25094],[0.08128,-0.250926],[0.081663,-0.250942],[0.082528,-0.250873],[0.084225,-0.250757],[0.085843,-0.250631],[0.086945,-0.250544],[0.087242,-0.250537],[0.087451,-0.250561],[0.087769,-0.250272],[0.088088,-0.249954],[0.088425,-0.249645],[0.088666,-0.249375],[0.088869,-0.24922],[0.089187,-0.249056],[0.089409,-0.249018],[0.089708,-0.248979],[0.090143,-0.248998],[0.090635,-0.249047],[0.091175,-0.249056],[0.091474,-0.249018],[0.091619,-0.249017],[0.091578,-0.248997],[0.091375,-0.248808],[0.0911,-0.248526],[0.090828,-0.248183],[0.090647,-0.247881],[0.090459,-0.247542],[0.090244,-0.247387],[0.089705,-0.246762],[0.089268,-0.246332],[0.089064,-0.246144],[0.088846,-0.245899],[0.088684,-0.245548],[0.088378,-0.245254],[0.088377,-0.245247],[0.087921,-0.245431],[0.087625,-0.24551],[0.087064,-0.245672],[0.086641,-0.245763],[0.08621,-0.245747],[0.085866,-0.245676],[0.085507,-0.245644],[0.085021,-0.245569],[0.084847,-0.245506],[0.08455,-0.24532],[0.08446,-0.245273],[0.084278,-0.245229],[0.083914,-0.245194],[0.083385,-0.245198],[0.083084,-0.245198],[0.082914,-0.24519],[0.082744,-0.245194],[0.082618,-0.245221],[0.082432,-0.245292],[0.082231,-0.245312],[0.082029,-0.24534],[0.081551,-0.245336],[0.081219,-0.245419],[0.08101,-0.24547],[0.080666,-0.245466],[0.080176,-0.245462],[0.079911,-0.245375],[0.079777,-0.245265],[0.079607,-0.245154],[0.079488,-0.245122],[0.079279,-0.245119],[0.079192,-0.245154],[0.078939,-0.24532],[0.07882,-0.245624],[0.078737,-0.245897],[0.078753,-0.246221],[0.079125,-0.246988],[0.079302,-0.247419],[0.079524,-0.247889],[0.079733,-0.2486],[0.07982,-0.24911],[0.080172,-0.249703],[0.080745,-0.250228],[0.081025,-0.250623],[0.081223,-0.25094]]]]}},{"type":"Feature","id":315,"properties":{"Clan":"Werebrand","Name":null},"geometry":{"type":"MultiPolygon","coordinates":[[[[0.079539,-0.24512],[0.079911,-0.245375],[0.080176,-0.245462],[0.080666,-0.245466],[0.08101,-0.24547],[0.081219,-0.245419],[0.081551,-0.245336],[0.082029,-0.24534],[0.082231,-0.245312],[0.082432,-0.245292],[0.082618,-0.245221],[0.082744,-0.245194],[0.082914,-0.24519],[0.083084,-0.245198],[0.083385,-0.245198],[0.083914,-0.245194],[0.084278,-0.245229],[0.08446,-0.245273],[0.08455,-0.24532],[0.084847,-0.245506],[0.085021,-0.245569],[0.085507,-0.245644],[0.085866,-0.245676],[0.08621,-0.245747],[0.086641,-0.245763],[0.087064,-0.245672],[0.087625,-0.24551],[0.087921,-0.245431],[0.088377,-0.245247],[0.088292,-0.2449],[0.088243,-0.244497],[0.088066,-0.24406],[0.08793,-0.243671],[0.087832,-0.243125],[0.0877,-0.242793],[0.087561,-0.242364],[0.087402,-0.242092],[0.087233,-0.241828],[0.087078,-0.24135],[0.086698,-0.240246],[0.086551,-0.239831],[0.086373,-0.23933],[0.086257,-0.239111],[0.086023,-0.238708],[0.085714,-0.238094],[0.085599,-0.23786],[0.085454,-0.237826],[0.085261,-0.237691],[0.084894,-0.237411],[0.084826,-0.237189],[0.084585,-0.236881],[0.083939,-0.236157],[0.083669,-0.235839],[0.083273,-0.235356],[0.082675,-0.234806],[0.082212,-0.234478],[0.081797,-0.234227],[0.08144,-0.234063],[0.081044,-0.23388],[0.080832,-0.233812],[0.08034,-0.233687],[0.080041,-0.233552],[0.079896,-0.233407],[0.079597,-0.232992],[0.079134,-0.232655],[0.078603,-0.232066],[0.078343,-0.231507],[0.078005,-0.231082],[0.077475,-0.230696],[0.077204,-0.230503],[0.076867,-0.23031],[0.076269,-0.230156],[0.075873,-0.230407],[0.07541,-0.230802],[0.074484,-0.231497],[0.073953,-0.231777],[0.073374,-0.231921],[0.072429,-0.232114],[0.071975,-0.232307],[0.071985,-0.232645],[0.072149,-0.233349],[0.072274,-0.233832],[0.072322,-0.23414],[0.072303,-0.234362],[0.072168,-0.234575],[0.072187,-0.234835],[0.072351,-0.235221],[0.072583,-0.235858],[0.073085,-0.237131],[0.073364,-0.237749],[0.073683,-0.238231],[0.074098,-0.239071],[0.074493,-0.239659],[0.07459,-0.240171],[0.074667,-0.240518],[0.075477,-0.240962],[0.076162,-0.24127],[0.076703,-0.241608],[0.077349,-0.242081],[0.077861,-0.242428],[0.078217,-0.242853],[0.078391,-0.243412],[0.07842,-0.243904],[0.078632,-0.244232],[0.079095,-0.244599],[0.079539,-0.24512]]]]}},{"type":"Feature","id":316,"properties":{"Clan":"Werebrand","Name":null},"geometry":{"type":"MultiPolygon","coordinates":[[[[0.071956,-0.232307],[0.071719,-0.232461],[0.071474,-0.232567],[0.071138,-0.232674],[0.070754,-0.232777],[0.069431,-0.232773],[0.068869,-0.232334],[0.068324,-0.231789],[0.06781,-0.231121],[0.067451,-0.23052],[0.067135,-0.230058],[0.066992,-0.229687],[0.066573,-0.230109],[0.066348,-0.230651],[0.066328,-0.231212],[0.06636,-0.231674],[0.066427,-0.231991],[0.06651,-0.232156],[0.066633,-0.232386],[0.066743,-0.232718],[0.066826,-0.233034],[0.066909,-0.233413],[0.06698,-0.233773],[0.067131,-0.234069],[0.06721,-0.234302],[0.06732,-0.234472],[0.067644,-0.23482],[0.067731,-0.234958],[0.067996,-0.23529],[0.068225,-0.23548],[0.068672,-0.235685],[0.068996,-0.235867],[0.069442,-0.236077],[0.069774,-0.236341],[0.070087,-0.236602],[0.070438,-0.236792],[0.070869,-0.23714],[0.071169,-0.237503],[0.071363,-0.237816],[0.071537,-0.238242],[0.071904,-0.23874],[0.072094,-0.239187],[0.072177,-0.239369],[0.072225,-0.239649],[0.072612,-0.239886],[0.073082,-0.240088],[0.073639,-0.240242],[0.074224,-0.240412],[0.074485,-0.240487],[0.074663,-0.240498],[0.07459,-0.240171],[0.074493,-0.239659],[0.074098,-0.239071],[0.073683,-0.238231],[0.073364,-0.237749],[0.073085,-0.237131],[0.072583,-0.235858],[0.072351,-0.235221],[0.072187,-0.234835],[0.072168,-0.234575],[0.072303,-0.234362],[0.072322,-0.23414],[0.072274,-0.233832],[0.072149,-0.233349],[0.071985,-0.232645],[0.071981,-0.232501],[0.071956,-0.232307]]]]}},{"type":"Feature","id":317,"properties":{"Clan":"Werebrand","Name":null},"geometry":{"type":"MultiPolygon","coordinates":[[[[0.0722,-0.23965],[0.071954,-0.239494],[0.071604,-0.239313],[0.071164,-0.238983],[0.071035,-0.239106],[0.071177,-0.239378],[0.071436,-0.240096],[0.071831,-0.24066],[0.071922,-0.241048],[0.071928,-0.241508],[0.072019,-0.241793],[0.07242,-0.242201],[0.07277,-0.242492],[0.073184,-0.24288],[0.073404,-0.243094],[0.073657,-0.243204],[0.07411,-0.243392],[0.074518,-0.243632],[0.074738,-0.243755],[0.074829,-0.243884],[0.075224,-0.244195],[0.075431,-0.244344],[0.07593,-0.24457],[0.076376,-0.244797],[0.076778,-0.244946],[0.077224,-0.245127],[0.077606,-0.24527],[0.078073,-0.245244],[0.078532,-0.245192],[0.078701,-0.245205],[0.079047,-0.245249],[0.079192,-0.245154],[0.079279,-0.245119],[0.079488,-0.245122],[0.079578,-0.245146],[0.079607,-0.245154],[0.079777,-0.245265],[0.079303,-0.244843],[0.079095,-0.244599],[0.078632,-0.244232],[0.07842,-0.243904],[0.078391,-0.243412],[0.078217,-0.242853],[0.077861,-0.242428],[0.077349,-0.242081],[0.076703,-0.241608],[0.076162,-0.24127],[0.075477,-0.240962],[0.074667,-0.240518],[0.074663,-0.240498],[0.074485,-0.240487],[0.074224,-0.240412],[0.073639,-0.240242],[0.073082,-0.240088],[0.072612,-0.239886],[0.072225,-0.239649],[0.072217,-0.239604],[0.0722,-0.23965]]]]}},{"type":"Feature","id":318,"properties":{"Clan":"Werebrand","Name":null},"geometry":{"type":"MultiPolygon","coordinates":[[[[0.074692,-0.24972],[0.074833,-0.249715],[0.074847,-0.249714],[0.075122,-0.24986],[0.075195,-0.249941],[0.075306,-0.250009],[0.075627,-0.250189],[0.075768,-0.250266],[0.076022,-0.250435],[0.076204,-0.250536],[0.07649,-0.250725],[0.076605,-0.250816],[0.076799,-0.25093],[0.077116,-0.25114],[0.077415,-0.251299],[0.077735,-0.251435],[0.077911,-0.25153],[0.078214,-0.251645],[0.078453,-0.251719],[0.078735,-0.251735],[0.079004,-0.251729],[0.079099,-0.251722],[0.079442,-0.251718],[0.079613,-0.251674],[0.079826,-0.251564],[0.080101,-0.251436],[0.080312,-0.251262],[0.080461,-0.251207],[0.080856,-0.251088],[0.080997,-0.251036],[0.081219,-0.250934],[0.081025,-0.250623],[0.080745,-0.250228],[0.080172,-0.249703],[0.07982,-0.24911],[0.079733,-0.2486],[0.079524,-0.247889],[0.079302,-0.247419],[0.079125,-0.246988],[0.078753,-0.246221],[0.078737,-0.245897],[0.07882,-0.245624],[0.078939,-0.24532],[0.079047,-0.245249],[0.078701,-0.245205],[0.078532,-0.245192],[0.078073,-0.245244],[0.077606,-0.24527],[0.077224,-0.245127],[0.076778,-0.244946],[0.076376,-0.244797],[0.07593,-0.24457],[0.075431,-0.244344],[0.075224,-0.244195],[0.074829,-0.243884],[0.074738,-0.243755],[0.074518,-0.243632],[0.07411,-0.243392],[0.073657,-0.243204],[0.073404,-0.243094],[0.073184,-0.24288],[0.07277,-0.242492],[0.07242,-0.242201],[0.072019,-0.241793],[0.071928,-0.241508],[0.071922,-0.241048],[0.071831,-0.24066],[0.071436,-0.240096],[0.071177,-0.239378],[0.071045,-0.239125],[0.070846,-0.239405],[0.070224,-0.239413],[0.069636,-0.239496],[0.069078,-0.239597],[0.068935,-0.239876],[0.068762,-0.240208],[0.068664,-0.240536],[0.068562,-0.240792],[0.068325,-0.241237],[0.068174,-0.241497],[0.067993,-0.241908],[0.06785,-0.242254],[0.067541,-0.242594],[0.067024,-0.243019],[0.06655,-0.243475],[0.06647,-0.243611],[0.066406,-0.243879],[0.06635,-0.244026],[0.066169,-0.244395],[0.065935,-0.244666],[0.065528,-0.244892],[0.065442,-0.24513],[0.065298,-0.245477],[0.065144,-0.245774],[0.064929,-0.246151],[0.064774,-0.246366],[0.064669,-0.246573],[0.064605,-0.246777],[0.064522,-0.247101],[0.064462,-0.247647],[0.064394,-0.248062],[0.064254,-0.24845],[0.063866,-0.249434],[0.064974,-0.249057],[0.065204,-0.248982],[0.065411,-0.248914],[0.065792,-0.248869],[0.066143,-0.248733],[0.067209,-0.248721],[0.068017,-0.248849],[0.068726,-0.249035],[0.069879,-0.249035],[0.070248,-0.248955],[0.070557,-0.248859],[0.071524,-0.248867],[0.072088,-0.248875],[0.072316,-0.248869],[0.072526,-0.248869],[0.0729,-0.248943],[0.073215,-0.248997],[0.073307,-0.249053],[0.07338,-0.249094],[0.073673,-0.249191],[0.074401,-0.249537],[0.074692,-0.24972]]]]}},{"type":"Feature","id":319,"properties":{"Clan":"Werebrand","Name":null},"geometry":{"type":"MultiPolygon","coordinates":[[[[0.069073,-0.2396],[0.069161,-0.239582],[0.069636,-0.239496],[0.070224,-0.239413],[0.070846,-0.239405],[0.071045,-0.239125],[0.071035,-0.239106],[0.071152,-0.238994],[0.070981,-0.238852],[0.07084,-0.238826],[0.070586,-0.238693],[0.070284,-0.238532],[0.070022,-0.238527],[0.069786,-0.238434],[0.069507,-0.238299],[0.069289,-0.238121],[0.068822,-0.237681],[0.068391,-0.237341],[0.06812,-0.237076],[0.067838,-0.236906],[0.067576,-0.236826],[0.067211,-0.236837],[0.066871,-0.236814],[0.066555,-0.236599],[0.066296,-0.236345],[0.066011,-0.236098],[0.065769,-0.235902],[0.065507,-0.235433],[0.065355,-0.23535],[0.065024,-0.235617],[0.064914,-0.235882],[0.064765,-0.236233],[0.064581,-0.236518],[0.064408,-0.236777],[0.064443,-0.237111],[0.064486,-0.23737],[0.064658,-0.237672],[0.064684,-0.237896],[0.064716,-0.238469],[0.064963,-0.238702],[0.065073,-0.238855],[0.065332,-0.239234],[0.065516,-0.239393],[0.065904,-0.239588],[0.066828,-0.239588],[0.067326,-0.239678],[0.067948,-0.239663],[0.068704,-0.239657],[0.069073,-0.2396]]]]}},{"type":"Feature","id":320,"properties":{"Clan":"Werebrand","Name":null},"geometry":{"type":"MultiPolygon","coordinates":[[[[0.066534,-0.232205],[0.066368,-0.232294],[0.066153,-0.232407],[0.065987,-0.232504],[0.065874,-0.232797],[0.065822,-0.23294],[0.065797,-0.233034],[0.065726,-0.233293],[0.065677,-0.233431],[0.065594,-0.23358],[0.065484,-0.233715],[0.065484,-0.233859],[0.065421,-0.234151],[0.065406,-0.234275],[0.065384,-0.234509],[0.065362,-0.234741],[0.065359,-0.235024],[0.065408,-0.235132],[0.065361,-0.235353],[0.065507,-0.235433],[0.065769,-0.235902],[0.066011,-0.236098],[0.066296,-0.236345],[0.066555,-0.236599],[0.066871,-0.236814],[0.067211,-0.236837],[0.067576,-0.236826],[0.067838,-0.236906],[0.06812,-0.237076],[0.068391,-0.237341],[0.068822,-0.237681],[0.069289,-0.238121],[0.069507,-0.238299],[0.069786,-0.238434],[0.070022,-0.238527],[0.070284,-0.238532],[0.070586,-0.238693],[0.07084,-0.238826],[0.070981,-0.238852],[0.071152,-0.238994],[0.071164,-0.238983],[0.071604,-0.239313],[0.071954,-0.239494],[0.0722,-0.23965],[0.072217,-0.239604],[0.072177,-0.239369],[0.072094,-0.239187],[0.071904,-0.23874],[0.071537,-0.238242],[0.071363,-0.237816],[0.071169,-0.237503],[0.070869,-0.23714],[0.070438,-0.236792],[0.070087,-0.236602],[0.069774,-0.236341],[0.069442,-0.236077],[0.068996,-0.235867],[0.068672,-0.235685],[0.068225,-0.23548],[0.067996,-0.23529],[0.067731,-0.234958],[0.067644,-0.23482],[0.06732,-0.234472],[0.06721,-0.234302],[0.067131,-0.234069],[0.06698,-0.233773],[0.066909,-0.233413],[0.066826,-0.233034],[0.066743,-0.232718],[0.066633,-0.232386],[0.066591,-0.232308],[0.066534,-0.232205]]]]}},{"type":"Feature","id":321,"properties":{"Clan":"Werebrand","Name":null},"geometry":{"type":"MultiPolygon","coordinates":[[[[0.06603,-0.232474],[0.065737,-0.232431],[0.065575,-0.232396],[0.065523,-0.231996],[0.065398,-0.231672],[0.065299,-0.231487],[0.065166,-0.231216],[0.064998,-0.231128],[0.064755,-0.231013],[0.064459,-0.230826],[0.064065,-0.230583],[0.063892,-0.230468],[0.06378,-0.230338],[0.063577,-0.230151],[0.063356,-0.229991],[0.063294,-0.229892],[0.063014,-0.229584],[0.062843,-0.229392],[0.062625,-0.229308],[0.062283,-0.229191],[0.062083,-0.229096],[0.061684,-0.228948],[0.061366,-0.228792],[0.061222,-0.228728],[0.060991,-0.228703],[0.06071,-0.22874],[0.060425,-0.22885],[0.060268,-0.228882],[0.0601,-0.228952],[0.060095,-0.229175],[0.06014,-0.229354],[0.060231,-0.229516],[0.060315,-0.229575],[0.060401,-0.229754],[0.060638,-0.230484],[0.060927,-0.231231],[0.061103,-0.231576],[0.061167,-0.231752],[0.061337,-0.232202],[0.061409,-0.232544],[0.061491,-0.233024],[0.061467,-0.233432],[0.061438,-0.233852],[0.061499,-0.23408],[0.061737,-0.234551],[0.061884,-0.235205],[0.061885,-0.235304],[0.06208,-0.235474],[0.062271,-0.235652],[0.06251,-0.235849],[0.062736,-0.236088],[0.063094,-0.23631],[0.063316,-0.236415],[0.063566,-0.236442],[0.063725,-0.236528],[0.063903,-0.236608],[0.064175,-0.236604],[0.064339,-0.236572],[0.064534,-0.236587],[0.064475,-0.236677],[0.064581,-0.236518],[0.064765,-0.236233],[0.064914,-0.235882],[0.065024,-0.235617],[0.065355,-0.23535],[0.065361,-0.235353],[0.065408,-0.235132],[0.065359,-0.235024],[0.065362,-0.234741],[0.065384,-0.234509],[0.065406,-0.234275],[0.065421,-0.234151],[0.065484,-0.233859],[0.065484,-0.233715],[0.065594,-0.23358],[0.065677,-0.233431],[0.065726,-0.233293],[0.065797,-0.233034],[0.065822,-0.23294],[0.065874,-0.232797],[0.065959,-0.232576],[0.06603,-0.232474]]]]}},{"type":"Feature","id":322,"properties":{"Clan":"Werebrand","Name":null},"geometry":{"type":"MultiPolygon","coordinates":[[[[0.063217,-0.222775],[0.063439,-0.222653],[0.063806,-0.22267],[0.064323,-0.222803],[0.065613,-0.222953],[0.066603,-0.22307],[0.067203,-0.223092],[0.067453,-0.223087],[0.067881,-0.222231],[0.068076,-0.221797],[0.068254,-0.221085],[0.068259,-0.220279],[0.068171,-0.220001],[0.067715,-0.21974],[0.067298,-0.219495],[0.066853,-0.219211],[0.066491,-0.218984],[0.066241,-0.218728],[0.066141,-0.218472],[0.066063,-0.218277],[0.065963,-0.218188],[0.065624,-0.21825],[0.065407,-0.218261],[0.065113,-0.218277],[0.064801,-0.218327],[0.064484,-0.218422],[0.064173,-0.218494],[0.063795,-0.218583],[0.063178,-0.218667],[0.062772,-0.218806],[0.062105,-0.218989],[0.061615,-0.219106],[0.061221,-0.2192],[0.060792,-0.219239],[0.060498,-0.219011],[0.059986,-0.218678],[0.059708,-0.218628],[0.058941,-0.218733],[0.058046,-0.219206],[0.057273,-0.219801],[0.056756,-0.220107],[0.056372,-0.220279],[0.056424,-0.220349],[0.056566,-0.220372],[0.05701,-0.220611],[0.057451,-0.22083],[0.058116,-0.2212],[0.058709,-0.221472],[0.059121,-0.221656],[0.059161,-0.221721],[0.059177,-0.221713],[0.060777,-0.221735],[0.061066,-0.221806],[0.061288,-0.221935],[0.061719,-0.222246],[0.062093,-0.222513],[0.062368,-0.222686],[0.062573,-0.222806],[0.062742,-0.222828],[0.063042,-0.222756],[0.063137,-0.222731],[0.063193,-0.222765],[0.063217,-0.222775]]]]}},{"type":"Feature","id":323,"properties":{"Clan":"Werebrand","Name":null},"geometry":{"type":"MultiPolygon","coordinates":[[[[0.066988,-0.229697],[0.067136,-0.22927],[0.067457,-0.228775],[0.067716,-0.228319],[0.067709,-0.227653],[0.067543,-0.227308],[0.067354,-0.226642],[0.067268,-0.226272],[0.06719,-0.225694],[0.067165,-0.225072],[0.067175,-0.223909],[0.067373,-0.223089],[0.067203,-0.223092],[0.066603,-0.22307],[0.065613,-0.222953],[0.064323,-0.222803],[0.063806,-0.22267],[0.063439,-0.222653],[0.063217,-0.222775],[0.063193,-0.222765],[0.063373,-0.222877],[0.063084,-0.223744],[0.062844,-0.224211],[0.062493,-0.224793],[0.062399,-0.225691],[0.062368,-0.226139],[0.062351,-0.226886],[0.062288,-0.227673],[0.061902,-0.228317],[0.061577,-0.228864],[0.061362,-0.228791],[0.061366,-0.228792],[0.061684,-0.228948],[0.062083,-0.229096],[0.062283,-0.229191],[0.062625,-0.229308],[0.062843,-0.229392],[0.063014,-0.229584],[0.063294,-0.229892],[0.063356,-0.229991],[0.063577,-0.230151],[0.06378,-0.230338],[0.063892,-0.230468],[0.064065,-0.230583],[0.064459,-0.230826],[0.064755,-0.231013],[0.064998,-0.231128],[0.065166,-0.231216],[0.065299,-0.231487],[0.065398,-0.231672],[0.065523,-0.231996],[0.065575,-0.232396],[0.065737,-0.232431],[0.06603,-0.232474],[0.066024,-0.232483],[0.066153,-0.232407],[0.066368,-0.232294],[0.066534,-0.232205],[0.066591,-0.232308],[0.06651,-0.232156],[0.066427,-0.231991],[0.06636,-0.231674],[0.066328,-0.231212],[0.066348,-0.230651],[0.066573,-0.230109],[0.066869,-0.229811],[0.066988,-0.229697]]]]}},{"type":"Feature","id":324,"properties":{"Clan":"Werebrand","Name":"Mad Coast"},"geometry":{"type":"MultiPolygon","coordinates":[[[[0.089653,-0.236488],[0.088876,-0.234836],[0.087693,-0.23346],[0.086624,-0.232617],[0.086074,-0.232018],[0.084892,-0.23116],[0.084163,-0.230447],[0.08379,-0.230026],[0.08311,-0.229816],[0.081928,-0.228634],[0.081296,-0.227678],[0.080366,-0.22635],[0.080128,-0.225831],[0.079734,-0.225655],[0.078977,-0.225634],[0.078107,-0.225593],[0.077723,-0.225614],[0.077537,-0.225904],[0.077443,-0.226391],[0.077329,-0.227241],[0.07706,-0.228205],[0.076728,-0.229231],[0.076376,-0.229925],[0.076269,-0.230156],[0.076867,-0.23031],[0.077204,-0.230503],[0.077475,-0.230696],[0.078005,-0.231082],[0.078343,-0.231507],[0.078603,-0.232066],[0.079134,-0.232655],[0.079597,-0.232992],[0.079896,-0.233407],[0.080041,-0.233552],[0.08034,-0.233687],[0.080832,-0.233812],[0.081044,-0.23388],[0.08144,-0.234063],[0.081797,-0.234227],[0.082212,-0.234478],[0.082675,-0.234806],[0.083273,-0.235356],[0.083669,-0.235839],[0.083939,-0.236157],[0.084585,-0.236881],[0.084826,-0.237189],[0.084894,-0.237411],[0.085261,-0.237691],[0.085454,-0.237826],[0.085599,-0.23786],[0.085582,-0.237826],[0.086332,-0.23783],[0.086626,-0.237679],[0.087007,-0.237449],[0.087353,-0.237329],[0.087847,-0.237155],[0.088213,-0.237027],[0.088902,-0.236718],[0.088964,-0.236697],[0.089653,-0.236488]]]]}},{"type":"Feature","id":325,"properties":{"Clan":"Werebrand","Name":"Madman's Port"},"geometry":{"type":"MultiPolygon","coordinates":[[[[0.068177,-0.220002],[0.068256,-0.220742],[0.068254,-0.221085],[0.068076,-0.221797],[0.067881,-0.222231],[0.067453,-0.223087],[0.067373,-0.223089],[0.067175,-0.223909],[0.067165,-0.225072],[0.06719,-0.225694],[0.067268,-0.226272],[0.067354,-0.226642],[0.067543,-0.227308],[0.067709,-0.227653],[0.067716,-0.228319],[0.067457,-0.228775],[0.067136,-0.22927],[0.066992,-0.229687],[0.066992,-0.229687],[0.067135,-0.230058],[0.067451,-0.23052],[0.06781,-0.231121],[0.068324,-0.231789],[0.068869,-0.232334],[0.069431,-0.232773],[0.070754,-0.232777],[0.071138,-0.232674],[0.071474,-0.232567],[0.071719,-0.232461],[0.071956,-0.232307],[0.071981,-0.232501],[0.071975,-0.232307],[0.072429,-0.232114],[0.073374,-0.231921],[0.073953,-0.231777],[0.074484,-0.231497],[0.07541,-0.230802],[0.075873,-0.230407],[0.076269,-0.230156],[0.076376,-0.229925],[0.076728,-0.229231],[0.07706,-0.228205],[0.077329,-0.227241],[0.077443,-0.226391],[0.077537,-0.225904],[0.077705,-0.225642],[0.077362,-0.225628],[0.076373,-0.225624],[0.075757,-0.225645],[0.075112,-0.226431],[0.074505,-0.227352],[0.073813,-0.227883],[0.073104,-0.228159],[0.072399,-0.228341],[0.071784,-0.228388],[0.071512,-0.228273],[0.071155,-0.228074],[0.07079,-0.227819],[0.070523,-0.227373],[0.070404,-0.226987],[0.070366,-0.226635],[0.070323,-0.226303],[0.0704,-0.225892],[0.070379,-0.22576],[0.070489,-0.22565],[0.070565,-0.225658],[0.070697,-0.225726],[0.070688,-0.225599],[0.070654,-0.224525],[0.070803,-0.224317],[0.070939,-0.224219],[0.071121,-0.224087],[0.071491,-0.223642],[0.071771,-0.223209],[0.072017,-0.222844],[0.072187,-0.222525],[0.072229,-0.222075],[0.072191,-0.221795],[0.072125,-0.221516],[0.07203,-0.22129],[0.071886,-0.221119],[0.071552,-0.22088],[0.071033,-0.220749],[0.07074,-0.220711],[0.069601,-0.220638],[0.06905,-0.220489],[0.068593,-0.22029],[0.068349,-0.220119],[0.068177,-0.220002]]]]}},{"type":"Feature","id":326,"properties":{"Clan":"Vale","Name":null},"geometry":{"type":"MultiPolygon","coordinates":[[[[0.059693,-0.210285],[0.059887,-0.21014],[0.060065,-0.209638],[0.060325,-0.209524],[0.060487,-0.209719],[0.06081,-0.210771],[0.061248,-0.211484],[0.061393,-0.211791],[0.061636,-0.211986],[0.06209,-0.212391],[0.062252,-0.21265],[0.062574,-0.213471],[0.062769,-0.213573],[0.062708,-0.21349],[0.062662,-0.213391],[0.06267,-0.213258],[0.06255,-0.213147],[0.062576,-0.212666],[0.062592,-0.212293],[0.062689,-0.211986],[0.062835,-0.211824],[0.06298,-0.211727],[0.063288,-0.211484],[0.063466,-0.211289],[0.063887,-0.210674],[0.064017,-0.210059],[0.064033,-0.209492],[0.064098,-0.208391],[0.064017,-0.208115],[0.063887,-0.207095],[0.063871,-0.206771],[0.064017,-0.206383],[0.064114,-0.206059],[0.064163,-0.205168],[0.063985,-0.204747],[0.063774,-0.204067],[0.063709,-0.203629],[0.063515,-0.203063],[0.06298,-0.202965],[0.062527,-0.203063],[0.062268,-0.203046],[0.062074,-0.202901],[0.06196,-0.202625],[0.06162,-0.20248],[0.061377,-0.202447],[0.061183,-0.202285],[0.061102,-0.202107],[0.060972,-0.201978],[0.060697,-0.201735],[0.060519,-0.20154],[0.06026,-0.201395],[0.060045,-0.20118],[0.059897,-0.200938],[0.059697,-0.200611],[0.059583,-0.200437],[0.059557,-0.200361],[0.059477,-0.200267],[0.059438,-0.200301],[0.059409,-0.200437],[0.059337,-0.200696],[0.059277,-0.200951],[0.059192,-0.201269],[0.059205,-0.201587],[0.059294,-0.202335],[0.059498,-0.203073],[0.059719,-0.203528],[0.059978,-0.20399],[0.060173,-0.204572],[0.060538,-0.205013],[0.060784,-0.205374],[0.060822,-0.206037],[0.06072,-0.20641],[0.060636,-0.206949],[0.060398,-0.20765],[0.060169,-0.208248],[0.059956,-0.20872],[0.059888,-0.208974],[0.05977,-0.209386],[0.059731,-0.209819],[0.059693,-0.210285]]]]}},{"type":"Feature","id":327,"properties":{"Clan":"Steelheart","Name":null},"geometry":{"type":"MultiPolygon","coordinates":[[[[0.047315,-0.129449],[0.047582,-0.129428],[0.047713,-0.1294],[0.048061,-0.129239],[0.048377,-0.12893],[0.048938,-0.128698],[0.050194,-0.127693],[0.050575,-0.127248],[0.050824,-0.126653],[0.050909,-0.126435],[0.05112,-0.125642],[0.051198,-0.12534],[0.051375,-0.125094],[0.051592,-0.124632],[0.05171,-0.124288],[0.051788,-0.123776],[0.052028,-0.123122],[0.052109,-0.122815],[0.052189,-0.122687],[0.052256,-0.122662],[0.052183,-0.122688],[0.051957,-0.12278],[0.051804,-0.122785],[0.051711,-0.122709],[0.051609,-0.122522],[0.051243,-0.12252],[0.051535,-0.122208],[0.0519,-0.121872],[0.052047,-0.121717],[0.052058,-0.121665],[0.051971,-0.121616],[0.051824,-0.121594],[0.051441,-0.121601],[0.050838,-0.121792],[0.050537,-0.122013],[0.050206,-0.122219],[0.049139,-0.122476],[0.048507,-0.122609],[0.048264,-0.122668],[0.047874,-0.12266],[0.047528,-0.122476],[0.046984,-0.122454],[0.046918,-0.123572],[0.046844,-0.125198],[0.047006,-0.126713],[0.04744,-0.127868],[0.047462,-0.128978],[0.047315,-0.129449]]]]}},{"type":"Feature","id":328,"properties":{"Clan":"Steelheart","Name":null},"geometry":{"type":"MultiPolygon","coordinates":[[[[0.046983,-0.122454],[0.047149,-0.122461],[0.047528,-0.122476],[0.047874,-0.12266],[0.048264,-0.122668],[0.048507,-0.122609],[0.048535,-0.122603],[0.048508,-0.122548],[0.048518,-0.122223],[0.048461,-0.1218],[0.048343,-0.121301],[0.048188,-0.12083],[0.047995,-0.120364],[0.04776,-0.119973],[0.0472,-0.119611],[0.046456,-0.119046],[0.046107,-0.118594],[0.045533,-0.118222],[0.04511,-0.117827],[0.044775,-0.117516],[0.044535,-0.11722],[0.044281,-0.116909],[0.043876,-0.11649],[0.04366,-0.116382],[0.043424,-0.116419],[0.043405,-0.117107],[0.043241,-0.117728],[0.043147,-0.118345],[0.043754,-0.118759],[0.044488,-0.119286],[0.045684,-0.12027],[0.04638,-0.121122],[0.046705,-0.122026],[0.046983,-0.122454]]]]}},{"type":"Feature","id":329,"properties":{"Clan":"Steelheart","Name":null},"geometry":{"type":"MultiPolygon","coordinates":[[[[0.056506,-0.116991],[0.05692,-0.116879],[0.057276,-0.116767],[0.057981,-0.116654],[0.058037,-0.116654],[0.058041,-0.116654],[0.058052,-0.116623],[0.05865,-0.116287],[0.058908,-0.116053],[0.059076,-0.115763],[0.059389,-0.115553],[0.059833,-0.115292],[0.059978,-0.114838],[0.059954,-0.114525],[0.05994,-0.114063],[0.060076,-0.113689],[0.060384,-0.11339],[0.060828,-0.113263],[0.060892,-0.113207],[0.060861,-0.113185],[0.060646,-0.113025],[0.060386,-0.112881],[0.060067,-0.112638],[0.059783,-0.112473],[0.059368,-0.112422],[0.058607,-0.113066],[0.058151,-0.113447],[0.057634,-0.114259],[0.057503,-0.114969],[0.057054,-0.115373],[0.056729,-0.116182],[0.056506,-0.116991]]]]}},{"type":"Feature","id":330,"properties":{"Clan":"Steelheart","Name":null},"geometry":{"type":"MultiPolygon","coordinates":[[[[0.04343,-0.116446],[0.043658,-0.116382],[0.04366,-0.116382],[0.043876,-0.11649],[0.044281,-0.116909],[0.044535,-0.11722],[0.044775,-0.117516],[0.04511,-0.117827],[0.045533,-0.118222],[0.046107,-0.118594],[0.046456,-0.119046],[0.0472,-0.119611],[0.04776,-0.119973],[0.047995,-0.120364],[0.048188,-0.12083],[0.048343,-0.121301],[0.048461,-0.1218],[0.048518,-0.122223],[0.048508,-0.122548],[0.048535,-0.122603],[0.049139,-0.122476],[0.050206,-0.122219],[0.050537,-0.122013],[0.050838,-0.121792],[0.051441,-0.121601],[0.051824,-0.121594],[0.051971,-0.121616],[0.052058,-0.121665],[0.052067,-0.12162],[0.052278,-0.121469],[0.052681,-0.121071],[0.053159,-0.120544],[0.053447,-0.120354],[0.053708,-0.120175],[0.054291,-0.119606],[0.054796,-0.119095],[0.055473,-0.118412],[0.055608,-0.118312],[0.055608,-0.118304],[0.056061,-0.117239],[0.056477,-0.117019],[0.05692,-0.116879],[0.056506,-0.116991],[0.056729,-0.116182],[0.057054,-0.115373],[0.057503,-0.114969],[0.057634,-0.114259],[0.058151,-0.113447],[0.058607,-0.113066],[0.059344,-0.112442],[0.05909,-0.112359],[0.058941,-0.112284],[0.058742,-0.112236],[0.058491,-0.112182],[0.058276,-0.112081],[0.058014,-0.111963],[0.057136,-0.111599],[0.056627,-0.111325],[0.056338,-0.111379],[0.056054,-0.11147],[0.055566,-0.111572],[0.055175,-0.111641],[0.054742,-0.111695],[0.053349,-0.111888],[0.052883,-0.111957],[0.052626,-0.112124],[0.052439,-0.11245],[0.052273,-0.112772],[0.052064,-0.112895],[0.051807,-0.112986],[0.050703,-0.113034],[0.050403,-0.112964],[0.050189,-0.112954],[0.049975,-0.112954],[0.049638,-0.112911],[0.049413,-0.112889],[0.04915,-0.112852],[0.04885,-0.112825],[0.04839,-0.112745],[0.048084,-0.112884],[0.047645,-0.113109],[0.04719,-0.113329],[0.04689,-0.113441],[0.046697,-0.113618],[0.04637,-0.113736],[0.045594,-0.113741],[0.045171,-0.113746],[0.044849,-0.11358],[0.044533,-0.11342],[0.044239,-0.113382],[0.043794,-0.113404],[0.043457,-0.113425],[0.043141,-0.113409],[0.042932,-0.113355],[0.042471,-0.113184],[0.042493,-0.113366],[0.042712,-0.113886],[0.042921,-0.114202],[0.04313,-0.114496],[0.043221,-0.115208],[0.04335,-0.116258],[0.04343,-0.116446]]]]}},{"type":"Feature","id":331,"properties":{"Clan":"Steelheart","Name":null},"geometry":{"type":"MultiPolygon","coordinates":[[[[0.031329,-0.119771],[0.031546,-0.119788],[0.031931,-0.119814],[0.032145,-0.119788],[0.032553,-0.119606],[0.032836,-0.119498],[0.033409,-0.119482],[0.0341,-0.119445],[0.03454,-0.119466],[0.034957,-0.119434],[0.035407,-0.119311],[0.035605,-0.119225],[0.035632,-0.119038],[0.035439,-0.118684],[0.035054,-0.118363],[0.034898,-0.118186],[0.034802,-0.118084],[0.034523,-0.117876],[0.034347,-0.117806],[0.034138,-0.117801],[0.033657,-0.117745],[0.033441,-0.117642],[0.033215,-0.117557],[0.032964,-0.117471],[0.032861,-0.11732],[0.032783,-0.117159],[0.032707,-0.116988],[0.03258,-0.116933],[0.03234,-0.117039],[0.032138,-0.117186],[0.031977,-0.117293],[0.031737,-0.11743],[0.031466,-0.117591],[0.031316,-0.117697],[0.031223,-0.117766],[0.031034,-0.117875],[0.030969,-0.118081],[0.030897,-0.118482],[0.030729,-0.118863],[0.030726,-0.119106],[0.03086,-0.119473],[0.031041,-0.119661],[0.031329,-0.119771]]]]}},{"type":"Feature","id":332,"properties":{"Clan":"Steelheart","Name":null},"geometry":{"type":"MultiPolygon","coordinates":[[[[0.031328,-0.119779],[0.031107,-0.119686],[0.031041,-0.119661],[0.03086,-0.119473],[0.030726,-0.119106],[0.030729,-0.118863],[0.030897,-0.118482],[0.030969,-0.118081],[0.031034,-0.117875],[0.031087,-0.117845],[0.031063,-0.117777],[0.030881,-0.117644],[0.030375,-0.117276],[0.029839,-0.117048],[0.029267,-0.116818],[0.029069,-0.11674],[0.028749,-0.116692],[0.028388,-0.11651],[0.028084,-0.116374],[0.027868,-0.116266],[0.027613,-0.116128],[0.027486,-0.116045],[0.027385,-0.115896],[0.027339,-0.115719],[0.027351,-0.115661],[0.027429,-0.115539],[0.027535,-0.115429],[0.027613,-0.115318],[0.027702,-0.115194],[0.027778,-0.115075],[0.027905,-0.114858],[0.028098,-0.114702],[0.02805,-0.114688],[0.02782,-0.11467],[0.027725,-0.114667],[0.027587,-0.114656],[0.027479,-0.114619],[0.027302,-0.114562],[0.02713,-0.114532],[0.026895,-0.114591],[0.026821,-0.114628],[0.026619,-0.114842],[0.026555,-0.114939],[0.026486,-0.115077],[0.026419,-0.115415],[0.026463,-0.115496],[0.02652,-0.115624],[0.026541,-0.115696],[0.026479,-0.115801],[0.026426,-0.115866],[0.026306,-0.115965],[0.026175,-0.116025],[0.026042,-0.116084],[0.02594,-0.116174],[0.025858,-0.116289],[0.025802,-0.116441],[0.025766,-0.116724],[0.02577,-0.116894],[0.025761,-0.117002],[0.025763,-0.117166],[0.025789,-0.117202],[0.025823,-0.117202],[0.025906,-0.117152],[0.025998,-0.117101],[0.026164,-0.117051],[0.026405,-0.116963],[0.026693,-0.116906],[0.026884,-0.116885],[0.027031,-0.11691],[0.027125,-0.116988],[0.027217,-0.11709],[0.027351,-0.117225],[0.027463,-0.117402],[0.027461,-0.117738],[0.027571,-0.11789],[0.027707,-0.117984],[0.027811,-0.118122],[0.027949,-0.118283],[0.028291,-0.118698],[0.028641,-0.119162],[0.029048,-0.11951],[0.029543,-0.119661],[0.030582,-0.119767],[0.031328,-0.119779]]]]}},{"type":"Feature","id":333,"properties":{"Clan":"Steelheart","Name":null},"geometry":{"type":"MultiPolygon","coordinates":[[[[0.028106,-0.114697],[0.028043,-0.114747],[0.027905,-0.114858],[0.027778,-0.115075],[0.027702,-0.115194],[0.027613,-0.115318],[0.027535,-0.115429],[0.027429,-0.115539],[0.027351,-0.115661],[0.027339,-0.115719],[0.027385,-0.115896],[0.027486,-0.116045],[0.027613,-0.116128],[0.027868,-0.116266],[0.028084,-0.116374],[0.028388,-0.11651],[0.028749,-0.116692],[0.029069,-0.11674],[0.029267,-0.116818],[0.029839,-0.117048],[0.030375,-0.117276],[0.030881,-0.117644],[0.031063,-0.117777],[0.031087,-0.117845],[0.031223,-0.117766],[0.031316,-0.117697],[0.031466,-0.117591],[0.031737,-0.11743],[0.031977,-0.117293],[0.032138,-0.117186],[0.03234,-0.117039],[0.03258,-0.116933],[0.032632,-0.116822],[0.032613,-0.116752],[0.032571,-0.1166],[0.032441,-0.116328],[0.03231,-0.116097],[0.032252,-0.11599],[0.032129,-0.115943],[0.031956,-0.115823],[0.03177,-0.115719],[0.031454,-0.11551],[0.031248,-0.115371],[0.031003,-0.11515],[0.030822,-0.114959],[0.030656,-0.114781],[0.030475,-0.114694],[0.030205,-0.114642],[0.02991,-0.114561],[0.029308,-0.114556],[0.028936,-0.114632],[0.028604,-0.114726],[0.028232,-0.114726],[0.028106,-0.114697]]]]}},{"type":"Feature","id":334,"properties":{"Clan":"Steelheart","Name":null},"geometry":{"type":"MultiPolygon","coordinates":[[[[0.028605,-0.110027],[0.028635,-0.110206],[0.028676,-0.110272],[0.028793,-0.11037],[0.02895,-0.110424],[0.029239,-0.110468],[0.029537,-0.110483],[0.029874,-0.110486],[0.030013,-0.110468],[0.0301,-0.110435],[0.030222,-0.110257],[0.030204,-0.110191],[0.030168,-0.110084],[0.030118,-0.110022],[0.030079,-0.109974],[0.02999,-0.109902],[0.029871,-0.109822],[0.029799,-0.109783],[0.029698,-0.109745],[0.029635,-0.109691],[0.02957,-0.109599],[0.029516,-0.109542],[0.029477,-0.109453],[0.029433,-0.109375],[0.029388,-0.109328],[0.029305,-0.109325],[0.02923,-0.109325],[0.029171,-0.10934],[0.029096,-0.109411],[0.029078,-0.109453],[0.029046,-0.109512],[0.02901,-0.10959],[0.028879,-0.109676],[0.028801,-0.109703],[0.028682,-0.109768],[0.028647,-0.109855],[0.028605,-0.109929],[0.028605,-0.110027]]]]}},{"type":"Feature","id":335,"properties":{"Clan":"Steelheart","Name":null},"geometry":{"type":"MultiPolygon","coordinates":[[[[0.036376,-0.107282],[0.036439,-0.107341],[0.036502,-0.107396],[0.036611,-0.107485],[0.036706,-0.107491],[0.036874,-0.107449],[0.037056,-0.10735],[0.037196,-0.107268],[0.037297,-0.107211],[0.037422,-0.107127],[0.037573,-0.107066],[0.03776,-0.107001],[0.037889,-0.106956],[0.037964,-0.106919],[0.038017,-0.106868],[0.038023,-0.106756],[0.037924,-0.106693],[0.037813,-0.106618],[0.037714,-0.106573],[0.037586,-0.106519],[0.037466,-0.106437],[0.037361,-0.106355],[0.037114,-0.10646],[0.036874,-0.106595],[0.036721,-0.106656],[0.036595,-0.106746],[0.0367,-0.106727],[0.036641,-0.106767],[0.036572,-0.10682],[0.036502,-0.106891],[0.036441,-0.106988],[0.036409,-0.107057],[0.036389,-0.10712],[0.036382,-0.10719],[0.036376,-0.107282]]]]}},{"type":"Feature","id":336,"properties":{"Clan":"Steelheart","Name":null},"geometry":{"type":"MultiPolygon","coordinates":[[[[0.034045,-0.10755],[0.034068,-0.107685],[0.03411,-0.107769],[0.034147,-0.107876],[0.034161,-0.108011],[0.034161,-0.10816],[0.034147,-0.108244],[0.034105,-0.108439],[0.034101,-0.108532],[0.034036,-0.1087],[0.034152,-0.108709],[0.034254,-0.108611],[0.034375,-0.108495],[0.034533,-0.108365],[0.034682,-0.108272],[0.034789,-0.108188],[0.034971,-0.108132],[0.03511,-0.108006],[0.035213,-0.107946],[0.035301,-0.107895],[0.035362,-0.107834],[0.035427,-0.107778],[0.035469,-0.107667],[0.035501,-0.107583],[0.035529,-0.107495],[0.035552,-0.10742],[0.035538,-0.107313],[0.035445,-0.107239],[0.035278,-0.107234],[0.035138,-0.107262],[0.034957,-0.107327],[0.034785,-0.107346],[0.034659,-0.107336],[0.034575,-0.107332],[0.034333,-0.107313],[0.034189,-0.107313],[0.034077,-0.107416],[0.034059,-0.107485],[0.034045,-0.10755]]]]}},{"type":"Feature","id":337,"properties":{"Clan":"Steelheart","Name":null},"geometry":{"type":"MultiPolygon","coordinates":[[[[0.034686,-0.104719],[0.034335,-0.104985],[0.034161,-0.105095],[0.034065,-0.105208],[0.034093,-0.105336],[0.034167,-0.105518],[0.034236,-0.105719],[0.034363,-0.10582],[0.034559,-0.105931],[0.034844,-0.106047],[0.035062,-0.106185],[0.035162,-0.10628],[0.035374,-0.106439],[0.035935,-0.106111],[0.035956,-0.106016],[0.035935,-0.105905],[0.035866,-0.105804],[0.035808,-0.105751],[0.035771,-0.105672],[0.035729,-0.105555],[0.035702,-0.10547],[0.035644,-0.105322],[0.035575,-0.10519],[0.035538,-0.105126],[0.035432,-0.105031],[0.035257,-0.104962],[0.034929,-0.10483],[0.034686,-0.104719]]]]}},{"type":"Feature","id":338,"properties":{"Clan":"Steelheart","Name":null},"geometry":{"type":"MultiPolygon","coordinates":[[[[0.027852,-0.102776],[0.027878,-0.102983],[0.027982,-0.103306],[0.028059,-0.1035],[0.028163,-0.103681],[0.028318,-0.103849],[0.028757,-0.103926],[0.029256,-0.103923],[0.029598,-0.10372],[0.030141,-0.103578],[0.030405,-0.103479],[0.030622,-0.103347],[0.030903,-0.103293],[0.031103,-0.103303],[0.03132,-0.103398],[0.031516,-0.103496],[0.031638,-0.10352],[0.031794,-0.103466],[0.031841,-0.103351],[0.031865,-0.103232],[0.031885,-0.10313],[0.031855,-0.103012],[0.03176,-0.102825],[0.031648,-0.102578],[0.031536,-0.102365],[0.031391,-0.102127],[0.031157,-0.101917],[0.030964,-0.101839],[0.030527,-0.101799],[0.030273,-0.101778],[0.030168,-0.101711],[0.030076,-0.101616],[0.029866,-0.101504],[0.02969,-0.101348],[0.029642,-0.101233],[0.029568,-0.100894],[0.029493,-0.100474],[0.029378,-0.100196],[0.029317,-0.099874],[0.029185,-0.099607],[0.028992,-0.09942],[0.028762,-0.09918],[0.028511,-0.09898],[0.028328,-0.098956],[0.028267,-0.098987],[0.02823,-0.099109],[0.028247,-0.099244],[0.02826,-0.099397],[0.028264,-0.099678],[0.028192,-0.099803],[0.028094,-0.099851],[0.027982,-0.099827],[0.027847,-0.099729],[0.027752,-0.099613],[0.027596,-0.099485],[0.027501,-0.099397],[0.027376,-0.099336],[0.027288,-0.099237],[0.02719,-0.099078],[0.027054,-0.098905],[0.026949,-0.098814],[0.026803,-0.098621],[0.026607,-0.09858],[0.026434,-0.09859],[0.026332,-0.09857],[0.026275,-0.098533],[0.026149,-0.098516],[0.026092,-0.098506],[0.025956,-0.098546],[0.025865,-0.098577],[0.025766,-0.098695],[0.025709,-0.098783],[0.025668,-0.098885],[0.025645,-0.099004],[0.025604,-0.099126],[0.02557,-0.099227],[0.025485,-0.099271],[0.025312,-0.099292],[0.025214,-0.099281],[0.025106,-0.099241],[0.025035,-0.099187],[0.024974,-0.099109],[0.024903,-0.099017],[0.024814,-0.098993],[0.02473,-0.099027],[0.024716,-0.099098],[0.024733,-0.099288],[0.024757,-0.099353],[0.024818,-0.099431],[0.024984,-0.099668],[0.025126,-0.099817],[0.025634,-0.100169],[0.025878,-0.100345],[0.026326,-0.100596],[0.026864,-0.100962],[0.027183,-0.101189],[0.027359,-0.101314],[0.027505,-0.101457],[0.027647,-0.101609],[0.027728,-0.101745],[0.027813,-0.101911],[0.02786,-0.102053],[0.027871,-0.102148],[0.027864,-0.102321],[0.02786,-0.102514],[0.027857,-0.102615],[0.027847,-0.102714],[0.027852,-0.102776]]]]}},{"type":"Feature","id":339,"properties":{"Clan":"Steelheart","Name":null},"geometry":{"type":"MultiPolygon","coordinates":[[[[0.025008,-0.089866],[0.02508,-0.089655],[0.025096,-0.089405],[0.025124,-0.089072],[0.025152,-0.088689],[0.02513,-0.088473],[0.02503,-0.088295],[0.024819,-0.088095],[0.024541,-0.087884],[0.024214,-0.08784],[0.02377,-0.088012],[0.02352,-0.088095],[0.023165,-0.088145],[0.02272,-0.088029],[0.022476,-0.087879],[0.021594,-0.087263],[0.020395,-0.086236],[0.019856,-0.085814],[0.019634,-0.085575],[0.01939,-0.085286],[0.019234,-0.084965],[0.018879,-0.08452],[0.018618,-0.08431],[0.018402,-0.08426],[0.018202,-0.084232],[0.017924,-0.08426],[0.017641,-0.084304],[0.017519,-0.084343],[0.017397,-0.084443],[0.017347,-0.084493],[0.017225,-0.084681],[0.017197,-0.084765],[0.017142,-0.085059],[0.017208,-0.085381],[0.017286,-0.085597],[0.017547,-0.085919],[0.017758,-0.086086],[0.01803,-0.086452],[0.018196,-0.086719],[0.018296,-0.086902],[0.018324,-0.087063],[0.018396,-0.087346],[0.018557,-0.087396],[0.018818,-0.087501],[0.019268,-0.08759],[0.019851,-0.087712],[0.02025,-0.08804],[0.02075,-0.088384],[0.021327,-0.088773],[0.02191,-0.089144],[0.022254,-0.089405],[0.022321,-0.089589],[0.022687,-0.089511],[0.023081,-0.089577],[0.023525,-0.089661],[0.023986,-0.089755],[0.024364,-0.089844],[0.024552,-0.089922],[0.025008,-0.089866]]]]}},{"type":"Feature","id":340,"properties":{"Clan":"Steelheart","Name":null},"geometry":{"type":"MultiPolygon","coordinates":[[[[0.020938,-0.093744],[0.021398,-0.094273],[0.021519,-0.094594],[0.021797,-0.095435],[0.022065,-0.096224],[0.022291,-0.096502],[0.022369,-0.096658],[0.022516,-0.096918],[0.022664,-0.097196],[0.022707,-0.097412],[0.022794,-0.097716],[0.023046,-0.097655],[0.023245,-0.097595],[0.023427,-0.097317],[0.023583,-0.0971],[0.023757,-0.096684],[0.023861,-0.096337],[0.024008,-0.095799],[0.02406,-0.095209],[0.02413,-0.09468],[0.024251,-0.094143],[0.024399,-0.0937],[0.02465,-0.09292],[0.024746,-0.092434],[0.024876,-0.092122],[0.025006,-0.091566],[0.024928,-0.091202],[0.02498,-0.090656],[0.025006,-0.090335],[0.025014,-0.089953],[0.02495,-0.089873],[0.024552,-0.089922],[0.024364,-0.089844],[0.023986,-0.089755],[0.023525,-0.089661],[0.023081,-0.089577],[0.022687,-0.089511],[0.022329,-0.089587],[0.022447,-0.089884],[0.022595,-0.090222],[0.022794,-0.090439],[0.022976,-0.090543],[0.02315,-0.090725],[0.023236,-0.090925],[0.023323,-0.091167],[0.023436,-0.091488],[0.023557,-0.091653],[0.023609,-0.091835],[0.023609,-0.091991],[0.023653,-0.092174],[0.023705,-0.092338],[0.0238,-0.092434],[0.023939,-0.092547],[0.024069,-0.092633],[0.024147,-0.09272],[0.024069,-0.092885],[0.02393,-0.092998],[0.023792,-0.093076],[0.023644,-0.093119],[0.02334,-0.093197],[0.02315,-0.093258],[0.023011,-0.093284],[0.02269,-0.093388],[0.02243,-0.093423],[0.022204,-0.093527],[0.022005,-0.093605],[0.021961,-0.093631],[0.021771,-0.0937],[0.020938,-0.093744]]]]}},{"type":"Feature","id":341,"properties":{"Clan":"Steelheart","Name":null},"geometry":{"type":"MultiPolygon","coordinates":[[[[0.020925,-0.093734],[0.02167,-0.093705],[0.021771,-0.0937],[0.021961,-0.093631],[0.022005,-0.093605],[0.022204,-0.093527],[0.02243,-0.093423],[0.02269,-0.093388],[0.023011,-0.093284],[0.02315,-0.093258],[0.02334,-0.093197],[0.023644,-0.093119],[0.023792,-0.093076],[0.02393,-0.092998],[0.024069,-0.092885],[0.024147,-0.09272],[0.024069,-0.092633],[0.023939,-0.092547],[0.0238,-0.092434],[0.023705,-0.092338],[0.023653,-0.092174],[0.023609,-0.091991],[0.023609,-0.091835],[0.023557,-0.091653],[0.023436,-0.091488],[0.023323,-0.091167],[0.023236,-0.090925],[0.02315,-0.090725],[0.022976,-0.090543],[0.022794,-0.090439],[0.022595,-0.090222],[0.022447,-0.089884],[0.022329,-0.089587],[0.022321,-0.089589],[0.022254,-0.089405],[0.02191,-0.089144],[0.021327,-0.088773],[0.02075,-0.088384],[0.02025,-0.08804],[0.019939,-0.087785],[0.019923,-0.087868],[0.020158,-0.088447],[0.020307,-0.088824],[0.020332,-0.089392],[0.020321,-0.090259],[0.020446,-0.091304],[0.020598,-0.092295],[0.020783,-0.092867],[0.020829,-0.093496],[0.020851,-0.093663],[0.020925,-0.093734]]]]}},{"type":"Feature","id":342,"properties":{"Clan":"Steelheart","Name":null},"geometry":{"type":"MultiPolygon","coordinates":[[[[0.020852,-0.093661],[0.020802,-0.093121],[0.020783,-0.092867],[0.020598,-0.092295],[0.020446,-0.091304],[0.020321,-0.090259],[0.020332,-0.089392],[0.020307,-0.088824],[0.020158,-0.088447],[0.019923,-0.087868],[0.019939,-0.087785],[0.019851,-0.087712],[0.019268,-0.08759],[0.018818,-0.087501],[0.018557,-0.087396],[0.018419,-0.087353],[0.018376,-0.087574],[0.018322,-0.088056],[0.018278,-0.088623],[0.018178,-0.089125],[0.018103,-0.089618],[0.01804,-0.089875],[0.018026,-0.090087],[0.018071,-0.090219],[0.018183,-0.090496],[0.018301,-0.09078],[0.018515,-0.091296],[0.018717,-0.091728],[0.018858,-0.091929],[0.019015,-0.092281],[0.019211,-0.092642],[0.019422,-0.092961],[0.019638,-0.093213],[0.019822,-0.093286],[0.020241,-0.093478],[0.020436,-0.093591],[0.02058,-0.093662],[0.020852,-0.093661]]]]}},{"type":"Feature","id":343,"properties":{"Clan":"Steelheart","Name":null},"geometry":{"type":"MultiPolygon","coordinates":[[[[0.031488,-0.092016],[0.03186,-0.092416],[0.032269,-0.092703],[0.032588,-0.092982],[0.033247,-0.093378],[0.033598,-0.093503],[0.034019,-0.093592],[0.034294,-0.093604],[0.03505,-0.093495],[0.035531,-0.093471],[0.035967,-0.093317],[0.036157,-0.093192],[0.036274,-0.09305],[0.036355,-0.092861],[0.036501,-0.092675],[0.036691,-0.092594],[0.036808,-0.092578],[0.03718,-0.092541],[0.037511,-0.092662],[0.037705,-0.092731],[0.03819,-0.092824],[0.038384,-0.092905],[0.038522,-0.092941],[0.038688,-0.092998],[0.038849,-0.092998],[0.03897,-0.092953],[0.038983,-0.092735],[0.03889,-0.092489],[0.0387,-0.091979],[0.038356,-0.09147],[0.037948,-0.090799],[0.037742,-0.090245],[0.037669,-0.089942],[0.037592,-0.089619],[0.037523,-0.089396],[0.037071,-0.088952],[0.036549,-0.088479],[0.036274,-0.088297],[0.035919,-0.088159],[0.035494,-0.088075],[0.034997,-0.088018],[0.034447,-0.08803],[0.03431,-0.08803],[0.034229,-0.088018],[0.034181,-0.088103],[0.034197,-0.08822],[0.034201,-0.088374],[0.034168,-0.088588],[0.034108,-0.088814],[0.03395,-0.089105],[0.033833,-0.089263],[0.033748,-0.089332],[0.033505,-0.08936],[0.033356,-0.08938],[0.033065,-0.089388],[0.032859,-0.089473],[0.032604,-0.089562],[0.032341,-0.089659],[0.032038,-0.089877],[0.031889,-0.090075],[0.031804,-0.090286],[0.031662,-0.090629],[0.031602,-0.09088],[0.031525,-0.091203],[0.031456,-0.091555],[0.031488,-0.092016]]]]}},{"type":"Feature","id":344,"properties":{"Clan":"Steelheart","Name":null},"geometry":{"type":"MultiPolygon","coordinates":[[[[0.043424,-0.116431],[0.04343,-0.116446],[0.043424,-0.116419],[0.043424,-0.116431]]],[[[0.043424,-0.116431],[0.04335,-0.116258],[0.043342,-0.116195],[0.043221,-0.115208],[0.04313,-0.114496],[0.042921,-0.114202],[0.042712,-0.113886],[0.042493,-0.113366],[0.042475,-0.113214],[0.042403,-0.11318],[0.042273,-0.113083],[0.041982,-0.112915],[0.041729,-0.112806],[0.041552,-0.112653],[0.041484,-0.112532],[0.041449,-0.112435],[0.041352,-0.112438],[0.041228,-0.112438],[0.04114,-0.112429],[0.041043,-0.112385],[0.040846,-0.11227],[0.040769,-0.1122],[0.040693,-0.112147],[0.040554,-0.112085],[0.040425,-0.112032],[0.040295,-0.111979],[0.040175,-0.111926],[0.040086,-0.111797],[0.040045,-0.111685],[0.039998,-0.11162],[0.03988,-0.111543],[0.039748,-0.111502],[0.03966,-0.111505],[0.039483,-0.111526],[0.039418,-0.111502],[0.039342,-0.111476],[0.03928,-0.11142],[0.039209,-0.111367],[0.039186,-0.11124],[0.039224,-0.111184],[0.039297,-0.111114],[0.039097,-0.11119],[0.039059,-0.111311],[0.039121,-0.111464],[0.03923,-0.111596],[0.03933,-0.111655],[0.039439,-0.111682],[0.039518,-0.111747],[0.039662,-0.111914],[0.039736,-0.112026],[0.039845,-0.112232],[0.039869,-0.112341],[0.039948,-0.112447],[0.040125,-0.112603],[0.040307,-0.1127],[0.040528,-0.112856],[0.040651,-0.113021],[0.040754,-0.113186],[0.040831,-0.113619],[0.040819,-0.113763],[0.040875,-0.113889],[0.040955,-0.114098],[0.041078,-0.114437],[0.041231,-0.114814],[0.041337,-0.115155],[0.041467,-0.115526],[0.041585,-0.11605],[0.041658,-0.116329],[0.042085,-0.116971],[0.042341,-0.117324],[0.042382,-0.117469],[0.042347,-0.117625],[0.042388,-0.117728],[0.042806,-0.118095],[0.043145,-0.118328],[0.043315,-0.117448],[0.043327,-0.117403],[0.043349,-0.117321],[0.04336,-0.117277],[0.043405,-0.117107],[0.043424,-0.116431]]]]}},{"type":"Feature","id":345,"properties":{"Clan":"Steelheart","Name":null},"geometry":{"type":"MultiPolygon","coordinates":[[[[0.041457,-0.112424],[0.041505,-0.11257],[0.041552,-0.112653],[0.041729,-0.112806],[0.041982,-0.112915],[0.042273,-0.113083],[0.042403,-0.11318],[0.042475,-0.113214],[0.042471,-0.113184],[0.042932,-0.113355],[0.043141,-0.113409],[0.043457,-0.113425],[0.043794,-0.113404],[0.044239,-0.113382],[0.044533,-0.11342],[0.044849,-0.11358],[0.045171,-0.113746],[0.045594,-0.113741],[0.04637,-0.113736],[0.046697,-0.113618],[0.04689,-0.113441],[0.04719,-0.113329],[0.047645,-0.113109],[0.048084,-0.112884],[0.048379,-0.11275],[0.048332,-0.112709],[0.048168,-0.112615],[0.047796,-0.112464],[0.047629,-0.112401],[0.047284,-0.112294],[0.046966,-0.11221],[0.046668,-0.112143],[0.0465,-0.112049],[0.046323,-0.112066],[0.046169,-0.112116],[0.046035,-0.112062],[0.045864,-0.111989],[0.045683,-0.111979],[0.045482,-0.111982],[0.045228,-0.111959],[0.04499,-0.111905],[0.044832,-0.111851],[0.044698,-0.111778],[0.044434,-0.111778],[0.044297,-0.111851],[0.044136,-0.111908],[0.043861,-0.111969],[0.043654,-0.111949],[0.043479,-0.111915],[0.043148,-0.111895],[0.042944,-0.112012],[0.042723,-0.112109],[0.042508,-0.112143],[0.042254,-0.1122],[0.041895,-0.112347],[0.041698,-0.112427],[0.041457,-0.112424]]]]}},{"type":"Feature","id":346,"properties":{"Clan":"Steelheart","Name":null},"geometry":{"type":"MultiPolygon","coordinates":[[[[0.047679,-0.112364],[0.048206,-0.112637],[0.048332,-0.112709],[0.048379,-0.11275],[0.04839,-0.112745],[0.04885,-0.112825],[0.04915,-0.112852],[0.049413,-0.112889],[0.049638,-0.112911],[0.049975,-0.112954],[0.050189,-0.112954],[0.050403,-0.112964],[0.050703,-0.113034],[0.051807,-0.112986],[0.052064,-0.112895],[0.052273,-0.112772],[0.052439,-0.11245],[0.052626,-0.112124],[0.052883,-0.111957],[0.053349,-0.111888],[0.054742,-0.111695],[0.055175,-0.111641],[0.055566,-0.111572],[0.055671,-0.11155],[0.055576,-0.111463],[0.055422,-0.111403],[0.055211,-0.111359],[0.055097,-0.111299],[0.054839,-0.111192],[0.054729,-0.111145],[0.054638,-0.111034],[0.054574,-0.110957],[0.054434,-0.110924],[0.054186,-0.11091],[0.054039,-0.11093],[0.053915,-0.110977],[0.053771,-0.111041],[0.053637,-0.111054],[0.053396,-0.111098],[0.053225,-0.111155],[0.053064,-0.111192],[0.05281,-0.111175],[0.052522,-0.111128],[0.052408,-0.111105],[0.05223,-0.111044],[0.051992,-0.110964],[0.051822,-0.110907],[0.051647,-0.110894],[0.05153,-0.110904],[0.051386,-0.110924],[0.051246,-0.110944],[0.051038,-0.110927],[0.050877,-0.110877],[0.05074,-0.110924],[0.050653,-0.111001],[0.050549,-0.111128],[0.050475,-0.111182],[0.050355,-0.111279],[0.050261,-0.111359],[0.050187,-0.111399],[0.050127,-0.111436],[0.05004,-0.11146],[0.049899,-0.111456],[0.049725,-0.111496],[0.049494,-0.11157],[0.04939,-0.111553],[0.049276,-0.111496],[0.049179,-0.111486],[0.049062,-0.11148],[0.048938,-0.111453],[0.048828,-0.111433],[0.048704,-0.111403],[0.048623,-0.111359],[0.04854,-0.111322],[0.048392,-0.111302],[0.048151,-0.111356],[0.048024,-0.111426],[0.047913,-0.111617],[0.04784,-0.111918],[0.047803,-0.112106],[0.047679,-0.112364]]]]}},{"type":"Feature","id":347,"properties":{"Clan":"Steelheart","Name":null},"geometry":{"type":"MultiPolygon","coordinates":[[[[0.054768,-0.111144],[0.054761,-0.111159],[0.054839,-0.111192],[0.055097,-0.111299],[0.055211,-0.111359],[0.055422,-0.111403],[0.055576,-0.111463],[0.055671,-0.11155],[0.056054,-0.11147],[0.056338,-0.111379],[0.056491,-0.111351],[0.056591,-0.111195],[0.056785,-0.110994],[0.056865,-0.11078],[0.056915,-0.110609],[0.056956,-0.110448],[0.056956,-0.110314],[0.056939,-0.110147],[0.056875,-0.109912],[0.056832,-0.109728],[0.056822,-0.109531],[0.056808,-0.109326],[0.056818,-0.109135],[0.056745,-0.108951],[0.056664,-0.10878],[0.056637,-0.108559],[0.056651,-0.108432],[0.056607,-0.108298],[0.05652,-0.108137],[0.05641,-0.107803],[0.056353,-0.107528],[0.056329,-0.107267],[0.056246,-0.107039],[0.056159,-0.106898],[0.056038,-0.106744],[0.055937,-0.106563],[0.055844,-0.106373],[0.055686,-0.106326],[0.055469,-0.106299],[0.055351,-0.106423],[0.05497,-0.106667],[0.054662,-0.106962],[0.054865,-0.107183],[0.054985,-0.107406],[0.055096,-0.107773],[0.05518,-0.108322],[0.055182,-0.108697],[0.055068,-0.10899],[0.055068,-0.109565],[0.054998,-0.109993],[0.054843,-0.110465],[0.054781,-0.110786],[0.054768,-0.111144]]]]}},{"type":"Feature","id":348,"properties":{"Clan":"Steelheart","Name":null},"geometry":{"type":"MultiPolygon","coordinates":[[[[0.0556,-0.105548],[0.054738,-0.106853],[0.054726,-0.1069],[0.05497,-0.106667],[0.055351,-0.106423],[0.055462,-0.106305],[0.055523,-0.106165],[0.055611,-0.106103],[0.055641,-0.106066],[0.055713,-0.105995],[0.055759,-0.105904],[0.055737,-0.105748],[0.055716,-0.105686],[0.0556,-0.105548]]],[[[0.054688,-0.106929],[0.054738,-0.106853],[0.0556,-0.105548],[0.055304,-0.105248],[0.055167,-0.105083],[0.055008,-0.104877],[0.054837,-0.104779],[0.054616,-0.104644],[0.054473,-0.104579],[0.054318,-0.104434],[0.053915,-0.104236],[0.053432,-0.104152],[0.052937,-0.104166],[0.052602,-0.104105],[0.052404,-0.104045],[0.052203,-0.104032],[0.052103,-0.103988],[0.051959,-0.103924],[0.051832,-0.103868],[0.051694,-0.103827],[0.05146,-0.10376],[0.051179,-0.103647],[0.050961,-0.10359],[0.050619,-0.103456],[0.050378,-0.103352],[0.05014,-0.103255],[0.049759,-0.103114],[0.049283,-0.10292],[0.048975,-0.102829],[0.048731,-0.102729],[0.048808,-0.102863],[0.048824,-0.102983],[0.048928,-0.103379],[0.048972,-0.103516],[0.049012,-0.103744],[0.0493,-0.104246],[0.049836,-0.104795],[0.050291,-0.105237],[0.050676,-0.105371],[0.051195,-0.105522],[0.052086,-0.105736],[0.052622,-0.105944],[0.053017,-0.106152],[0.053479,-0.106306],[0.05364,-0.106376],[0.053841,-0.106396],[0.054002,-0.106443],[0.054176,-0.10655],[0.05444,-0.106748],[0.054688,-0.106929]]]]}},{"type":"Feature","id":349,"properties":{"Clan":"Steelheart","Name":null},"geometry":{"type":"MultiPolygon","coordinates":[[[[0.046694,-0.100971],[0.046818,-0.101071],[0.046919,-0.101034],[0.046879,-0.10092],[0.046855,-0.100827],[0.046885,-0.100646],[0.046865,-0.100512],[0.046929,-0.100411],[0.046989,-0.100271],[0.047106,-0.100164],[0.047294,-0.100083],[0.047461,-0.100016],[0.047753,-0.099886],[0.04795,-0.099819],[0.048141,-0.099735],[0.048436,-0.099604],[0.048597,-0.099531],[0.048734,-0.099437],[0.048818,-0.09934],[0.048881,-0.099136],[0.048885,-0.099008],[0.048865,-0.098811],[0.048731,-0.098626],[0.048593,-0.098503],[0.048446,-0.098415],[0.048342,-0.098379],[0.048114,-0.098278],[0.047994,-0.098191],[0.04788,-0.098094],[0.047783,-0.097863],[0.047766,-0.097783],[0.047736,-0.097702],[0.047702,-0.097635],[0.047582,-0.097551],[0.047505,-0.097297],[0.047471,-0.097183],[0.047424,-0.097016],[0.047371,-0.096932],[0.047297,-0.096835],[0.04725,-0.096835],[0.04719,-0.096875],[0.04714,-0.096902],[0.047066,-0.096919],[0.047146,-0.096805],[0.047237,-0.096738],[0.04718,-0.096701],[0.047069,-0.096436],[0.046962,-0.096353],[0.046825,-0.096339],[0.046597,-0.096316],[0.046467,-0.096299],[0.046306,-0.096279],[0.046159,-0.096296],[0.04576,-0.096349],[0.045472,-0.096486],[0.045298,-0.096594],[0.045057,-0.096751],[0.044836,-0.096925],[0.044601,-0.09721],[0.044518,-0.097471],[0.044588,-0.097665],[0.044702,-0.097853],[0.044819,-0.097973],[0.044873,-0.098228],[0.044863,-0.098315],[0.044792,-0.098513],[0.044732,-0.098626],[0.044719,-0.098797],[0.044739,-0.098941],[0.044769,-0.099102],[0.044799,-0.099206],[0.044859,-0.099501],[0.044916,-0.099668],[0.04495,-0.099792],[0.044996,-0.099872],[0.045124,-0.100067],[0.045482,-0.100304],[0.045583,-0.100371],[0.0457,-0.100458],[0.045777,-0.100515],[0.045881,-0.100606],[0.045984,-0.100696],[0.046169,-0.10074],[0.046276,-0.10075],[0.046386,-0.10076],[0.04654,-0.100797],[0.046614,-0.10085],[0.046694,-0.100971]]]]}},{"type":"Feature","id":350,"properties":{"Clan":"Steelheart","Name":null},"geometry":{"type":"MultiPolygon","coordinates":[[[[0.055725,-0.105688],[0.055759,-0.105904],[0.055713,-0.105995],[0.055641,-0.106066],[0.055611,-0.106103],[0.055523,-0.106165],[0.055462,-0.106305],[0.055469,-0.106299],[0.055686,-0.106326],[0.055844,-0.106373],[0.055937,-0.106563],[0.056038,-0.106744],[0.056159,-0.106898],[0.056246,-0.107039],[0.056329,-0.107267],[0.056353,-0.107528],[0.05641,-0.107803],[0.05652,-0.108137],[0.056607,-0.108298],[0.056651,-0.108432],[0.056637,-0.108559],[0.056664,-0.10878],[0.056745,-0.108951],[0.056818,-0.109135],[0.056808,-0.109326],[0.056822,-0.109531],[0.056832,-0.109728],[0.056875,-0.109912],[0.056939,-0.110147],[0.056956,-0.110314],[0.056956,-0.110448],[0.056915,-0.110609],[0.056865,-0.11078],[0.056785,-0.110994],[0.056591,-0.111195],[0.056491,-0.111351],[0.056627,-0.111325],[0.057136,-0.111599],[0.058014,-0.111963],[0.058276,-0.112081],[0.058491,-0.112182],[0.058742,-0.112236],[0.058941,-0.112284],[0.05909,-0.112359],[0.059344,-0.112442],[0.059368,-0.112422],[0.059783,-0.112473],[0.060067,-0.112638],[0.060386,-0.112881],[0.060646,-0.113025],[0.060861,-0.113185],[0.060892,-0.113207],[0.061046,-0.113304],[0.061237,-0.1135],[0.061427,-0.11363],[0.061596,-0.11364],[0.061852,-0.113777],[0.062015,-0.113859],[0.06229,-0.113862],[0.062524,-0.113748],[0.062949,-0.113269],[0.063214,-0.113082],[0.063229,-0.113072],[0.063226,-0.113069],[0.064055,-0.112193],[0.064402,-0.111751],[0.06448,-0.111517],[0.064474,-0.111293],[0.064524,-0.111021],[0.064764,-0.110713],[0.064925,-0.11039],[0.06497,-0.110043],[0.065341,-0.109499],[0.06541,-0.109226],[0.065461,-0.108823],[0.06581,-0.108042],[0.065969,-0.107692],[0.06596,-0.107405],[0.066086,-0.10713],[0.066151,-0.106986],[0.066205,-0.106544],[0.066492,-0.10629],[0.067375,-0.105715],[0.067535,-0.105623],[0.06751,-0.105565],[0.067466,-0.105412],[0.067364,-0.105222],[0.067145,-0.105003],[0.066926,-0.104828],[0.066583,-0.104529],[0.066371,-0.104215],[0.066057,-0.103901],[0.065984,-0.103557],[0.065969,-0.103236],[0.065969,-0.103232],[0.065853,-0.103208],[0.065663,-0.103198],[0.065338,-0.103191],[0.065141,-0.103078],[0.064836,-0.102971],[0.064468,-0.102954],[0.064241,-0.102891],[0.064109,-0.102788],[0.063914,-0.10261],[0.063697,-0.102547],[0.063297,-0.102422],[0.062804,-0.102259],[0.062656,-0.102142],[0.062117,-0.102076],[0.061768,-0.102125],[0.061246,-0.10222],[0.060668,-0.102398],[0.060332,-0.102444],[0.059993,-0.102488],[0.059505,-0.102581],[0.059156,-0.102625],[0.058898,-0.102664],[0.058608,-0.102769],[0.058464,-0.102888],[0.058256,-0.103181],[0.058164,-0.103352],[0.057915,-0.103939],[0.0577,-0.104424],[0.057432,-0.104895],[0.057237,-0.104995],[0.056905,-0.105132],[0.05642,-0.105371],[0.056057,-0.1056],[0.055725,-0.105688]]]]}},{"type":"Feature","id":351,"properties":{"Clan":"Steelheart","Name":null},"geometry":{"type":"MultiPolygon","coordinates":[[[[0.048726,-0.102726],[0.048731,-0.102729],[0.048975,-0.102829],[0.049283,-0.10292],[0.049759,-0.103114],[0.05014,-0.103255],[0.050378,-0.103352],[0.050619,-0.103456],[0.050961,-0.10359],[0.051179,-0.103647],[0.051378,-0.103727],[0.051425,-0.103676],[0.05165,-0.103543],[0.052013,-0.103166],[0.052191,-0.102913],[0.052521,-0.102347],[0.052718,-0.101878],[0.052776,-0.101748],[0.052568,-0.101659],[0.052227,-0.101498],[0.05206,-0.101446],[0.051944,-0.101296],[0.05191,-0.101088],[0.051949,-0.100904],[0.051982,-0.100555],[0.051955,-0.100289],[0.051963,-0.100189],[0.051955,-0.100044],[0.05193,-0.099872],[0.051883,-0.09975],[0.051769,-0.099623],[0.051686,-0.099514],[0.051577,-0.099434],[0.051464,-0.099367],[0.05135,-0.099326],[0.051247,-0.099292],[0.051061,-0.099298],[0.050698,-0.09932],[0.050579,-0.09929],[0.050451,-0.099284],[0.050512,-0.099384],[0.050567,-0.099434],[0.050606,-0.099487],[0.050573,-0.099703],[0.050545,-0.099842],[0.050273,-0.10038],[0.050093,-0.10058],[0.049963,-0.100619],[0.04986,-0.100641],[0.049519,-0.10073],[0.049236,-0.100796],[0.049086,-0.100799],[0.049025,-0.100777],[0.048966,-0.100757],[0.048869,-0.100738],[0.0488,-0.100755],[0.048717,-0.100855],[0.048653,-0.100949],[0.048592,-0.10106],[0.04845,-0.101246],[0.048217,-0.101459],[0.047984,-0.101598],[0.04769,-0.101734],[0.047388,-0.101901],[0.047343,-0.102025],[0.047377,-0.10212],[0.047551,-0.102192],[0.04787,-0.10231],[0.048221,-0.102449],[0.048515,-0.102632],[0.048726,-0.102726]]]]}},{"type":"Feature","id":352,"properties":{"Clan":"Steelheart","Name":null},"geometry":{"type":"MultiPolygon","coordinates":[[[[0.052777,-0.101745],[0.052693,-0.101938],[0.052521,-0.102347],[0.052191,-0.102913],[0.052013,-0.103166],[0.05165,-0.103543],[0.051425,-0.103676],[0.051378,-0.103727],[0.05146,-0.10376],[0.051694,-0.103827],[0.051832,-0.103868],[0.051959,-0.103924],[0.052103,-0.103988],[0.052203,-0.104032],[0.052404,-0.104045],[0.052602,-0.104105],[0.052937,-0.104166],[0.053432,-0.104152],[0.053915,-0.104236],[0.054318,-0.104434],[0.054473,-0.104579],[0.054616,-0.104644],[0.054837,-0.104779],[0.055008,-0.104877],[0.055167,-0.105083],[0.055304,-0.105248],[0.055569,-0.105517],[0.055736,-0.105743],[0.055732,-0.105734],[0.055725,-0.105688],[0.056057,-0.1056],[0.05642,-0.105371],[0.056905,-0.105132],[0.057237,-0.104995],[0.057432,-0.104895],[0.0577,-0.104424],[0.057915,-0.103939],[0.058164,-0.103352],[0.058256,-0.103181],[0.058358,-0.103037],[0.058017,-0.103015],[0.057845,-0.103042],[0.057396,-0.103106],[0.057293,-0.10314],[0.057122,-0.103137],[0.056874,-0.103122],[0.056795,-0.10309],[0.056454,-0.103059],[0.056255,-0.103037],[0.055882,-0.102984],[0.055663,-0.102939],[0.055418,-0.102869],[0.055265,-0.102842],[0.055117,-0.10272],[0.054966,-0.10255],[0.054653,-0.102305],[0.05444,-0.102123],[0.054196,-0.101943],[0.054076,-0.101803],[0.053946,-0.101642],[0.053804,-0.101531],[0.053634,-0.101425],[0.053473,-0.101339],[0.05335,-0.101349],[0.053174,-0.101506],[0.053104,-0.101606],[0.053027,-0.101679],[0.052859,-0.101743],[0.052777,-0.101745]]]]}},{"type":"Feature","id":353,"properties":{"Clan":"Steelheart","Name":null},"geometry":{"type":"MultiPolygon","coordinates":[[[[0.053403,-0.101337],[0.053594,-0.101404],[0.053634,-0.101425],[0.053804,-0.101531],[0.053946,-0.101642],[0.054076,-0.101803],[0.054196,-0.101943],[0.05444,-0.102123],[0.054653,-0.102305],[0.054966,-0.10255],[0.055117,-0.10272],[0.055265,-0.102842],[0.055418,-0.102869],[0.055663,-0.102939],[0.055882,-0.102984],[0.056255,-0.103037],[0.056454,-0.103059],[0.056795,-0.10309],[0.056874,-0.103122],[0.057122,-0.103137],[0.057293,-0.10314],[0.057396,-0.103106],[0.057845,-0.103042],[0.058017,-0.103015],[0.058358,-0.103037],[0.058464,-0.102888],[0.058608,-0.102769],[0.058898,-0.102664],[0.059156,-0.102625],[0.059505,-0.102581],[0.059931,-0.1025],[0.059907,-0.102095],[0.059865,-0.101931],[0.059812,-0.101631],[0.059782,-0.101482],[0.05964,-0.101398],[0.059579,-0.101335],[0.059449,-0.101163],[0.059288,-0.101043],[0.059135,-0.100971],[0.058927,-0.100863],[0.058753,-0.100927],[0.058533,-0.10109],[0.05711,-0.101068],[0.056913,-0.101007],[0.056652,-0.100885],[0.056208,-0.100838],[0.056011,-0.100785],[0.055781,-0.100671],[0.055662,-0.100608],[0.055465,-0.100527],[0.055354,-0.100483],[0.05522,-0.100472],[0.054882,-0.100477],[0.054621,-0.100483],[0.054399,-0.100558],[0.054044,-0.100799],[0.053825,-0.100988],[0.053639,-0.101226],[0.053403,-0.101337]]]]}},{"type":"Feature","id":354,"properties":{"Clan":"Steelheart","Name":null},"geometry":{"type":"MultiPolygon","coordinates":[[[[0.058927,-0.100849],[0.059129,-0.100968],[0.059135,-0.100971],[0.059288,-0.101043],[0.059449,-0.101163],[0.059579,-0.101335],[0.05964,-0.101398],[0.059782,-0.101482],[0.059812,-0.101631],[0.059865,-0.101931],[0.059907,-0.102095],[0.059931,-0.1025],[0.059993,-0.102488],[0.060332,-0.102444],[0.060668,-0.102398],[0.061246,-0.10222],[0.061768,-0.102125],[0.062117,-0.102076],[0.062656,-0.102142],[0.062804,-0.102259],[0.063297,-0.102422],[0.063697,-0.102547],[0.063914,-0.10261],[0.064109,-0.102788],[0.064241,-0.102891],[0.064468,-0.102954],[0.064836,-0.102971],[0.065141,-0.103078],[0.065338,-0.103191],[0.065663,-0.103198],[0.065853,-0.103208],[0.065969,-0.103232],[0.065954,-0.102248],[0.065933,-0.101996],[0.065977,-0.101845],[0.065946,-0.101834],[0.065738,-0.101682],[0.065239,-0.101222],[0.064975,-0.101033],[0.06479,-0.100877],[0.064545,-0.100755],[0.064295,-0.100675],[0.064023,-0.100561],[0.063853,-0.100483],[0.063576,-0.100334],[0.06348,-0.100282],[0.06338,-0.100206],[0.06332,-0.100129],[0.063219,-0.10006],[0.063091,-0.100009],[0.062887,-0.099927],[0.06278,-0.099922],[0.062647,-0.099918],[0.0625,-0.099929],[0.0624,-0.09998],[0.062315,-0.100026],[0.062198,-0.100041],[0.061997,-0.100096],[0.061885,-0.100185],[0.061709,-0.10025],[0.061624,-0.100272],[0.061521,-0.100268],[0.061409,-0.100309],[0.061327,-0.100363],[0.0611,-0.100452],[0.060956,-0.100502],[0.060767,-0.100533],[0.060392,-0.100624],[0.060132,-0.100688],[0.059837,-0.100738],[0.059679,-0.100777],[0.059446,-0.100774],[0.059191,-0.100763],[0.059008,-0.100746],[0.058927,-0.100849]]]]}},{"type":"Feature","id":355,"properties":{"Clan":"Vale","Name":null},"geometry":{"type":"MultiPolygon","coordinates":[[[[0.071441,-0.163905],[0.071342,-0.164131],[0.071425,-0.164465],[0.07155,-0.164634],[0.071633,-0.16479],[0.071715,-0.164981],[0.071793,-0.165302],[0.07188,-0.165527],[0.072032,-0.165679],[0.072227,-0.165935],[0.072444,-0.166078],[0.072673,-0.166421],[0.072756,-0.16659],[0.072829,-0.166793],[0.072925,-0.167049],[0.073046,-0.167461],[0.073107,-0.167652],[0.073228,-0.167825],[0.073289,-0.16789],[0.073393,-0.167912],[0.073432,-0.167825],[0.073441,-0.167708],[0.07348,-0.167496],[0.073475,-0.167262],[0.073471,-0.166785],[0.073458,-0.166646],[0.073493,-0.16652],[0.073631,-0.166412],[0.073705,-0.166355],[0.073709,-0.16613],[0.073688,-0.165844],[0.073497,-0.165445],[0.073259,-0.165194],[0.073072,-0.165012],[0.072959,-0.164907],[0.072868,-0.164834],[0.072712,-0.164756],[0.072626,-0.164678],[0.072465,-0.164446],[0.072318,-0.164282],[0.072062,-0.164149],[0.071929,-0.164093],[0.071735,-0.164085],[0.071605,-0.16406],[0.07151,-0.163996],[0.071441,-0.163905]]]]}},{"type":"Feature","id":356,"properties":{"Clan":"Outer Blood","Name":null},"geometry":{"type":"MultiPolygon","coordinates":[[[[0.165126,-0.133366],[0.165375,-0.133476],[0.165669,-0.133642],[0.166009,-0.134037],[0.166129,-0.134322],[0.166285,-0.134791],[0.166441,-0.135187],[0.166984,-0.135518],[0.167379,-0.135481],[0.167866,-0.135315],[0.168133,-0.135178],[0.168482,-0.134975],[0.168777,-0.134856],[0.169071,-0.134911],[0.16918,-0.134891],[0.169409,-0.134974],[0.169492,-0.135023],[0.16959,-0.13506],[0.169763,-0.135068],[0.169861,-0.135136],[0.170069,-0.135365],[0.170072,-0.135467],[0.170144,-0.135313],[0.170151,-0.135158],[0.170084,-0.134857],[0.170053,-0.134699],[0.170008,-0.13451],[0.169944,-0.134311],[0.16991,-0.134021],[0.169903,-0.133889],[0.169831,-0.133742],[0.169763,-0.133625],[0.169662,-0.133531],[0.1693,-0.133242],[0.169047,-0.133008],[0.168898,-0.132772],[0.168642,-0.132635],[0.168493,-0.132587],[0.168406,-0.13217],[0.168293,-0.131883],[0.168167,-0.131548],[0.168013,-0.131314],[0.167876,-0.131143],[0.167688,-0.131054],[0.167447,-0.131095],[0.167247,-0.131174],[0.167003,-0.13134],[0.166748,-0.131485],[0.166437,-0.131603],[0.166078,-0.131704],[0.165757,-0.13183],[0.16547,-0.131905],[0.165263,-0.131921],[0.165007,-0.131921],[0.164805,-0.131902],[0.164682,-0.13195],[0.164704,-0.132124],[0.164745,-0.13229],[0.164805,-0.132464],[0.164892,-0.1327],[0.164986,-0.13296],[0.165048,-0.133143],[0.165094,-0.133293],[0.165126,-0.133366]]]]}},{"type":"Feature","id":357,"properties":{"Clan":"Outer Blood","Name":null},"geometry":{"type":"MultiPolygon","coordinates":[[[[0.1763,-0.14964],[0.17633,-0.149979],[0.17648,-0.150335],[0.176569,-0.150456],[0.176614,-0.15054],[0.17666,-0.150653],[0.176713,-0.150748],[0.176785,-0.150778],[0.176864,-0.150771],[0.176904,-0.150725],[0.176987,-0.150648],[0.177048,-0.150509],[0.177118,-0.150358],[0.177145,-0.150295],[0.177184,-0.150201],[0.177211,-0.149729],[0.177217,-0.149615],[0.177249,-0.149447],[0.177215,-0.14932],[0.177131,-0.149185],[0.176997,-0.14906],[0.176936,-0.14906],[0.176862,-0.149091],[0.176779,-0.149174],[0.176724,-0.149238],[0.176701,-0.149274],[0.176641,-0.149307],[0.17659,-0.149339],[0.17654,-0.149365],[0.176455,-0.149435],[0.176379,-0.14949],[0.176309,-0.149568],[0.1763,-0.14964]]]]}},{"type":"Feature","id":358,"properties":{"Clan":"Outer Blood","Name":null},"geometry":{"type":"MultiPolygon","coordinates":[[[[0.175751,-0.148455],[0.175792,-0.148344],[0.175835,-0.148296],[0.175869,-0.148267],[0.175936,-0.148223],[0.175999,-0.148165],[0.176054,-0.148117],[0.176103,-0.148074],[0.17616,-0.148009],[0.176199,-0.147944],[0.176228,-0.147842],[0.17624,-0.147693],[0.176233,-0.147543],[0.176175,-0.147437],[0.176168,-0.147384],[0.176168,-0.147288],[0.176185,-0.147187],[0.176201,-0.147088],[0.176204,-0.146888],[0.176218,-0.146753],[0.176144,-0.146495],[0.176103,-0.146447],[0.17605,-0.146449],[0.175982,-0.146471],[0.175895,-0.146531],[0.175852,-0.146579],[0.175799,-0.146625],[0.175715,-0.146693],[0.175613,-0.146743],[0.175507,-0.146876],[0.175384,-0.146975],[0.175305,-0.147066],[0.175189,-0.147126],[0.175117,-0.147098],[0.174987,-0.147052],[0.174888,-0.147013],[0.174799,-0.146979],[0.174683,-0.146897],[0.174589,-0.146859],[0.174517,-0.146856],[0.174442,-0.146864],[0.174365,-0.14691],[0.174271,-0.146953],[0.174222,-0.146963],[0.17416,-0.146979],[0.174063,-0.146994],[0.173993,-0.146955],[0.173972,-0.146914],[0.173897,-0.14695],[0.173892,-0.147016],[0.173907,-0.147119],[0.173974,-0.147358],[0.174095,-0.147606],[0.174198,-0.147772],[0.174285,-0.147919],[0.174372,-0.148023],[0.174437,-0.148134],[0.174507,-0.148242],[0.174538,-0.148327],[0.174565,-0.14845],[0.174601,-0.148688],[0.174676,-0.148833],[0.174743,-0.148942],[0.174828,-0.149055],[0.174917,-0.149163],[0.174934,-0.149236],[0.174977,-0.149308],[0.17504,-0.149361],[0.175134,-0.149467],[0.175182,-0.149539],[0.175187,-0.149597],[0.175184,-0.149669],[0.175187,-0.149788],[0.175187,-0.149836],[0.17517,-0.14992],[0.175138,-0.150053],[0.175107,-0.150132],[0.175071,-0.150238],[0.1751,-0.150311],[0.175163,-0.150378],[0.175199,-0.150441],[0.175218,-0.150542],[0.175266,-0.150638],[0.175298,-0.150732],[0.175341,-0.150807],[0.175401,-0.150855],[0.175418,-0.150855],[0.175377,-0.150778],[0.175351,-0.150745],[0.175336,-0.150684],[0.175317,-0.150511],[0.175285,-0.150373],[0.175288,-0.150231],[0.175314,-0.150156],[0.175341,-0.150079],[0.175382,-0.150005],[0.175416,-0.149903],[0.175502,-0.149679],[0.175529,-0.149588],[0.17557,-0.149515],[0.175584,-0.149426],[0.175587,-0.149313],[0.175604,-0.14918],[0.175654,-0.148973],[0.175751,-0.148455]]]]}},{"type":"Feature","id":359,"properties":{"Clan":"Outer Blood","Name":null},"geometry":{"type":"MultiPolygon","coordinates":[[[[0.177819,-0.155574],[0.177789,-0.155404],[0.177762,-0.155366],[0.177704,-0.155319],[0.177652,-0.155267],[0.177542,-0.155223],[0.177463,-0.155231],[0.177421,-0.155242],[0.177345,-0.15533],[0.177314,-0.155429],[0.177293,-0.155497],[0.17729,-0.155629],[0.177314,-0.155733],[0.177331,-0.155796],[0.177391,-0.155909],[0.177372,-0.156073],[0.177334,-0.156172],[0.177328,-0.156293],[0.177342,-0.156397],[0.177397,-0.156586],[0.177443,-0.156635],[0.177633,-0.156657],[0.177751,-0.156644],[0.177852,-0.156616],[0.177901,-0.156482],[0.177945,-0.156213],[0.177962,-0.156079],[0.177929,-0.155942],[0.17789,-0.155824],[0.177863,-0.155736],[0.177833,-0.155662],[0.177819,-0.155574]]]]}},{"type":"Feature","id":360,"properties":{"Clan":"Giantsbane","Name":null},"geometry":{"type":"MultiPolygon","coordinates":[[[[0.009796,-0.171784],[0.009708,-0.171906],[0.009665,-0.172057],[0.009588,-0.172276],[0.009552,-0.172696],[0.009649,-0.172934],[0.009747,-0.173214],[0.009798,-0.173453],[0.00974,-0.173883],[0.009717,-0.174007],[0.009677,-0.174139],[0.009655,-0.174245],[0.009609,-0.174326],[0.009549,-0.174396],[0.009501,-0.174511],[0.009449,-0.174616],[0.009602,-0.174952],[0.009461,-0.17471],[0.009314,-0.17471],[0.009039,-0.174717],[0.008798,-0.174684],[0.008624,-0.174597],[0.00845,-0.17451],[0.008196,-0.174342],[0.007941,-0.174215],[0.007834,-0.174121],[0.007673,-0.17386],[0.007325,-0.173827],[0.006937,-0.173947],[0.006414,-0.174242],[0.005959,-0.174657],[0.005557,-0.175266],[0.005296,-0.175983],[0.005196,-0.176612],[0.005256,-0.177282],[0.00529,-0.177476],[0.00537,-0.177516],[0.00547,-0.177663],[0.005544,-0.177891],[0.005718,-0.178507],[0.006086,-0.17923],[0.006589,-0.179786],[0.00687,-0.180114],[0.007399,-0.180402],[0.007633,-0.181011],[0.007673,-0.181433],[0.007861,-0.182002],[0.008155,-0.182283],[0.008986,-0.182444],[0.009166,-0.182558],[0.009568,-0.182765],[0.009896,-0.182973],[0.010258,-0.183154],[0.010519,-0.183355],[0.010727,-0.183569],[0.011128,-0.18381],[0.011744,-0.184506],[0.012307,-0.184834],[0.012521,-0.184787],[0.012842,-0.18472],[0.013766,-0.184694],[0.014141,-0.18472],[0.014456,-0.184941],[0.014724,-0.185055],[0.014998,-0.185156],[0.015152,-0.185182],[0.015373,-0.185122],[0.015574,-0.185035],[0.015755,-0.184821],[0.015809,-0.184546],[0.015996,-0.183703],[0.016076,-0.183381],[0.016117,-0.183134],[0.016103,-0.182899],[0.016003,-0.182518],[0.016029,-0.182176],[0.015956,-0.181902],[0.015809,-0.181607],[0.015742,-0.181413],[0.015675,-0.181172],[0.015601,-0.18081],[0.015454,-0.180408],[0.015373,-0.180167],[0.01536,-0.180034],[0.015353,-0.179839],[0.015353,-0.179585],[0.01538,-0.179478],[0.01542,-0.179391],[0.015494,-0.179203],[0.015487,-0.179043],[0.015454,-0.178842],[0.01542,-0.178708],[0.015259,-0.178447],[0.015105,-0.178206],[0.015059,-0.178092],[0.014764,-0.178078],[0.01459,-0.178038],[0.014523,-0.177857],[0.014483,-0.17761],[0.014436,-0.177221],[0.014476,-0.176866],[0.014489,-0.176605],[0.014429,-0.176297],[0.014402,-0.176197],[0.014275,-0.176063],[0.014175,-0.175929],[0.014108,-0.175775],[0.014068,-0.175574],[0.014168,-0.175427],[0.014161,-0.175273],[0.014128,-0.174972],[0.014108,-0.174791],[0.014054,-0.174577],[0.013987,-0.174329],[0.013847,-0.174054],[0.013847,-0.173961],[0.01376,-0.173786],[0.013693,-0.173264],[0.013485,-0.173016],[0.013378,-0.172856],[0.013103,-0.172628],[0.013016,-0.172521],[0.012883,-0.17236],[0.012802,-0.172106],[0.012702,-0.171845],[0.012575,-0.171798],[0.012347,-0.171831],[0.011985,-0.171825],[0.011664,-0.171811],[0.01147,-0.171711],[0.011182,-0.171497],[0.010753,-0.171423],[0.010465,-0.17143],[0.010104,-0.171463],[0.009796,-0.171784]],[[0.011008,-0.177221],[0.010793,-0.177067],[0.010793,-0.177067],[0.011115,-0.177288],[0.011008,-0.177221]]]]}},{"type":"Feature","id":361,"properties":{"Clan":"Vale","Name":null},"geometry":{"type":"MultiPolygon","coordinates":[[[[0.154652,-0.183422],[0.155331,-0.18298],[0.155442,-0.182506],[0.155473,-0.182159],[0.155379,-0.18178],[0.155363,-0.181449],[0.155505,-0.181054],[0.155773,-0.180517],[0.155805,-0.180075],[0.155694,-0.179901],[0.155537,-0.179854],[0.155237,-0.179791],[0.154605,-0.179396],[0.154036,-0.179033],[0.153942,-0.17859],[0.153989,-0.178117],[0.153973,-0.177501],[0.153879,-0.177122],[0.1526,-0.176538],[0.151384,-0.176238],[0.151289,-0.176664],[0.151368,-0.176822],[0.151384,-0.177232],[0.151478,-0.177406],[0.151621,-0.177959],[0.151905,-0.178385],[0.152094,-0.178764],[0.151984,-0.179127],[0.151589,-0.179159],[0.151842,-0.17938],[0.151984,-0.179648],[0.152205,-0.179791],[0.15241,-0.180138],[0.152521,-0.180422],[0.152615,-0.180659],[0.152742,-0.180975],[0.1529,-0.181196],[0.153263,-0.181401],[0.153436,-0.181701],[0.153736,-0.182064],[0.153863,-0.182238],[0.154084,-0.182728],[0.154652,-0.183422]]]]}},{"type":"Feature","id":362,"properties":{"Clan":"Vale","Name":null},"geometry":{"type":"MultiPolygon","coordinates":[[[[0.153878,-0.177153],[0.153882,-0.177137],[0.153879,-0.177122],[0.153878,-0.177153]]],[[[0.153882,-0.177137],[0.153973,-0.177501],[0.153989,-0.178117],[0.153942,-0.17859],[0.154036,-0.179033],[0.154605,-0.179396],[0.155237,-0.179791],[0.155537,-0.179854],[0.155664,-0.179892],[0.155745,-0.179848],[0.155778,-0.179542],[0.155827,-0.179422],[0.155852,-0.179128],[0.155877,-0.1789],[0.155831,-0.178494],[0.155889,-0.178097],[0.155836,-0.177836],[0.155782,-0.177567],[0.155711,-0.17736],[0.155666,-0.177095],[0.155674,-0.176913],[0.155728,-0.176727],[0.155856,-0.176449],[0.155931,-0.17618],[0.155947,-0.175787],[0.155927,-0.175315],[0.155914,-0.174947],[0.155869,-0.174632],[0.155848,-0.174355],[0.155745,-0.174007],[0.155591,-0.173527],[0.155484,-0.173076],[0.15531,-0.172873],[0.155231,-0.173001],[0.15509,-0.173142],[0.154975,-0.173208],[0.154763,-0.173304],[0.15459,-0.173316],[0.154412,-0.173291],[0.154271,-0.173254],[0.154201,-0.173204],[0.154122,-0.173345],[0.154122,-0.173552],[0.154143,-0.173809],[0.154126,-0.174309],[0.154085,-0.174504],[0.153998,-0.17491],[0.15394,-0.17517],[0.153857,-0.175398],[0.153857,-0.176292],[0.153973,-0.176814],[0.153882,-0.177137]]]]}},{"type":"Feature","id":363,"properties":{"Clan":"Vale","Name":null},"geometry":{"type":"MultiPolygon","coordinates":[[[[0.15531,-0.172842],[0.155286,-0.172384],[0.155241,-0.171941],[0.155177,-0.171608],[0.154894,-0.17121],[0.154735,-0.170895],[0.154515,-0.170328],[0.154383,-0.169886],[0.154139,-0.169342],[0.153938,-0.16894],[0.153567,-0.168503],[0.153024,-0.168137],[0.152708,-0.167917],[0.152745,-0.168158],[0.152777,-0.168508],[0.152745,-0.168935],[0.152653,-0.169271],[0.152404,-0.169851],[0.152239,-0.170135],[0.152136,-0.17049],[0.152009,-0.170993],[0.151948,-0.17129],[0.151924,-0.171528],[0.152361,-0.171727],[0.152708,-0.172042],[0.153153,-0.172299],[0.153636,-0.172678],[0.154017,-0.172972],[0.154163,-0.173099],[0.154201,-0.173204],[0.154271,-0.173254],[0.154412,-0.173291],[0.15459,-0.173316],[0.154763,-0.173304],[0.154975,-0.173208],[0.15509,-0.173142],[0.155231,-0.173001],[0.15531,-0.172873],[0.155341,-0.17291],[0.15531,-0.172842]]]]}},{"type":"Feature","id":364,"properties":{"Clan":"Vale","Name":null},"geometry":{"type":"MultiPolygon","coordinates":[[[[0.151382,-0.176234],[0.151644,-0.176302],[0.1526,-0.176538],[0.153879,-0.177122],[0.153882,-0.177137],[0.153973,-0.176814],[0.153857,-0.176292],[0.153857,-0.175398],[0.15394,-0.17517],[0.153998,-0.17491],[0.154085,-0.174504],[0.154126,-0.174309],[0.154143,-0.173809],[0.154122,-0.173552],[0.154122,-0.173345],[0.154201,-0.173204],[0.154163,-0.173099],[0.154017,-0.172972],[0.153636,-0.172678],[0.153153,-0.172299],[0.152708,-0.172042],[0.152361,-0.171727],[0.151924,-0.171528],[0.151924,-0.171527],[0.151525,-0.171613],[0.151174,-0.17126],[0.150991,-0.171062],[0.150719,-0.170527],[0.150584,-0.170248],[0.150417,-0.169973],[0.150368,-0.170037],[0.150161,-0.170258],[0.150014,-0.170387],[0.14979,-0.170507],[0.149531,-0.170699],[0.149337,-0.170782],[0.149092,-0.17098],[0.148975,-0.171189],[0.148824,-0.171451],[0.148686,-0.171702],[0.148525,-0.171921],[0.148386,-0.172396],[0.148642,-0.172542],[0.148785,-0.172689],[0.149032,-0.172908],[0.149081,-0.173278],[0.149151,-0.173332],[0.149359,-0.173186],[0.149627,-0.173534],[0.149766,-0.173684],[0.150226,-0.17411],[0.150487,-0.174397],[0.150801,-0.174761],[0.151002,-0.175153],[0.151094,-0.175509],[0.151184,-0.176063],[0.151382,-0.176234]]]]}},{"type":"Feature","id":365,"properties":{"Clan":"Vale","Name":null},"geometry":{"type":"MultiPolygon","coordinates":[[[[0.154438,-0.168615],[0.154839,-0.168732],[0.155279,-0.168971],[0.155667,-0.169113],[0.156217,-0.169158],[0.156863,-0.169133],[0.157297,-0.168906],[0.157665,-0.1689],[0.158254,-0.168829],[0.158914,-0.16888],[0.159509,-0.169068],[0.159819,-0.16945],[0.160227,-0.170153],[0.160414,-0.170509],[0.160608,-0.1707],[0.160977,-0.17111],[0.161031,-0.17125],[0.161064,-0.171433],[0.161055,-0.171689],[0.160952,-0.171996],[0.160604,-0.172281],[0.16108,-0.17224],[0.161349,-0.172012],[0.161519,-0.171706],[0.161606,-0.171097],[0.161519,-0.170472],[0.161221,-0.169975],[0.161047,-0.169706],[0.161068,-0.169094],[0.161002,-0.168485],[0.160935,-0.167939],[0.160882,-0.167455],[0.160977,-0.167161],[0.160952,-0.166602],[0.160803,-0.166192],[0.16072,-0.165944],[0.160509,-0.165741],[0.16031,-0.165546],[0.160107,-0.16541],[0.159913,-0.165373],[0.159681,-0.165377],[0.159549,-0.165315],[0.159317,-0.165219],[0.159234,-0.165099],[0.159155,-0.164975],[0.159052,-0.164834],[0.158911,-0.164723],[0.158721,-0.164723],[0.158626,-0.164743],[0.158406,-0.164632],[0.158294,-0.164404],[0.158162,-0.164127],[0.157909,-0.163564],[0.157843,-0.162715],[0.157678,-0.162276],[0.157375,-0.161726],[0.157003,-0.161324],[0.156767,-0.16103],[0.156498,-0.160931],[0.156399,-0.160935],[0.156353,-0.161159],[0.156349,-0.161345],[0.156299,-0.161635],[0.156241,-0.161991],[0.156121,-0.162537],[0.156026,-0.16281],[0.155951,-0.163195],[0.155745,-0.163717],[0.155567,-0.164185],[0.155244,-0.16481],[0.154797,-0.165335],[0.154573,-0.165695],[0.154329,-0.166068],[0.154172,-0.166478],[0.154093,-0.166726],[0.154018,-0.16685],[0.153936,-0.166974],[0.153931,-0.167173],[0.153931,-0.1675],[0.153944,-0.16779],[0.153989,-0.168042],[0.154068,-0.16827],[0.154263,-0.168506],[0.154438,-0.168615]]]]}},{"type":"Feature","id":366,"properties":{"Clan":"Outer Blood","Name":null},"geometry":{"type":"MultiPolygon","coordinates":[[[[0.173175,-0.162301],[0.173287,-0.16238],[0.173498,-0.162516],[0.17361,-0.16269],[0.173701,-0.162819],[0.17378,-0.162794],[0.173821,-0.16257],[0.173896,-0.162405],[0.173954,-0.162227],[0.174008,-0.162015],[0.174028,-0.161846],[0.17402,-0.161614],[0.173991,-0.161411],[0.173904,-0.161337],[0.173801,-0.161316],[0.173672,-0.161217],[0.173577,-0.161121],[0.173482,-0.161014],[0.17342,-0.160774],[0.173436,-0.160712],[0.173494,-0.160604],[0.173573,-0.160579],[0.173432,-0.160554],[0.173325,-0.160596],[0.173229,-0.160649],[0.173118,-0.160757],[0.173031,-0.160869],[0.172952,-0.161022],[0.172894,-0.1612],[0.172865,-0.161291],[0.172865,-0.161444],[0.172877,-0.161618],[0.172906,-0.161784],[0.172952,-0.161924],[0.172985,-0.162044],[0.173014,-0.16214],[0.17308,-0.162214],[0.173175,-0.162301]]]]}},{"type":"Feature","id":367,"properties":{"Clan":"Outer Blood","Name":null},"geometry":{"type":"MultiPolygon","coordinates":[[[[0.169806,-0.164888],[0.16993,-0.164731],[0.170187,-0.164499],[0.170282,-0.164358],[0.170311,-0.164213],[0.170311,-0.163953],[0.170303,-0.163742],[0.170319,-0.163423],[0.170319,-0.163191],[0.170373,-0.162905],[0.170377,-0.162628],[0.170394,-0.162405],[0.170398,-0.162256],[0.170319,-0.161788],[0.170199,-0.161705],[0.17015,-0.161461],[0.170112,-0.161221],[0.169988,-0.160964],[0.16993,-0.160745],[0.169872,-0.160637],[0.16976,-0.160542],[0.16969,-0.160393],[0.169624,-0.160302],[0.169574,-0.160087],[0.16957,-0.159809],[0.169491,-0.159573],[0.169338,-0.159321],[0.169305,-0.159134],[0.169235,-0.15894],[0.169119,-0.158745],[0.169015,-0.158567],[0.168945,-0.15836],[0.168891,-0.158265],[0.168808,-0.158344],[0.168746,-0.158447],[0.168672,-0.15858],[0.168614,-0.158729],[0.16856,-0.158923],[0.168523,-0.159081],[0.168502,-0.159288],[0.168457,-0.159461],[0.168411,-0.159623],[0.168366,-0.159793],[0.168299,-0.160016],[0.168192,-0.160244],[0.168088,-0.160496],[0.167939,-0.160827],[0.167856,-0.160993],[0.16779,-0.161154],[0.167782,-0.161287],[0.167786,-0.161436],[0.16779,-0.16156],[0.167749,-0.161693],[0.167711,-0.161759],[0.167645,-0.161887],[0.167492,-0.162164],[0.16743,-0.162367],[0.167335,-0.162458],[0.167244,-0.16252],[0.167082,-0.162574],[0.166747,-0.162719],[0.166619,-0.162823],[0.166586,-0.162876],[0.166499,-0.162922],[0.166408,-0.162914],[0.166304,-0.162889],[0.166234,-0.162885],[0.165965,-0.163063],[0.165869,-0.163158],[0.165683,-0.163282],[0.165584,-0.163369],[0.165534,-0.163448],[0.165584,-0.16353],[0.165704,-0.163564],[0.165894,-0.163572],[0.166023,-0.163667],[0.166118,-0.163961],[0.166221,-0.164305],[0.166225,-0.164483],[0.166213,-0.164826],[0.166201,-0.165004],[0.166184,-0.165261],[0.166139,-0.165422],[0.166105,-0.165617],[0.165969,-0.165998],[0.165965,-0.166312],[0.166089,-0.166532],[0.166139,-0.166693],[0.16623,-0.166871],[0.16637,-0.167024],[0.166445,-0.167194],[0.166515,-0.167422],[0.16649,-0.167616],[0.166445,-0.167757],[0.166457,-0.168055],[0.16649,-0.16827],[0.166523,-0.168444],[0.166602,-0.168792],[0.166685,-0.168916],[0.166805,-0.16899],[0.166851,-0.16897],[0.166884,-0.168833],[0.166913,-0.168717],[0.167045,-0.168469],[0.167099,-0.168386],[0.167165,-0.168303],[0.167248,-0.168154],[0.167302,-0.168005],[0.167351,-0.167869],[0.167405,-0.167744],[0.167471,-0.167595],[0.167562,-0.167442],[0.167616,-0.167397],[0.167699,-0.167359],[0.167803,-0.167359],[0.167923,-0.167339],[0.167972,-0.16731],[0.168067,-0.167256],[0.168163,-0.167169],[0.168262,-0.16709],[0.168345,-0.167037],[0.168568,-0.166838],[0.168722,-0.166743],[0.168796,-0.166627],[0.168858,-0.16654],[0.169007,-0.166341],[0.169061,-0.16618],[0.169106,-0.166014],[0.169169,-0.16582],[0.169185,-0.165654],[0.169198,-0.165526],[0.169251,-0.165377],[0.169284,-0.165306],[0.169421,-0.16517],[0.169566,-0.165008],[0.169806,-0.164888]]]]}},{"type":"Feature","id":368,"properties":{"Clan":"Outer Blood","Name":null},"geometry":{"type":"MultiPolygon","coordinates":[[[[0.160272,-0.15685],[0.16024,-0.157018],[0.160311,-0.157219],[0.16035,-0.157322],[0.160421,-0.157445],[0.16055,-0.157581],[0.160621,-0.157639],[0.160679,-0.157762],[0.160738,-0.157911],[0.160764,-0.158002],[0.160738,-0.158144],[0.160731,-0.158299],[0.160783,-0.158487],[0.160893,-0.158661],[0.161022,-0.158939],[0.161171,-0.159049],[0.161294,-0.159114],[0.161404,-0.15923],[0.16154,-0.159373],[0.161585,-0.159463],[0.161598,-0.159593],[0.161637,-0.159619],[0.16176,-0.159657],[0.161934,-0.159638],[0.162038,-0.159593],[0.162141,-0.159496],[0.162283,-0.159315],[0.162322,-0.159127],[0.162335,-0.158991],[0.162303,-0.158823],[0.162212,-0.158577],[0.162232,-0.158325],[0.162296,-0.158196],[0.162342,-0.158047],[0.162316,-0.157956],[0.162296,-0.157892],[0.162277,-0.157872],[0.162225,-0.157736],[0.162128,-0.157652],[0.162141,-0.157504],[0.162128,-0.157355],[0.162115,-0.157219],[0.162096,-0.157096],[0.162083,-0.157006],[0.162025,-0.156857],[0.161973,-0.15685],[0.16187,-0.156805],[0.161695,-0.156689],[0.161572,-0.156592],[0.161346,-0.156423],[0.161223,-0.156385],[0.161113,-0.15643],[0.160977,-0.156533],[0.160789,-0.156617],[0.160686,-0.156702],[0.160518,-0.156831],[0.160395,-0.156844],[0.160272,-0.15685]]]]}},{"type":"Feature","id":369,"properties":{"Clan":"Outer Blood","Name":null},"geometry":{"type":"MultiPolygon","coordinates":[[[[0.166604,-0.154642],[0.1666,-0.15446],[0.166652,-0.154338],[0.166717,-0.154225],[0.166769,-0.154169],[0.1669,-0.154086],[0.167034,-0.153995],[0.16716,-0.153921],[0.167242,-0.153861],[0.167394,-0.153743],[0.167551,-0.153583],[0.167629,-0.153496],[0.167655,-0.153431],[0.167629,-0.153309],[0.167577,-0.15304],[0.167485,-0.152984],[0.167451,-0.152841],[0.167455,-0.152789],[0.167281,-0.152845],[0.167216,-0.152949],[0.16713,-0.153023],[0.167064,-0.153049],[0.166969,-0.153127],[0.1669,-0.153249],[0.166761,-0.153296],[0.166665,-0.153322],[0.166557,-0.15337],[0.166396,-0.153479],[0.166253,-0.1536],[0.166188,-0.153713],[0.166114,-0.153865],[0.166075,-0.154039],[0.166023,-0.154121],[0.16591,-0.154143],[0.165801,-0.154186],[0.165723,-0.154334],[0.165554,-0.154733],[0.165606,-0.154902],[0.165615,-0.155015],[0.165645,-0.155089],[0.165697,-0.155137],[0.165745,-0.15518],[0.16581,-0.155206],[0.165901,-0.155219],[0.165992,-0.155154],[0.16611,-0.155102],[0.166205,-0.155054],[0.166353,-0.154967],[0.166439,-0.154933],[0.166518,-0.154876],[0.166565,-0.154829],[0.166604,-0.154642]]]]}},{"type":"Feature","id":370,"properties":{"Clan":"Vale","Name":null},"geometry":{"type":"MultiPolygon","coordinates":[[[[0.118495,-0.078063],[0.119063,-0.078267],[0.119345,-0.078432],[0.119784,-0.078562],[0.120608,-0.078797],[0.121125,-0.078884],[0.121741,-0.079318],[0.122106,-0.079361],[0.122544,-0.079448],[0.123382,-0.079639],[0.123638,-0.079713],[0.123881,-0.07973],[0.124198,-0.079704],[0.124593,-0.079782],[0.125214,-0.07999],[0.125591,-0.080047],[0.125856,-0.080073],[0.125986,-0.080077],[0.126112,-0.080216],[0.126242,-0.080207],[0.126364,-0.080186],[0.126468,-0.08016],[0.126564,-0.080181],[0.12665,-0.080255],[0.12688,-0.080316],[0.126989,-0.080264],[0.127223,-0.080112],[0.127354,-0.080008],[0.127614,-0.079973],[0.127992,-0.079934],[0.128178,-0.079782],[0.12853,-0.079483],[0.128634,-0.07927],[0.128747,-0.079057],[0.12879,-0.078845],[0.128968,-0.078541],[0.129155,-0.077751],[0.129415,-0.077186],[0.129476,-0.077078],[0.129554,-0.077052],[0.129632,-0.077017],[0.129776,-0.076774],[0.129906,-0.07641],[0.130014,-0.076114],[0.130171,-0.075824],[0.130366,-0.075528],[0.130518,-0.075429],[0.130665,-0.075277],[0.130952,-0.075025],[0.131178,-0.074942],[0.131316,-0.074925],[0.131447,-0.07499],[0.131542,-0.075129],[0.131616,-0.075159],[0.131724,-0.075086],[0.131776,-0.074973],[0.131768,-0.074873],[0.131776,-0.074686],[0.131959,-0.07463],[0.132198,-0.074543],[0.13248,-0.074426],[0.132714,-0.074378],[0.132877,-0.074423],[0.132776,-0.073849],[0.132692,-0.073345],[0.13264,-0.073136],[0.132636,-0.073136],[0.132541,-0.073066],[0.132451,-0.072951],[0.132331,-0.072866],[0.132036,-0.072781],[0.131787,-0.072719],[0.131661,-0.072692],[0.131621,-0.072688],[0.131308,-0.072646],[0.131102,-0.072645],[0.130825,-0.072615],[0.130611,-0.072493],[0.130451,-0.072354],[0.130452,-0.072356],[0.130342,-0.072336],[0.130108,-0.072331],[0.129628,-0.072326],[0.129363,-0.072356],[0.128833,-0.072511],[0.128229,-0.072636],[0.128068,-0.072877],[0.127516,-0.073548],[0.127192,-0.073985],[0.126925,-0.074383],[0.126328,-0.074617],[0.125458,-0.07485],[0.124907,-0.07506],[0.124469,-0.075293],[0.124162,-0.075765],[0.123684,-0.075736],[0.123338,-0.075412],[0.122611,-0.075169],[0.122573,-0.075191],[0.12224,-0.075137],[0.1217,-0.075128],[0.121146,-0.075142],[0.120533,-0.075235],[0.119553,-0.075125],[0.119164,-0.075042],[0.118454,-0.074962],[0.117648,-0.074895],[0.116665,-0.075223],[0.115846,-0.0756],[0.115822,-0.075663],[0.115778,-0.075962],[0.115412,-0.076474],[0.115156,-0.076581],[0.115154,-0.07658],[0.115331,-0.076688],[0.115544,-0.076848],[0.115612,-0.077005],[0.115901,-0.077165],[0.116258,-0.077382],[0.116483,-0.077474],[0.116781,-0.077548],[0.117129,-0.077567],[0.117717,-0.077638],[0.118259,-0.077882],[0.118384,-0.077977],[0.118495,-0.078063]]]]}},{"type":"Feature","id":371,"properties":{"Clan":"Vale","Name":null},"geometry":{"type":"MultiPolygon","coordinates":[[[[0.150425,-0.169984],[0.150502,-0.170112],[0.150584,-0.170248],[0.150719,-0.170527],[0.150991,-0.171062],[0.151174,-0.17126],[0.151525,-0.171613],[0.151924,-0.171527],[0.151948,-0.17129],[0.152009,-0.170993],[0.152136,-0.17049],[0.152239,-0.170135],[0.152404,-0.169851],[0.152653,-0.169271],[0.152745,-0.168935],[0.152777,-0.168508],[0.152745,-0.168158],[0.15271,-0.16793],[0.152641,-0.167808],[0.152484,-0.167623],[0.15235,-0.167463],[0.152177,-0.167361],[0.151926,-0.167005],[0.151698,-0.16713],[0.151547,-0.167258],[0.151086,-0.167298],[0.15075,-0.167284],[0.150377,-0.167261],[0.150189,-0.167273],[0.150012,-0.167304],[0.149867,-0.167367],[0.149679,-0.167443],[0.149961,-0.16776],[0.150123,-0.167962],[0.150348,-0.168261],[0.150571,-0.169018],[0.150568,-0.169317],[0.150482,-0.169744],[0.150425,-0.169984]]]]}},{"type":"Feature","id":372,"properties":{"Clan":"Vale","Name":null},"geometry":{"type":"MultiPolygon","coordinates":[[[[0.148395,-0.172366],[0.148525,-0.171921],[0.148686,-0.171702],[0.148824,-0.171451],[0.148975,-0.171189],[0.149092,-0.17098],[0.149337,-0.170782],[0.149531,-0.170699],[0.14979,-0.170507],[0.150014,-0.170387],[0.150161,-0.170258],[0.150368,-0.170037],[0.150417,-0.169973],[0.150502,-0.170112],[0.150425,-0.169984],[0.150482,-0.169744],[0.150568,-0.169317],[0.150571,-0.169018],[0.150348,-0.168261],[0.150123,-0.167962],[0.149961,-0.16776],[0.149689,-0.167455],[0.1489,-0.16753],[0.148616,-0.167373],[0.148297,-0.167267],[0.147892,-0.167252],[0.146657,-0.167267],[0.146262,-0.167535],[0.145908,-0.167814],[0.145649,-0.167915],[0.145381,-0.168021],[0.145214,-0.168057],[0.14486,-0.168153],[0.144384,-0.168274],[0.144287,-0.168391],[0.144323,-0.168791],[0.144338,-0.169419],[0.144272,-0.169727],[0.144186,-0.169955],[0.144212,-0.170421],[0.144328,-0.170796],[0.144475,-0.171317],[0.144713,-0.171656],[0.145067,-0.172152],[0.14528,-0.172466],[0.145503,-0.172689],[0.145675,-0.173018],[0.145766,-0.173372],[0.145877,-0.173813],[0.145999,-0.174147],[0.146145,-0.1744],[0.146368,-0.17476],[0.146556,-0.175382],[0.146647,-0.175899],[0.146596,-0.176451],[0.146631,-0.176597],[0.146839,-0.176552],[0.146966,-0.176314],[0.147411,-0.175879],[0.147705,-0.175271],[0.147882,-0.174896],[0.14812,-0.174527],[0.148206,-0.174117],[0.148176,-0.173864],[0.14811,-0.173474],[0.148084,-0.17318],[0.148196,-0.172871],[0.148302,-0.172578],[0.148395,-0.172366]]]]}},{"type":"Feature","id":373,"properties":{"Clan":"Vale","Name":null},"geometry":{"type":"MultiPolygon","coordinates":[[[[0.154445,-0.168617],[0.154438,-0.168615],[0.154263,-0.168506],[0.154068,-0.16827],[0.153989,-0.168042],[0.153944,-0.16779],[0.153931,-0.1675],[0.153931,-0.167173],[0.153936,-0.166974],[0.154018,-0.16685],[0.154093,-0.166726],[0.154172,-0.166478],[0.154329,-0.166068],[0.154573,-0.165695],[0.154797,-0.165335],[0.155244,-0.16481],[0.155567,-0.164185],[0.155745,-0.163717],[0.155951,-0.163195],[0.156026,-0.16281],[0.156121,-0.162537],[0.156241,-0.161991],[0.156299,-0.161635],[0.156349,-0.161345],[0.156353,-0.161159],[0.156399,-0.160935],[0.156206,-0.160728],[0.155602,-0.1604],[0.154605,-0.160083],[0.153931,-0.159778],[0.153557,-0.159691],[0.153153,-0.159518],[0.153021,-0.159432],[0.152894,-0.159282],[0.152814,-0.159075],[0.15275,-0.158919],[0.152583,-0.158902],[0.15199,-0.159115],[0.151598,-0.159455],[0.150308,-0.160135],[0.149657,-0.160475],[0.149288,-0.16059],[0.149404,-0.161298],[0.149622,-0.161943],[0.149899,-0.162479],[0.150193,-0.163038],[0.150458,-0.16355],[0.150602,-0.163936],[0.150619,-0.164184],[0.150596,-0.164409],[0.150561,-0.164605],[0.15055,-0.164806],[0.150556,-0.164944],[0.150607,-0.165227],[0.150786,-0.165382],[0.150993,-0.165601],[0.15127,-0.165814],[0.151471,-0.166137],[0.151667,-0.166373],[0.1518,-0.166546],[0.152059,-0.166667],[0.152278,-0.166793],[0.152543,-0.166978],[0.152681,-0.167191],[0.1529,-0.167502],[0.153159,-0.167755],[0.153453,-0.168009],[0.15366,-0.168136],[0.153816,-0.168285],[0.153989,-0.168464],[0.154092,-0.168591],[0.154202,-0.168671],[0.154317,-0.168717],[0.154445,-0.168617]]]]}},{"type":"Feature","id":374,"properties":{"Clan":"Vale","Name":null},"geometry":{"type":"MultiPolygon","coordinates":[[[[0.151912,-0.166598],[0.1518,-0.166546],[0.151667,-0.166373],[0.151471,-0.166137],[0.15127,-0.165814],[0.150993,-0.165601],[0.150786,-0.165382],[0.150607,-0.165227],[0.150556,-0.164944],[0.15055,-0.164806],[0.150561,-0.164605],[0.150596,-0.164409],[0.150619,-0.164184],[0.150602,-0.163936],[0.150458,-0.16355],[0.150193,-0.163038],[0.149899,-0.162479],[0.149622,-0.161943],[0.149404,-0.161298],[0.149294,-0.160625],[0.147298,-0.160938],[0.146815,-0.161081],[0.14645,-0.161047],[0.145926,-0.161022],[0.145465,-0.161093],[0.145121,-0.161068],[0.144781,-0.161043],[0.144504,-0.160909],[0.14411,-0.160661],[0.143909,-0.160623],[0.143762,-0.160493],[0.143497,-0.160296],[0.143309,-0.160242],[0.14294,-0.160208],[0.142831,-0.160258],[0.142742,-0.160372],[0.142772,-0.160426],[0.142935,-0.160447],[0.14304,-0.160418],[0.143195,-0.160468],[0.143439,-0.160611],[0.143716,-0.160867],[0.143862,-0.161282],[0.143938,-0.16158],[0.143942,-0.161794],[0.143955,-0.162117],[0.143917,-0.162465],[0.143858,-0.162763],[0.143841,-0.162997],[0.14393,-0.163304],[0.144089,-0.163694],[0.144206,-0.164201],[0.144219,-0.164403],[0.144227,-0.164667],[0.144164,-0.165187],[0.144198,-0.165455],[0.144303,-0.165627],[0.144311,-0.165925],[0.144261,-0.16611],[0.144215,-0.166387],[0.144143,-0.166651],[0.144148,-0.167309],[0.144114,-0.167666],[0.144173,-0.16806],[0.144294,-0.168383],[0.144384,-0.168274],[0.14486,-0.168153],[0.145214,-0.168057],[0.145381,-0.168021],[0.145649,-0.167915],[0.145908,-0.167814],[0.146262,-0.167535],[0.146657,-0.167267],[0.147892,-0.167252],[0.148297,-0.167267],[0.148616,-0.167373],[0.1489,-0.16753],[0.149689,-0.167455],[0.149679,-0.167443],[0.149867,-0.167367],[0.150012,-0.167304],[0.150189,-0.167273],[0.150377,-0.167261],[0.15075,-0.167284],[0.151086,-0.167298],[0.151547,-0.167258],[0.151698,-0.16713],[0.151771,-0.16709],[0.151912,-0.166598]]]]}},{"type":"Feature","id":375,"properties":{"Clan":"Vale","Name":null},"geometry":{"type":"MultiPolygon","coordinates":[[[[0.150674,-0.156976],[0.150681,-0.157759],[0.150846,-0.157697],[0.151045,-0.157608],[0.151162,-0.157532],[0.151409,-0.157312],[0.151657,-0.15712],[0.151794,-0.156989],[0.151863,-0.156893],[0.151897,-0.156735],[0.151883,-0.156598],[0.151966,-0.156364],[0.152069,-0.156227],[0.151938,-0.156281],[0.151815,-0.15635],[0.151684,-0.156412],[0.15154,-0.156433],[0.151409,-0.156453],[0.151244,-0.156501],[0.151114,-0.156508],[0.151011,-0.156529],[0.150901,-0.156536],[0.150825,-0.15657],[0.15075,-0.156653],[0.150681,-0.156776],[0.150674,-0.156838],[0.150674,-0.156976]]]]}},{"type":"Feature","id":376,"properties":{"Clan":"Vale","Name":null},"geometry":{"type":"MultiPolygon","coordinates":[[[[0.149548,-0.157296],[0.149509,-0.156991],[0.149642,-0.156663],[0.149775,-0.156499],[0.149908,-0.156358],[0.150033,-0.156217],[0.150158,-0.156092],[0.150259,-0.15592],[0.150275,-0.155795],[0.150283,-0.155576],[0.150252,-0.155326],[0.15004,-0.155295],[0.149939,-0.15524],[0.149861,-0.15517],[0.149775,-0.155029],[0.149673,-0.154904],[0.149579,-0.154646],[0.149563,-0.154528],[0.149477,-0.154333],[0.149352,-0.15427],[0.149118,-0.154255],[0.148961,-0.154169],[0.148696,-0.154137],[0.148531,-0.154114],[0.14843,-0.15413],[0.148305,-0.154247],[0.148226,-0.154411],[0.148133,-0.154575],[0.148093,-0.154654],[0.148031,-0.154826],[0.147992,-0.155005],[0.147945,-0.155216],[0.147929,-0.155318],[0.147898,-0.155435],[0.147882,-0.155592],[0.147929,-0.155725],[0.148015,-0.155842],[0.148093,-0.155975],[0.14814,-0.156084],[0.148187,-0.156241],[0.14825,-0.156468],[0.14825,-0.156624],[0.148289,-0.156765],[0.148359,-0.156968],[0.148438,-0.156991],[0.148633,-0.157007],[0.148817,-0.157063],[0.149041,-0.157175],[0.149134,-0.157345],[0.149207,-0.157499],[0.149303,-0.157656],[0.149435,-0.157793],[0.149492,-0.15788],[0.14956,-0.157976],[0.149578,-0.158069],[0.149612,-0.158107],[0.14958,-0.158163],[0.149489,-0.158205],[0.149481,-0.158227],[0.149583,-0.158211],[0.149649,-0.158163],[0.149687,-0.158125],[0.149711,-0.158083],[0.149716,-0.158009],[0.149691,-0.157865],[0.149665,-0.157736],[0.14965,-0.157629],[0.149614,-0.157522],[0.14959,-0.157431],[0.149549,-0.157404],[0.149548,-0.157296]]]]}},{"type":"Feature","id":377,"properties":{"Clan":"Vale","Name":null},"geometry":{"type":"MultiPolygon","coordinates":[[[[0.14302,-0.14949],[0.143146,-0.149327],[0.143236,-0.149259],[0.143304,-0.149196],[0.143382,-0.149013],[0.143493,-0.148923],[0.143566,-0.148913],[0.14364,-0.148845],[0.143697,-0.148756],[0.143713,-0.148661],[0.14376,-0.148525],[0.143781,-0.148435],[0.143828,-0.14833],[0.143876,-0.148031],[0.143907,-0.14778],[0.143907,-0.147669],[0.143907,-0.147512],[0.143886,-0.147344],[0.143907,-0.14716],[0.143865,-0.146924],[0.143823,-0.146751],[0.143676,-0.146447],[0.143498,-0.146305],[0.143335,-0.146142],[0.143204,-0.146001],[0.143078,-0.14587],[0.142706,-0.145744],[0.142852,-0.145859],[0.142984,-0.14599],[0.143031,-0.146069],[0.143078,-0.146242],[0.143083,-0.146588],[0.143073,-0.146851],[0.143005,-0.147124],[0.142952,-0.147428],[0.142905,-0.147517],[0.142795,-0.147764],[0.142763,-0.147842],[0.142727,-0.147916],[0.142721,-0.148026],[0.142721,-0.148173],[0.142727,-0.148289],[0.142732,-0.148483],[0.142742,-0.148598],[0.142774,-0.14874],[0.142852,-0.148887],[0.142905,-0.149049],[0.142936,-0.149238],[0.142994,-0.149401],[0.14302,-0.14949]]]]}},{"type":"Feature","id":378,"properties":{"Clan":"Vale","Name":null},"geometry":{"type":"MultiPolygon","coordinates":[[[[0.146367,-0.146949],[0.146383,-0.146555],[0.146367,-0.146547],[0.146285,-0.146285],[0.146236,-0.14617],[0.146145,-0.146039],[0.145924,-0.145973],[0.145842,-0.145957],[0.145596,-0.145924],[0.145399,-0.145981],[0.145227,-0.146096],[0.145047,-0.146211],[0.144924,-0.14644],[0.144899,-0.146637],[0.144891,-0.146736],[0.144809,-0.146875],[0.144694,-0.146932],[0.144563,-0.146982],[0.144465,-0.147047],[0.14444,-0.147449],[0.144473,-0.148088],[0.144547,-0.148416],[0.144784,-0.148662],[0.144948,-0.148818],[0.145014,-0.149031],[0.145088,-0.149392],[0.145227,-0.149589],[0.145334,-0.149728],[0.145449,-0.149827],[0.145703,-0.14995],[0.145834,-0.150032],[0.146055,-0.150056],[0.146252,-0.150073],[0.146391,-0.150081],[0.146703,-0.149982],[0.146851,-0.150081],[0.146965,-0.150253],[0.147047,-0.150507],[0.147138,-0.150835],[0.147343,-0.151384],[0.147441,-0.151524],[0.147531,-0.151655],[0.147711,-0.151712],[0.147802,-0.151647],[0.147695,-0.151524],[0.147703,-0.151352],[0.147638,-0.151024],[0.147662,-0.150917],[0.147621,-0.150597],[0.147629,-0.150458],[0.147646,-0.150269],[0.147613,-0.150187],[0.14749,-0.149769],[0.147408,-0.149548],[0.147228,-0.149204],[0.147138,-0.148917],[0.147056,-0.148777],[0.146933,-0.148621],[0.146678,-0.148523],[0.146588,-0.148441],[0.146523,-0.148359],[0.146473,-0.148252],[0.146408,-0.148121],[0.146375,-0.147957],[0.1464,-0.147842],[0.146367,-0.147605],[0.146334,-0.147269],[0.146367,-0.146949]]]]}},{"type":"Feature","id":379,"properties":{"Clan":"Vale","Name":null},"geometry":{"type":"MultiPolygon","coordinates":[[[[0.146746,-0.12531],[0.146726,-0.125213],[0.146706,-0.125089],[0.146693,-0.124928],[0.146646,-0.12485],[0.146508,-0.124793],[0.146444,-0.124756],[0.14637,-0.124729],[0.146259,-0.124726],[0.146142,-0.124847],[0.146115,-0.124988],[0.146112,-0.125132],[0.146092,-0.1253],[0.146045,-0.125438],[0.145967,-0.125566],[0.146011,-0.125797],[0.146155,-0.125949],[0.146313,-0.12614],[0.146622,-0.126335],[0.146918,-0.126378],[0.146958,-0.125985],[0.146911,-0.125683],[0.146827,-0.125522],[0.146746,-0.12531]]]]}},{"type":"Feature","id":380,"properties":{"Clan":"Longservant","Name":null},"geometry":{"type":"MultiPolygon","coordinates":[[[[0.129504,-0.103755],[0.129889,-0.103511],[0.129991,-0.103434],[0.130555,-0.10346],[0.131029,-0.103575],[0.131413,-0.103447],[0.131567,-0.103306],[0.132079,-0.102973],[0.132387,-0.102832],[0.132809,-0.102653],[0.133066,-0.102627],[0.133373,-0.10264],[0.133668,-0.102614],[0.134026,-0.10255],[0.134565,-0.102371],[0.134949,-0.102256],[0.135615,-0.10214],[0.135564,-0.102051],[0.135423,-0.101846],[0.135333,-0.10159],[0.135013,-0.100987],[0.134795,-0.100565],[0.134449,-0.100244],[0.134103,-0.100039],[0.133924,-0.099924],[0.133476,-0.099898],[0.133219,-0.099898],[0.132938,-0.100001],[0.132745,-0.100039],[0.132464,-0.100142],[0.131823,-0.100321],[0.131439,-0.100501],[0.131234,-0.100795],[0.130862,-0.101256],[0.13076,-0.101602],[0.130644,-0.101859],[0.130644,-0.102025],[0.13035,-0.10255],[0.130158,-0.102807],[0.12985,-0.103024],[0.129748,-0.103242],[0.12962,-0.103421],[0.129504,-0.103755]]]]}},{"type":"Feature","id":381,"properties":{"Clan":"Longservant","Name":null},"geometry":{"type":"MultiPolygon","coordinates":[[[[0.129493,-0.103781],[0.12954,-0.104054],[0.129572,-0.104306],[0.129656,-0.104747],[0.129797,-0.105387],[0.129939,-0.105791],[0.130133,-0.106169],[0.130626,-0.107061],[0.130878,-0.107491],[0.131156,-0.108005],[0.131413,-0.108441],[0.131649,-0.108776],[0.131901,-0.109023],[0.1322,-0.109312],[0.132463,-0.109532],[0.13272,-0.109679],[0.132867,-0.109842],[0.132946,-0.109983],[0.132982,-0.110167],[0.133087,-0.110125],[0.133187,-0.109978],[0.133308,-0.109863],[0.133444,-0.109737],[0.133696,-0.109511],[0.133937,-0.10928],[0.134184,-0.10895],[0.134315,-0.108603],[0.134562,-0.108136],[0.134698,-0.107905],[0.134772,-0.107375],[0.134787,-0.106788],[0.134798,-0.106027],[0.134798,-0.105555],[0.135018,-0.105303],[0.13517,-0.105088],[0.135275,-0.104883],[0.135344,-0.104495],[0.135475,-0.104154],[0.135685,-0.10398],[0.135742,-0.10355],[0.135832,-0.103094],[0.13579,-0.102826],[0.135758,-0.102543],[0.135742,-0.102333],[0.135632,-0.102212],[0.135611,-0.102141],[0.134949,-0.102256],[0.134565,-0.102371],[0.134026,-0.10255],[0.133668,-0.102614],[0.133373,-0.10264],[0.133066,-0.102627],[0.132809,-0.102653],[0.132387,-0.102832],[0.132079,-0.102973],[0.131567,-0.103306],[0.131413,-0.103447],[0.131029,-0.103575],[0.130555,-0.10346],[0.129991,-0.103434],[0.129889,-0.103511],[0.1296,-0.103694],[0.129493,-0.103781]]]]}},{"type":"Feature","id":382,"properties":{"Clan":"Longservant","Name":null},"geometry":{"type":"MultiPolygon","coordinates":[[[[0.120346,-0.102469],[0.120186,-0.102709],[0.120347,-0.102481],[0.120346,-0.102469]]],[[[0.118547,-0.099579],[0.118829,-0.099566],[0.119165,-0.099445],[0.11946,-0.099472],[0.119581,-0.099727],[0.119823,-0.100278],[0.119904,-0.100587],[0.120159,-0.100923],[0.120226,-0.101259],[0.120293,-0.101541],[0.120293,-0.101729],[0.120334,-0.10232],[0.120346,-0.102469],[0.120454,-0.102306],[0.120481,-0.102159],[0.120602,-0.101944],[0.120925,-0.101635],[0.121099,-0.10146],[0.121247,-0.101205],[0.121287,-0.101003],[0.121328,-0.100815],[0.121435,-0.100479],[0.121556,-0.100305],[0.12165,-0.100224],[0.121798,-0.100157],[0.121878,-0.099956],[0.121905,-0.0997],[0.121986,-0.099472],[0.122093,-0.099082],[0.122187,-0.09876],[0.122295,-0.098478],[0.122469,-0.098223],[0.122671,-0.098196],[0.123007,-0.098061],[0.123249,-0.0979],[0.123437,-0.097793],[0.123759,-0.097403],[0.123893,-0.097255],[0.124135,-0.097108],[0.124337,-0.097027],[0.124713,-0.09692],[0.124995,-0.096826],[0.125196,-0.096785],[0.125425,-0.096758],[0.125613,-0.096705],[0.125868,-0.096557],[0.126096,-0.096423],[0.126446,-0.096181],[0.126835,-0.095791],[0.126526,-0.095845],[0.126378,-0.095845],[0.126164,-0.095845],[0.126002,-0.095845],[0.125626,-0.095751],[0.12529,-0.095644],[0.125062,-0.095603],[0.124632,-0.095805],[0.124417,-0.095979],[0.124162,-0.096141],[0.123786,-0.09645],[0.123558,-0.096557],[0.12341,-0.096584],[0.123074,-0.096638],[0.122698,-0.096691],[0.122013,-0.096987],[0.121838,-0.096987],[0.121395,-0.096839],[0.120871,-0.096866],[0.120468,-0.097041],[0.120065,-0.097645],[0.119863,-0.097927],[0.119541,-0.098384],[0.119434,-0.098626],[0.119232,-0.098854],[0.119071,-0.099096],[0.119017,-0.099217],[0.118802,-0.099284],[0.118547,-0.099579]]]]}},{"type":"Feature","id":383,"properties":{"Clan":"Longservant","Name":null},"geometry":{"type":"MultiPolygon","coordinates":[[[[0.125367,-0.09784],[0.125323,-0.098011],[0.125323,-0.098198],[0.125395,-0.09833],[0.125499,-0.098429],[0.125604,-0.098484],[0.125786,-0.098522],[0.125973,-0.098572],[0.12611,-0.098594],[0.126292,-0.098599],[0.126501,-0.09861],[0.126726,-0.098566],[0.126864,-0.09855],[0.126969,-0.098555],[0.127013,-0.098643],[0.127145,-0.098748],[0.127255,-0.098753],[0.127409,-0.098753],[0.127579,-0.098726],[0.127761,-0.098682],[0.127887,-0.098621],[0.128025,-0.098528],[0.128124,-0.098434],[0.128212,-0.098335],[0.128317,-0.098236],[0.128482,-0.098132],[0.128608,-0.098055],[0.128724,-0.098027],[0.128812,-0.097983],[0.129109,-0.097873],[0.129412,-0.097763],[0.129544,-0.09773],[0.129709,-0.097812],[0.129885,-0.097867],[0.130072,-0.097944],[0.130253,-0.098016],[0.130341,-0.098038],[0.130677,-0.098044],[0.130875,-0.097994],[0.131095,-0.097939],[0.131326,-0.097911],[0.131634,-0.097961],[0.131866,-0.098011],[0.132091,-0.09811],[0.132196,-0.097961],[0.132223,-0.097829],[0.1323,-0.097658],[0.132361,-0.097543],[0.132471,-0.097317],[0.132548,-0.097103],[0.132586,-0.096993],[0.132619,-0.096894],[0.132559,-0.096762],[0.132471,-0.096706],[0.132322,-0.096618],[0.132163,-0.096481],[0.132031,-0.096299],[0.131838,-0.095777],[0.131656,-0.095612],[0.131502,-0.095496],[0.131101,-0.095479],[0.130881,-0.095446],[0.130396,-0.095287],[0.129868,-0.095056],[0.129753,-0.094885],[0.129621,-0.094852],[0.129324,-0.094687],[0.129274,-0.094632],[0.129059,-0.094638],[0.128938,-0.094676],[0.128707,-0.094748],[0.128421,-0.094847],[0.128163,-0.094973],[0.128036,-0.095078],[0.128036,-0.095232],[0.128025,-0.095342],[0.127937,-0.095507],[0.127854,-0.095705],[0.12781,-0.095826],[0.127788,-0.095909],[0.127403,-0.096404],[0.127271,-0.096585],[0.127233,-0.096668],[0.127112,-0.096822],[0.126996,-0.096954],[0.126919,-0.097037],[0.126715,-0.097213],[0.126567,-0.097378],[0.126385,-0.097493],[0.126149,-0.097603],[0.126039,-0.097664],[0.125879,-0.097697],[0.125813,-0.09773],[0.125654,-0.097768],[0.12561,-0.097774],[0.125533,-0.097774],[0.125367,-0.09784]]]]}},{"type":"Feature","id":384,"properties":{"Clan":"Outer Blood","Name":"Mount Hope"},"geometry":{"type":"MultiPolygon","coordinates":[[[[0.182446,-0.164059],[0.182219,-0.16426],[0.182376,-0.164487],[0.182633,-0.164704],[0.183058,-0.164872],[0.183453,-0.164754],[0.183798,-0.164635],[0.184519,-0.164497],[0.184963,-0.164428],[0.186029,-0.164319],[0.186513,-0.16426],[0.187451,-0.164132],[0.187866,-0.164023],[0.18833,-0.163806],[0.188833,-0.163302],[0.188734,-0.163046],[0.188754,-0.162789],[0.188576,-0.162463],[0.188024,-0.161999],[0.187806,-0.161782],[0.187658,-0.161614],[0.18756,-0.161515],[0.187382,-0.161417],[0.187263,-0.161219],[0.187017,-0.160716],[0.186711,-0.159867],[0.186523,-0.159482],[0.186217,-0.159225],[0.183893,-0.162157],[0.183615,-0.162675],[0.183482,-0.162978],[0.182446,-0.164059]]]]}},{"type":"Feature","id":385,"properties":{"Clan":"Outer Blood","Name":"Willow Vale"},"geometry":{"type":"MultiPolygon","coordinates":[[[[0.183068,-0.164907],[0.183407,-0.165153],[0.184204,-0.165618],[0.184875,-0.165756],[0.185267,-0.165837],[0.185951,-0.165958],[0.186307,-0.165934],[0.18642,-0.165897],[0.186626,-0.165651],[0.186978,-0.165283],[0.187394,-0.164712],[0.187876,-0.164142],[0.187866,-0.164023],[0.187451,-0.164132],[0.186513,-0.16426],[0.186029,-0.164319],[0.184963,-0.164428],[0.184519,-0.164497],[0.183798,-0.164635],[0.183453,-0.164754],[0.183058,-0.164872],[0.183033,-0.164862],[0.183068,-0.164907]]]]}},{"type":"Feature","id":386,"properties":{"Clan":"Outer Blood","Name":"Sundered Bay"},"geometry":{"type":"MultiPolygon","coordinates":[[[[0.188827,-0.163307],[0.189258,-0.163229],[0.18958,-0.163099],[0.189766,-0.163047],[0.189908,-0.162928],[0.190028,-0.162781],[0.190054,-0.1626],[0.190048,-0.1624],[0.190005,-0.162242],[0.190005,-0.161952],[0.190072,-0.161583],[0.190099,-0.161256],[0.190154,-0.160916],[0.190291,-0.160451],[0.190273,-0.160065],[0.190143,-0.159861],[0.190089,-0.15956],[0.190071,-0.159208],[0.190278,-0.158592],[0.190351,-0.158461],[0.190429,-0.158266],[0.190683,-0.158072],[0.19086,-0.157942],[0.190977,-0.157845],[0.191101,-0.157701],[0.191185,-0.157507],[0.190824,-0.157654],[0.190603,-0.157667],[0.190412,-0.157597],[0.190111,-0.157487],[0.189787,-0.15739],[0.189486,-0.157346],[0.189222,-0.15736],[0.189018,-0.157346],[0.188787,-0.157393],[0.18856,-0.157477],[0.188399,-0.15756],[0.188045,-0.157701],[0.18775,-0.157771],[0.187148,-0.158253],[0.186821,-0.1586],[0.1866,-0.158961],[0.18651,-0.159045],[0.186413,-0.159089],[0.186222,-0.15923],[0.186523,-0.159482],[0.186711,-0.159867],[0.187017,-0.160716],[0.187263,-0.161219],[0.187382,-0.161417],[0.18756,-0.161515],[0.187658,-0.161614],[0.187806,-0.161782],[0.188024,-0.161999],[0.188576,-0.162463],[0.188754,-0.162789],[0.188734,-0.163046],[0.18879,-0.163189],[0.188827,-0.163307]]]]}},{"type":"Feature","id":387,"properties":{"Clan":"Outer Blood","Name":"Sundered Coast"},"geometry":{"type":"MultiPolygon","coordinates":[[[[0.186316,-0.15916],[0.185855,-0.158704],[0.185665,-0.158906],[0.185448,-0.159092],[0.185246,-0.159191],[0.185018,-0.159248],[0.184538,-0.159259],[0.183991,-0.159335],[0.183648,-0.159621],[0.18342,-0.159769],[0.183241,-0.159925],[0.183066,-0.16015],[0.182914,-0.160329],[0.182246,-0.161195],[0.181776,-0.161234],[0.181491,-0.161511],[0.181367,-0.161999],[0.181087,-0.162449],[0.181068,-0.162951],[0.181107,-0.163284],[0.180912,-0.163854],[0.180671,-0.164358],[0.180512,-0.164799],[0.180371,-0.165218],[0.180339,-0.165639],[0.180393,-0.165785],[0.180473,-0.165931],[0.180644,-0.166092],[0.180992,-0.16588],[0.181148,-0.165727],[0.181238,-0.165576],[0.18125,-0.165425],[0.181262,-0.165201],[0.181406,-0.164902],[0.181605,-0.164615],[0.182219,-0.16426],[0.182446,-0.164059],[0.183482,-0.162978],[0.183615,-0.162675],[0.183893,-0.162157],[0.186217,-0.159225],[0.186222,-0.15923],[0.186316,-0.15916]]]]}},{"type":"Feature","id":388,"properties":{"Clan":"Outer Blood","Name":"Cape of Leaving"},"geometry":{"type":"MultiPolygon","coordinates":[[[[0.186422,-0.165916],[0.186442,-0.165871],[0.18642,-0.165897],[0.186307,-0.165934],[0.185951,-0.165958],[0.185267,-0.165837],[0.184875,-0.165756],[0.184204,-0.165618],[0.183407,-0.165153],[0.183068,-0.164907],[0.183033,-0.164862],[0.182633,-0.164704],[0.182376,-0.164487],[0.182219,-0.16426],[0.181605,-0.164615],[0.181406,-0.164902],[0.181262,-0.165201],[0.18125,-0.165425],[0.181238,-0.165576],[0.181148,-0.165727],[0.180992,-0.16588],[0.180644,-0.166092],[0.180633,-0.166206],[0.180717,-0.166336],[0.180868,-0.166707],[0.180906,-0.166972],[0.180893,-0.167146],[0.180944,-0.167271],[0.180998,-0.167485],[0.181131,-0.167792],[0.181169,-0.168055],[0.181195,-0.16819],[0.181412,-0.168566],[0.181669,-0.168767],[0.182009,-0.169028],[0.182244,-0.169168],[0.182428,-0.169367],[0.182566,-0.169617],[0.182594,-0.170082],[0.18265,-0.170169],[0.182755,-0.170315],[0.18288,-0.170404],[0.183168,-0.170715],[0.183676,-0.171272],[0.183934,-0.171739],[0.184098,-0.172263],[0.184179,-0.172459],[0.184218,-0.172498],[0.184246,-0.171617],[0.184345,-0.171093],[0.184333,-0.170901],[0.1842,-0.170137],[0.184213,-0.169432],[0.184287,-0.16899],[0.184481,-0.168503],[0.184468,-0.168217],[0.184555,-0.167949],[0.185086,-0.16735],[0.186015,-0.166346],[0.186422,-0.165916]]]]}}]}