{"type":"FeatureCollection","features":[{"type":"Feature","id":0,"properties":{"Name":"Gulf of Leaving","Mapttitle":"Sea","SpecialFeatures":null,"AreaDescription":null,"FirstEvasion":-1,"SecondEvasion":0,"FishHarvest":12,"WhaleHarvest":1,"Danger":0},"geometry":{"type":"MultiPolygon","coordinates":[[[[0.117668,-0.180018],[0.121167,-0.181059],[0.121306,-0.181059],[0.121541,-0.181033],[0.121959,-0.181027],[0.122354,-0.181016],[0.122502,-0.181056],[0.123592,-0.178162],[0.124943,-0.175884],[0.129614,-0.170676],[0.136352,-0.163547],[0.136228,-0.163317],[0.136076,-0.163083],[0.135873,-0.162723],[0.135732,-0.162452],[0.135539,-0.162175],[0.135258,-0.161936],[0.135122,-0.161769],[0.134908,-0.161591],[0.1347,-0.161367],[0.134427,-0.161063],[0.134242,-0.160889],[0.134133,-0.160784],[0.134052,-0.16068],[0.133957,-0.160544],[0.133839,-0.160435],[0.133646,-0.160333],[0.133466,-0.160242],[0.13329,-0.160215],[0.133111,-0.160197],[0.133094,-0.160128],[0.132843,-0.15992],[0.132304,-0.159528],[0.132051,-0.159486],[0.132041,-0.159348],[0.132051,-0.159485],[0.132029,-0.159484],[0.131915,-0.159479],[0.131764,-0.159495],[0.13168,-0.159479],[0.131581,-0.159453],[0.131503,-0.159412],[0.131331,-0.159349],[0.13119,-0.159224],[0.131039,-0.159109],[0.130773,-0.158916],[0.130643,-0.158812],[0.130596,-0.158702],[0.130371,-0.158551],[0.130215,-0.158431],[0.130106,-0.158306],[0.130048,-0.158285],[0.12996,-0.158254],[0.129777,-0.158165],[0.128948,-0.157514],[0.128557,-0.157295],[0.128202,-0.157159],[0.1279,-0.157049],[0.127707,-0.156961],[0.127535,-0.156836],[0.127211,-0.15657],[0.12705,-0.156491],[0.126747,-0.156314],[0.12645,-0.156153],[0.126367,-0.156179],[0.125986,-0.156335],[0.125751,-0.156319],[0.125345,-0.156257],[0.125131,-0.156147],[0.124834,-0.155923],[0.124203,-0.155422],[0.123895,-0.155167],[0.123639,-0.154953],[0.123478,-0.154656],[0.123321,-0.154489],[0.122779,-0.154239],[0.12233,-0.153837],[0.121797,-0.153427],[0.121432,-0.152978],[0.121624,-0.152898],[0.121428,-0.152976],[0.121387,-0.152789],[0.121265,-0.152398],[0.121192,-0.152088],[0.12111,-0.151893],[0.121029,-0.151787],[0.120817,-0.151583],[0.12045,-0.151257],[0.120255,-0.150866],[0.120198,-0.150597],[0.120206,-0.150451],[0.120075,-0.150239],[0.119904,-0.149807],[0.119774,-0.149497],[0.119473,-0.149049],[0.119269,-0.148658],[0.119098,-0.148373],[0.11909,-0.148145],[0.119114,-0.147851],[0.11908,-0.147562],[0.118954,-0.147116],[0.118845,-0.146772],[0.118676,-0.146509],[0.118606,-0.146353],[0.118458,-0.146033],[0.118114,-0.145586],[0.117847,-0.14527],[0.117429,-0.144568],[0.117132,-0.144257],[0.116891,-0.14402],[0.116739,-0.143874],[0.116739,-0.143874],[0.116596,-0.143778],[0.116452,-0.143628],[0.11629,-0.143404],[0.116135,-0.143231],[0.116024,-0.14315],[0.115929,-0.143111],[0.115833,-0.142845],[0.115734,-0.142629],[0.115692,-0.142468],[0.115618,-0.142336],[0.115558,-0.142193],[0.115447,-0.142112],[0.115309,-0.14198],[0.115305,-0.141976],[0.11531,-0.14198],[0.115345,-0.142163],[0.115375,-0.142262],[0.115417,-0.142552],[0.115459,-0.142737],[0.115444,-0.142961],[0.115417,-0.14324],[0.115417,-0.1435],[0.115435,-0.143966],[0.115495,-0.144358],[0.11554,-0.144484],[0.115555,-0.144624],[0.115525,-0.144717],[0.115537,-0.144816],[0.115552,-0.144893],[0.115563,-0.145045],[0.115553,-0.145426],[0.115491,-0.145584],[0.115442,-0.145773],[0.115416,-0.145932],[0.115405,-0.146305],[0.1154,-0.146618],[0.115384,-0.146952],[0.115331,-0.147323],[0.115239,-0.147786],[0.115158,-0.148201],[0.115102,-0.148407],[0.115098,-0.148584],[0.115114,-0.148745],[0.11519,-0.149079],[0.115251,-0.149385],[0.115271,-0.149623],[0.115279,-0.149865],[0.115267,-0.149949],[0.11521,-0.150074],[0.115146,-0.150215],[0.115085,-0.150312],[0.115009,-0.150413],[0.115017,-0.151033],[0.115041,-0.151134],[0.115053,-0.15123],[0.115065,-0.151295],[0.115025,-0.151399],[0.114957,-0.151589],[0.114924,-0.151641],[0.114912,-0.151746],[0.1149,-0.151959],[0.114848,-0.152487],[0.11484,-0.153115],[0.114864,-0.153281],[0.114864,-0.153627],[0.114888,-0.153732],[0.114888,-0.154127],[0.114912,-0.154336],[0.114989,-0.154626],[0.115158,-0.155218],[0.115363,-0.155766],[0.115444,-0.156261],[0.115508,-0.156684],[0.115581,-0.157035],[0.115637,-0.157176],[0.115718,-0.157337],[0.115762,-0.15755],[0.115839,-0.157893],[0.115883,-0.158086],[0.115895,-0.158316],[0.115907,-0.15865],[0.115883,-0.158767],[0.115887,-0.15898],[0.115891,-0.159166],[0.115935,-0.159351],[0.116044,-0.159698],[0.116036,-0.160044],[0.115964,-0.160217],[0.115845,-0.160555],[0.115847,-0.160868],[0.115923,-0.160968],[0.115969,-0.16108],[0.115993,-0.161181],[0.115987,-0.161239],[0.116016,-0.16139],[0.116068,-0.161477],[0.116149,-0.161564],[0.116172,-0.161645],[0.116207,-0.161854],[0.11631,-0.162456],[0.11644,-0.163395],[0.116729,-0.164508],[0.11684,-0.164857],[0.117004,-0.165198],[0.117189,-0.165562],[0.117646,-0.166512],[0.117709,-0.166586],[0.117746,-0.16688],[0.117702,-0.167143],[0.117668,-0.167347],[0.11765,-0.16757],[0.117642,-0.167778],[0.117635,-0.167937],[0.117638,-0.168105],[0.117657,-0.168286],[0.117668,-0.168531],[0.117646,-0.168676],[0.117616,-0.168784],[0.117527,-0.168914],[0.117449,-0.169381],[0.117431,-0.169916],[0.117405,-0.170361],[0.117301,-0.170725],[0.117137,-0.171215],[0.117067,-0.171586],[0.117063,-0.171861],[0.117059,-0.172209],[0.117098,-0.172388],[0.117165,-0.172588],[0.117168,-0.172596],[0.117169,-0.172598],[0.11717,-0.172598],[0.117231,-0.172793],[0.117253,-0.172927],[0.117234,-0.173139],[0.117225,-0.173307],[0.117189,-0.173597],[0.117097,-0.173524],[0.117027,-0.173536],[0.116918,-0.173622],[0.116832,-0.173725],[0.116784,-0.173974],[0.116771,-0.174194],[0.116771,-0.174431],[0.116796,-0.174629],[0.116882,-0.174833],[0.116974,-0.174889],[0.117052,-0.174878],[0.117142,-0.174858],[0.117189,-0.174786],[0.117228,-0.17473],[0.117267,-0.174685],[0.117301,-0.174699],[0.117301,-0.175087],[0.117284,-0.175204],[0.117287,-0.175481],[0.117331,-0.175732],[0.117329,-0.175983],[0.117362,-0.176083],[0.117482,-0.176354],[0.117465,-0.176658],[0.117535,-0.177013],[0.117535,-0.177208],[0.117552,-0.177607],[0.11753,-0.177819],[0.117485,-0.178059],[0.117443,-0.178334],[0.11742,-0.178926],[0.11746,-0.179181],[0.117481,-0.179545],[0.117554,-0.179738],[0.117659,-0.180008],[0.117657,-0.18004],[0.117668,-0.180018]]]]}},{"type":"Feature","id":1,"properties":{"Name":"Strait of the Sisters","Mapttitle":"Dark Ocean","SpecialFeatures":null,"AreaDescription":null,"FirstEvasion":0,"SecondEvasion":3,"FishHarvest":3,"WhaleHarvest":0,"Danger":5},"geometry":{"type":"MultiPolygon","coordinates":[[[[0.11479,-0.192223],[0.115016,-0.192133],[0.115036,-0.192115],[0.115303,-0.192005],[0.115622,-0.191865],[0.115959,-0.191633],[0.116093,-0.19154],[0.116279,-0.191418],[0.11636,-0.191372],[0.11643,-0.191285],[0.116459,-0.191174],[0.116714,-0.19089],[0.116743,-0.190814],[0.116801,-0.190762],[0.116894,-0.190704],[0.116976,-0.19064],[0.117086,-0.190582],[0.11722,-0.190489],[0.117353,-0.190437],[0.117487,-0.190384],[0.117568,-0.190367],[0.117713,-0.190297],[0.117783,-0.190216],[0.117806,-0.190094],[0.117861,-0.189748],[0.117846,-0.189261],[0.117869,-0.188904],[0.117906,-0.188599],[0.117925,-0.188462],[0.117939,-0.188291],[0.117958,-0.18799],[0.11798,-0.187677],[0.118021,-0.187506],[0.118188,-0.187376],[0.118346,-0.187242],[0.118358,-0.187149],[0.118585,-0.186952],[0.118712,-0.186783],[0.118695,-0.186708],[0.118869,-0.186261],[0.119101,-0.185668],[0.119194,-0.185552],[0.119403,-0.185052],[0.119682,-0.184309],[0.119787,-0.184112],[0.119862,-0.183775],[0.119938,-0.183391],[0.120019,-0.183188],[0.120141,-0.182828],[0.120234,-0.182439],[0.120251,-0.182236],[0.12031,-0.182073],[0.120461,-0.181846],[0.120594,-0.181794],[0.120728,-0.181736],[0.120873,-0.181573],[0.121047,-0.181283],[0.121169,-0.181074],[0.121306,-0.181059],[0.121167,-0.181059],[0.117668,-0.180018],[0.117657,-0.18004],[0.117652,-0.18015],[0.117524,-0.18048],[0.11752,-0.18063],[0.117434,-0.180938],[0.117405,-0.181091],[0.117297,-0.181371],[0.116838,-0.181954],[0.116423,-0.182435],[0.11642,-0.182633],[0.116404,-0.183277],[0.116373,-0.183794],[0.116228,-0.183989],[0.116131,-0.18432],[0.116018,-0.184553],[0.115951,-0.184727],[0.115771,-0.18499],[0.115568,-0.185289],[0.115539,-0.185552],[0.115512,-0.185791],[0.115464,-0.185992],[0.115367,-0.186119],[0.115193,-0.186222],[0.115044,-0.186206],[0.114902,-0.186125],[0.114778,-0.186073],[0.114703,-0.185976],[0.114605,-0.185869],[0.114441,-0.185834],[0.114251,-0.185824],[0.114152,-0.18565],[0.114001,-0.185496],[0.113919,-0.185351],[0.113832,-0.185095],[0.113777,-0.184847],[0.11371,-0.18464],[0.113635,-0.184526],[0.113576,-0.184471],[0.113499,-0.18439],[0.113331,-0.184146],[0.113263,-0.184119],[0.113216,-0.184124],[0.113139,-0.184161],[0.113133,-0.184165],[0.113034,-0.184088],[0.112963,-0.183975],[0.113031,-0.184087],[0.113043,-0.184189],[0.113046,-0.184212],[0.113047,-0.184217],[0.112981,-0.184371],[0.112833,-0.184644],[0.112678,-0.184929],[0.112601,-0.185096],[0.112583,-0.185291],[0.112542,-0.185582],[0.112503,-0.185822],[0.112465,-0.186122],[0.112435,-0.186327],[0.112382,-0.186566],[0.112237,-0.186874],[0.111884,-0.187182],[0.111523,-0.187585],[0.111295,-0.187778],[0.111192,-0.187812],[0.111051,-0.187849],[0.11479,-0.192223]]]]}},{"type":"Feature","id":2,"properties":{"Name":"Winedark","Mapttitle":"Dark Ocean","SpecialFeatures":null,"AreaDescription":null,"FirstEvasion":null,"SecondEvasion":null,"FishHarvest":null,"WhaleHarvest":null,"Danger":null},"geometry":{"type":"MultiPolygon","coordinates":[[[[0.142049,-0.204669],[0.154247,-0.184524],[0.154644,-0.183332],[0.154215,-0.182888],[0.154084,-0.182728],[0.153863,-0.182238],[0.153736,-0.182064],[0.153436,-0.181701],[0.153263,-0.181401],[0.1529,-0.181196],[0.152742,-0.180975],[0.152615,-0.180659],[0.152521,-0.180422],[0.15241,-0.180138],[0.152205,-0.179791],[0.151984,-0.179648],[0.151842,-0.17938],[0.151589,-0.179159],[0.151984,-0.179127],[0.152094,-0.178764],[0.151905,-0.178385],[0.151621,-0.177959],[0.151478,-0.177406],[0.151384,-0.177232],[0.151368,-0.176822],[0.151289,-0.176664],[0.151384,-0.176238],[0.151644,-0.176302],[0.151382,-0.176234],[0.151184,-0.176063],[0.151094,-0.175509],[0.151002,-0.175153],[0.150801,-0.174761],[0.150487,-0.174397],[0.150226,-0.17411],[0.149766,-0.173684],[0.149627,-0.173534],[0.149359,-0.173186],[0.149151,-0.173332],[0.149081,-0.173278],[0.149032,-0.172908],[0.148785,-0.172689],[0.148642,-0.172542],[0.148386,-0.172396],[0.148395,-0.172366],[0.148302,-0.172578],[0.148196,-0.172871],[0.148084,-0.17318],[0.14811,-0.173474],[0.148176,-0.173864],[0.148206,-0.174117],[0.14812,-0.174527],[0.147882,-0.174896],[0.147705,-0.175271],[0.147411,-0.175879],[0.146966,-0.176314],[0.146839,-0.176552],[0.146631,-0.176597],[0.146596,-0.176451],[0.146647,-0.175899],[0.146556,-0.175382],[0.146368,-0.17476],[0.146145,-0.1744],[0.145999,-0.174147],[0.145877,-0.173813],[0.145766,-0.173372],[0.145675,-0.173018],[0.145503,-0.172689],[0.14528,-0.172466],[0.145067,-0.172152],[0.144713,-0.171656],[0.144475,-0.171317],[0.144328,-0.170796],[0.144212,-0.170421],[0.144186,-0.169955],[0.144272,-0.169727],[0.144338,-0.169419],[0.144323,-0.168791],[0.144287,-0.168391],[0.144294,-0.168383],[0.144198,-0.168127],[0.137018,-0.164556],[0.136977,-0.164525],[0.136937,-0.164501],[0.136796,-0.164303],[0.136634,-0.164058],[0.136473,-0.163755],[0.136269,-0.16338],[0.136228,-0.163317],[0.136352,-0.163547],[0.129614,-0.170676],[0.124943,-0.175884],[0.123592,-0.178162],[0.122502,-0.181056],[0.122569,-0.181074],[0.122778,-0.181312],[0.122946,-0.181684],[0.123132,-0.182015],[0.12333,-0.182398],[0.12369,-0.183049],[0.123882,-0.183113],[0.124381,-0.183147],[0.12502,-0.183176],[0.125467,-0.183333],[0.12567,-0.183647],[0.12628,-0.183902],[0.126867,-0.184286],[0.127128,-0.184396],[0.127959,-0.184803],[0.128255,-0.184977],[0.128563,-0.185296],[0.128999,-0.185575],[0.12944,-0.186144],[0.129701,-0.186475],[0.129788,-0.18669],[0.130218,-0.187103],[0.130538,-0.187707],[0.130648,-0.188195],[0.130683,-0.188863],[0.130822,-0.1896],[0.13095,-0.189867],[0.13106,-0.1901],[0.131009,-0.190153],[0.131057,-0.190105],[0.131273,-0.190358],[0.131489,-0.190629],[0.131637,-0.190804],[0.131786,-0.190937],[0.131916,-0.191034],[0.132109,-0.191309],[0.132366,-0.191506],[0.13266,-0.191844],[0.132738,-0.19209],[0.132778,-0.192212],[0.132812,-0.192369],[0.132827,-0.19251],[0.132864,-0.192789],[0.132949,-0.193053],[0.133039,-0.193316],[0.133076,-0.193443],[0.133113,-0.193543],[0.133184,-0.193636],[0.133254,-0.193766],[0.133303,-0.193822],[0.133399,-0.193978],[0.133466,-0.194064],[0.133466,-0.194145],[0.133485,-0.194235],[0.133533,-0.194328],[0.133548,-0.194387],[0.133566,-0.194484],[0.13357,-0.194599],[0.133589,-0.194785],[0.133607,-0.194974],[0.133604,-0.195104],[0.133607,-0.195186],[0.133619,-0.195305],[0.133641,-0.195424],[0.133674,-0.19555],[0.133689,-0.195669],[0.133682,-0.195848],[0.133678,-0.195892],[0.133709,-0.196483],[0.133645,-0.196767],[0.133651,-0.196982],[0.133639,-0.197116],[0.133622,-0.197395],[0.133633,-0.197575],[0.133552,-0.197824],[0.133302,-0.198365],[0.133221,-0.198545],[0.133221,-0.198742],[0.133215,-0.198974],[0.133256,-0.199131],[0.133302,-0.199422],[0.133384,-0.199544],[0.133564,-0.199578],[0.13386,-0.199544],[0.134052,-0.199613],[0.134325,-0.199718],[0.134563,-0.199782],[0.134778,-0.199822],[0.134981,-0.199881],[0.135219,-0.199979],[0.135486,-0.200055],[0.135771,-0.200159],[0.13591,-0.200217],[0.135936,-0.200328],[0.135932,-0.200249],[0.136074,-0.200224],[0.136464,-0.200444],[0.136607,-0.200561],[0.136503,-0.200678],[0.13649,-0.200989],[0.13662,-0.201145],[0.136866,-0.20121],[0.137009,-0.201496],[0.137178,-0.201872],[0.137308,-0.20243],[0.137411,-0.202923],[0.137489,-0.203559],[0.137671,-0.203715],[0.137892,-0.203767],[0.13832,-0.203754],[0.138774,-0.203793],[0.138891,-0.203819],[0.139086,-0.203962],[0.139397,-0.204066],[0.13967,-0.204209],[0.139891,-0.204338],[0.140241,-0.204429],[0.140605,-0.204611],[0.140838,-0.20465],[0.141072,-0.204728],[0.141448,-0.204728],[0.141812,-0.20478],[0.141957,-0.204852],[0.142049,-0.204669]]]]}},{"type":"Feature","id":3,"properties":{"Name":"Sea of Doves","Mapttitle":"Sea","SpecialFeatures":null,"AreaDescription":null,"FirstEvasion":0,"SecondEvasion":0,"FishHarvest":12,"WhaleHarvest":0,"Danger":0},"geometry":{"type":"MultiPolygon","coordinates":[[[[0.129132,-0.119977],[0.131624,-0.113289],[0.131624,-0.111357],[0.132006,-0.10917],[0.131771,-0.108895],[0.131649,-0.108776],[0.131413,-0.108441],[0.131156,-0.108005],[0.130878,-0.107491],[0.130626,-0.107061],[0.130133,-0.106169],[0.129939,-0.105791],[0.129797,-0.105387],[0.129656,-0.104747],[0.129572,-0.104306],[0.12954,-0.104054],[0.129493,-0.103781],[0.1296,-0.103694],[0.129504,-0.103755],[0.129511,-0.103736],[0.12697,-0.103677],[0.12514,-0.102507],[0.12252,-0.102761],[0.120511,-0.102227],[0.120399,-0.10239],[0.120346,-0.102469],[0.120334,-0.10232],[0.120293,-0.101729],[0.120293,-0.101541],[0.120226,-0.101259],[0.120159,-0.100923],[0.119904,-0.100587],[0.119823,-0.100278],[0.119581,-0.099727],[0.11946,-0.099472],[0.119165,-0.099445],[0.118829,-0.099566],[0.118547,-0.099579],[0.111647,-0.103504],[0.111855,-0.104062],[0.111939,-0.104287],[0.112091,-0.10462],[0.112253,-0.104911],[0.112431,-0.105363],[0.112523,-0.105589],[0.112537,-0.105885],[0.112523,-0.105989],[0.11247,-0.106322],[0.112462,-0.106429],[0.112422,-0.106486],[0.112315,-0.106519],[0.112249,-0.106547],[0.11219,-0.106599],[0.112081,-0.10671],[0.111886,-0.106846],[0.111641,-0.107103],[0.111361,-0.107516],[0.111237,-0.107633],[0.110837,-0.108241],[0.110624,-0.108536],[0.110626,-0.109011],[0.110624,-0.109241],[0.110705,-0.109533],[0.110805,-0.109786],[0.11081,-0.109787],[0.111063,-0.110109],[0.111203,-0.110488],[0.111201,-0.110494],[0.111852,-0.110866],[0.112011,-0.1111],[0.112283,-0.111565],[0.112444,-0.111822],[0.112702,-0.112139],[0.112911,-0.112414],[0.113521,-0.112675],[0.113615,-0.112801],[0.113805,-0.113063],[0.113907,-0.113177],[0.114075,-0.113286],[0.114301,-0.113293],[0.11433,-0.113293],[0.114489,-0.113472],[0.114613,-0.113615],[0.114723,-0.113701],[0.114882,-0.113715],[0.115044,-0.113739],[0.115274,-0.113813],[0.115542,-0.114038],[0.115665,-0.114187],[0.115988,-0.114576],[0.116242,-0.114849],[0.116471,-0.114945],[0.11669,-0.114951],[0.116973,-0.114988],[0.117373,-0.115041],[0.117625,-0.115107],[0.11784,-0.115156],[0.117968,-0.115162],[0.118111,-0.115166],[0.118196,-0.115138],[0.118261,-0.115123],[0.118368,-0.115107],[0.118701,-0.115114],[0.118886,-0.115105],[0.119009,-0.115103],[0.119201,-0.115031],[0.119398,-0.114946],[0.119678,-0.114863],[0.119813,-0.11483],[0.11996,-0.114867],[0.120088,-0.114915],[0.120213,-0.114979],[0.120303,-0.115042],[0.120484,-0.115171],[0.120744,-0.115448],[0.120958,-0.115691],[0.121116,-0.11587],[0.121328,-0.116032],[0.121645,-0.116231],[0.121736,-0.116281],[0.121988,-0.116445],[0.122174,-0.116585],[0.122322,-0.116672],[0.122418,-0.116692],[0.122593,-0.116701],[0.122748,-0.116699],[0.123019,-0.116716],[0.123225,-0.116729],[0.123402,-0.116808],[0.123662,-0.116972],[0.123883,-0.117147],[0.124062,-0.117311],[0.124263,-0.117479],[0.124381,-0.117555],[0.12451,-0.117636],[0.124615,-0.117673],[0.124687,-0.117673],[0.124807,-0.117682],[0.124927,-0.117732],[0.125087,-0.117833],[0.125437,-0.118036],[0.125852,-0.118338],[0.126064,-0.118482],[0.126223,-0.118681],[0.126396,-0.118895],[0.126645,-0.119111],[0.127025,-0.119271],[0.127165,-0.119326],[0.127393,-0.119361],[0.127546,-0.119448],[0.127714,-0.11964],[0.127961,-0.119833],[0.128188,-0.119922],[0.12835,-0.119983],[0.128689,-0.119997],[0.128964,-0.120012],[0.129096,-0.120018],[0.129132,-0.119977]]]]}},{"type":"Feature","id":4,"properties":{"Name":"Bay of Doves","Mapttitle":"Sea","SpecialFeatures":null,"AreaDescription":null,"FirstEvasion":-1,"SecondEvasion":1,"FishHarvest":9,"WhaleHarvest":0,"Danger":0},"geometry":{"type":"MultiPolygon","coordinates":[[[[0.133127,-0.099921],[0.132298,-0.097661],[0.132225,-0.097824],[0.132223,-0.097829],[0.132196,-0.097961],[0.132091,-0.09811],[0.131866,-0.098011],[0.131634,-0.097961],[0.131326,-0.097911],[0.131095,-0.097939],[0.130875,-0.097994],[0.130677,-0.098044],[0.130341,-0.098038],[0.130253,-0.098016],[0.130072,-0.097944],[0.129885,-0.097867],[0.129709,-0.097812],[0.129544,-0.09773],[0.129412,-0.097763],[0.129109,-0.097873],[0.128812,-0.097983],[0.128724,-0.098027],[0.128608,-0.098055],[0.128482,-0.098132],[0.128317,-0.098236],[0.128212,-0.098335],[0.128124,-0.098434],[0.128025,-0.098528],[0.127887,-0.098621],[0.127761,-0.098682],[0.127579,-0.098726],[0.127409,-0.098753],[0.127255,-0.098753],[0.127145,-0.098748],[0.127013,-0.098643],[0.126969,-0.098555],[0.126864,-0.09855],[0.126726,-0.098566],[0.126501,-0.09861],[0.126292,-0.098599],[0.12611,-0.098594],[0.125973,-0.098572],[0.125786,-0.098522],[0.125604,-0.098484],[0.125499,-0.098429],[0.125395,-0.09833],[0.125323,-0.098198],[0.125323,-0.098011],[0.125367,-0.09784],[0.125533,-0.097774],[0.12561,-0.097774],[0.125654,-0.097768],[0.125813,-0.09773],[0.125879,-0.097697],[0.126039,-0.097664],[0.126149,-0.097603],[0.126385,-0.097493],[0.126567,-0.097378],[0.126715,-0.097213],[0.126919,-0.097037],[0.126996,-0.096954],[0.127112,-0.096822],[0.127233,-0.096668],[0.127271,-0.096585],[0.127403,-0.096404],[0.127788,-0.095909],[0.12781,-0.095826],[0.127854,-0.095705],[0.127937,-0.095507],[0.128014,-0.095363],[0.126833,-0.095788],[0.126722,-0.095904],[0.126446,-0.096181],[0.126096,-0.096423],[0.125868,-0.096557],[0.125613,-0.096705],[0.125425,-0.096758],[0.125196,-0.096785],[0.124995,-0.096826],[0.124713,-0.09692],[0.124337,-0.097027],[0.124135,-0.097108],[0.123893,-0.097255],[0.123759,-0.097403],[0.123437,-0.097793],[0.123249,-0.0979],[0.123007,-0.098061],[0.122671,-0.098196],[0.122469,-0.098223],[0.122295,-0.098478],[0.122187,-0.09876],[0.122093,-0.099082],[0.121986,-0.099472],[0.121905,-0.0997],[0.121878,-0.099956],[0.121798,-0.100157],[0.12165,-0.100224],[0.121556,-0.100305],[0.121435,-0.100479],[0.121328,-0.100815],[0.121287,-0.101003],[0.121247,-0.101205],[0.121099,-0.10146],[0.120925,-0.101635],[0.120602,-0.101944],[0.120481,-0.102159],[0.120454,-0.102306],[0.120399,-0.10239],[0.120511,-0.102227],[0.12252,-0.102761],[0.12514,-0.102507],[0.12697,-0.103677],[0.129511,-0.103736],[0.12962,-0.103421],[0.129748,-0.103242],[0.12985,-0.103024],[0.130158,-0.102807],[0.13035,-0.10255],[0.130644,-0.102025],[0.130644,-0.101859],[0.13076,-0.101602],[0.130862,-0.101256],[0.131234,-0.100795],[0.131439,-0.100501],[0.131823,-0.100321],[0.132464,-0.100142],[0.132732,-0.100044],[0.133127,-0.099921]]]]}},{"type":"Feature","id":5,"properties":{"Name":"Inmost Sea","Mapttitle":"Sea","SpecialFeatures":null,"AreaDescription":null,"FirstEvasion":0,"SecondEvasion":0,"FishHarvest":12,"WhaleHarvest":0,"Danger":0},"geometry":{"type":"MultiPolygon","coordinates":[[[[0.129242,-0.094629],[0.129315,-0.093567],[0.12894,-0.092025],[0.128565,-0.090619],[0.127992,-0.089744],[0.127336,-0.08914],[0.125902,-0.086461],[0.124555,-0.083689],[0.124071,-0.081782],[0.123319,-0.079602],[0.123182,-0.079593],[0.122544,-0.079448],[0.122106,-0.079361],[0.121741,-0.079318],[0.121125,-0.078884],[0.120608,-0.078797],[0.119784,-0.078562],[0.119345,-0.078432],[0.119063,-0.078267],[0.118495,-0.078063],[0.118486,-0.078057],[0.118167,-0.078194],[0.117841,-0.078368],[0.117604,-0.078523],[0.117332,-0.078697],[0.1172,-0.078835],[0.117169,-0.078939],[0.117084,-0.078975],[0.116896,-0.079091],[0.116697,-0.079203],[0.116542,-0.079403],[0.116449,-0.079543],[0.116393,-0.079872],[0.116106,-0.080333],[0.115592,-0.080929],[0.115423,-0.08126],[0.115089,-0.08157],[0.11451,-0.082205],[0.11392,-0.082708],[0.113116,-0.083276],[0.112492,-0.083739],[0.111871,-0.084124],[0.11146,-0.08424],[0.111216,-0.084256],[0.110758,-0.084403],[0.110294,-0.084684],[0.109799,-0.084948],[0.109083,-0.085201],[0.108706,-0.085232],[0.108315,-0.085288],[0.107911,-0.085344],[0.107697,-0.0854],[0.107368,-0.085527],[0.106767,-0.085797],[0.10641,-0.086016],[0.106247,-0.08628],[0.105957,-0.086303],[0.105412,-0.08626],[0.104915,-0.086328],[0.104617,-0.086305],[0.103824,-0.0863],[0.103362,-0.086412],[0.102832,-0.08648],[0.102402,-0.086497],[0.102112,-0.086434],[0.1017,-0.086216],[0.1014,-0.086136],[0.101455,-0.086189],[0.101675,-0.086403],[0.101749,-0.086659],[0.101655,-0.087084],[0.101628,-0.087407],[0.101594,-0.087825],[0.101635,-0.088243],[0.101756,-0.088607],[0.101965,-0.089052],[0.101972,-0.089415],[0.101891,-0.090238],[0.101891,-0.090352],[0.10187,-0.090514],[0.101864,-0.090683],[0.101924,-0.091107],[0.101951,-0.09133],[0.102019,-0.091613],[0.102106,-0.091842],[0.10212,-0.092078],[0.102167,-0.09232],[0.102309,-0.092496],[0.102504,-0.092725],[0.10307,-0.093331],[0.103589,-0.093897],[0.104229,-0.094484],[0.104413,-0.094898],[0.10459,-0.095044],[0.10467,-0.095284],[0.104723,-0.095516],[0.104979,-0.096068],[0.105338,-0.096623],[0.105749,-0.097084],[0.106155,-0.097239],[0.1063,-0.097502],[0.1065,-0.097832],[0.106504,-0.097835],[0.106524,-0.097849],[0.106598,-0.097901],[0.106651,-0.097957],[0.106747,-0.098017],[0.106885,-0.098152],[0.10698,-0.098304],[0.107049,-0.098379],[0.107172,-0.098544],[0.107229,-0.098627],[0.107357,-0.098879],[0.107429,-0.099028],[0.107465,-0.099082],[0.107507,-0.099148],[0.107561,-0.099243],[0.107608,-0.099321],[0.107659,-0.099384],[0.107743,-0.09948],[0.107782,-0.099534],[0.107806,-0.099599],[0.107878,-0.099761],[0.107961,-0.099979],[0.107991,-0.10003],[0.10812,-0.100236],[0.108243,-0.100413],[0.10899,-0.101235],[0.109499,-0.10175],[0.10963,-0.101866],[0.109744,-0.102013],[0.110025,-0.102318],[0.110396,-0.102503],[0.110779,-0.102793],[0.111111,-0.103051],[0.111398,-0.103233],[0.111643,-0.103508],[0.111761,-0.103814],[0.111813,-0.10395],[0.111855,-0.104062],[0.111647,-0.103504],[0.118547,-0.099579],[0.118802,-0.099284],[0.119017,-0.099217],[0.119071,-0.099096],[0.119232,-0.098854],[0.119434,-0.098626],[0.119541,-0.098384],[0.119863,-0.097927],[0.120065,-0.097645],[0.120468,-0.097041],[0.120871,-0.096866],[0.121395,-0.096839],[0.121838,-0.096987],[0.122013,-0.096987],[0.122698,-0.096691],[0.123074,-0.096638],[0.12341,-0.096584],[0.123558,-0.096557],[0.123786,-0.09645],[0.124162,-0.096141],[0.124417,-0.095979],[0.124632,-0.095805],[0.125062,-0.095603],[0.12529,-0.095644],[0.125626,-0.095751],[0.126002,-0.095845],[0.126164,-0.095845],[0.126378,-0.095845],[0.126526,-0.095845],[0.126829,-0.095792],[0.126833,-0.095788],[0.128014,-0.095363],[0.128025,-0.095342],[0.128036,-0.095232],[0.128036,-0.095078],[0.128163,-0.094973],[0.128421,-0.094847],[0.128707,-0.094748],[0.128825,-0.094711],[0.129242,-0.094629]]]]}},{"type":"Feature","id":6,"properties":{"Name":"Black River","Mapttitle":"Sea","SpecialFeatures":"Any ship that transits to Black River automatically transits to North Sea, regardless of remaining movement. In any season other than summer, the region\u2019s Danger increases to 100%.","AreaDescription":null,"FirstEvasion":-3,"SecondEvasion":3,"FishHarvest":0,"WhaleHarvest":0,"Danger":5},"geometry":{"type":"MultiPolygon","coordinates":[[[[0.148619,-0.077695],[0.152887,-0.078021],[0.153029,-0.07742],[0.153068,-0.076689],[0.153126,-0.076469],[0.152985,-0.076192],[0.153014,-0.075802],[0.153113,-0.075284],[0.153167,-0.074884],[0.153108,-0.074574],[0.153053,-0.074261],[0.153045,-0.074342],[0.153035,-0.074394],[0.152886,-0.074459],[0.152745,-0.074529],[0.15261,-0.074613],[0.15247,-0.074632],[0.152217,-0.074618],[0.151993,-0.074525],[0.151876,-0.074394],[0.151993,-0.074113],[0.1519,-0.073968],[0.151418,-0.073982],[0.150974,-0.074099],[0.150516,-0.074043],[0.150231,-0.07402],[0.150054,-0.074057],[0.149759,-0.074081],[0.149498,-0.074034],[0.149208,-0.074015],[0.148918,-0.073978],[0.148682,-0.073986],[0.148908,-0.074218],[0.149315,-0.074716],[0.149535,-0.075227],[0.149593,-0.075725],[0.149432,-0.076281],[0.14916,-0.076669],[0.149076,-0.077077],[0.148979,-0.077355],[0.14885,-0.077458],[0.148619,-0.077695]]],[[[0.147806,-0.069332],[0.147821,-0.069343],[0.147852,-0.069495],[0.147859,-0.069484],[0.147994,-0.069457],[0.148407,-0.069521],[0.148616,-0.069624],[0.149048,-0.069823],[0.149202,-0.070022],[0.149438,-0.070541],[0.149498,-0.070896],[0.149602,-0.071344],[0.149607,-0.071982],[0.149241,-0.072326],[0.148818,-0.072699],[0.148832,-0.072719],[0.148497,-0.073063],[0.14871,-0.073144],[0.149045,-0.073108],[0.149266,-0.073177],[0.149436,-0.073254],[0.149643,-0.073206],[0.149867,-0.073185],[0.150169,-0.073215],[0.150402,-0.073215],[0.150818,-0.073179],[0.151123,-0.073156],[0.151303,-0.073015],[0.15121,-0.0728],[0.150944,-0.072438],[0.150873,-0.072144],[0.150862,-0.072152],[0.150808,-0.071841],[0.150699,-0.071244],[0.150907,-0.070626],[0.151052,-0.070322],[0.151052,-0.070008],[0.151118,-0.069695],[0.151269,-0.069379],[0.151607,-0.069136],[0.15168,-0.069017],[0.147806,-0.069332]]]]}},{"type":"Feature","id":7,"properties":{"Name":"North Sea","Mapttitle":"Sea","SpecialFeatures":null,"AreaDescription":null,"FirstEvasion":0,"SecondEvasion":0,"FishHarvest":15,"WhaleHarvest":0,"Danger":0},"geometry":{"type":"MultiPolygon","coordinates":[[[[0.169845,-0.077866],[0.168075,-0.077694],[0.16795,-0.077684],[0.167684,-0.077681],[0.167483,-0.077726],[0.167214,-0.077713],[0.167048,-0.07769],[0.166825,-0.077641],[0.166672,-0.077633],[0.166421,-0.077686],[0.166249,-0.077731],[0.166142,-0.07768],[0.1658,-0.077573],[0.165552,-0.077466],[0.165348,-0.077363],[0.165355,-0.077227],[0.165344,-0.077366],[0.165019,-0.077227],[0.164887,-0.0773],[0.164525,-0.077155],[0.164308,-0.077197],[0.16408,-0.077209],[0.163881,-0.077095],[0.16373,-0.076998],[0.163483,-0.077029],[0.16326,-0.077004],[0.163116,-0.07692],[0.16276,-0.076884],[0.162724,-0.076896],[0.162459,-0.076752],[0.161996,-0.07677],[0.16146,-0.07686],[0.161158,-0.077023],[0.160791,-0.077155],[0.160629,-0.077062],[0.160629,-0.077064],[0.160312,-0.077103],[0.160131,-0.077174],[0.160021,-0.077316],[0.159898,-0.077562],[0.159762,-0.077582],[0.159639,-0.077601],[0.159439,-0.077763],[0.159128,-0.078054],[0.159031,-0.07806],[0.159028,-0.078078],[0.159024,-0.078095],[0.159018,-0.078112],[0.159012,-0.078129],[0.159004,-0.078145],[0.158995,-0.07816],[0.158986,-0.078175],[0.158975,-0.078189],[0.158963,-0.078203],[0.15895,-0.078215],[0.158937,-0.078227],[0.158923,-0.078238],[0.158908,-0.078247],[0.158892,-0.078256],[0.158876,-0.078264],[0.158859,-0.07827],[0.158842,-0.078275],[0.158825,-0.078279],[0.158807,-0.078282],[0.158789,-0.078284],[0.158772,-0.078284],[0.158754,-0.078283],[0.158736,-0.078281],[0.158719,-0.078278],[0.158701,-0.078274],[0.158352,-0.07839],[0.158074,-0.078332],[0.157841,-0.078364],[0.157705,-0.078358],[0.157324,-0.0783],[0.156929,-0.07828],[0.156754,-0.078319],[0.156586,-0.078422],[0.155739,-0.07841],[0.155715,-0.07842],[0.155691,-0.078429],[0.155666,-0.078436],[0.15564,-0.078441],[0.155615,-0.078445],[0.155589,-0.078446],[0.155563,-0.078446],[0.155537,-0.078445],[0.155511,-0.078441],[0.155486,-0.078436],[0.155461,-0.078429],[0.155436,-0.078412],[0.155409,-0.078397],[0.155382,-0.078384],[0.155354,-0.078373],[0.155325,-0.078364],[0.155295,-0.078358],[0.155265,-0.078353],[0.155235,-0.078351],[0.155205,-0.07835],[0.155175,-0.078352],[0.155145,-0.078356],[0.155115,-0.078362],[0.155086,-0.078371],[0.155033,-0.078401],[0.154977,-0.078427],[0.154921,-0.078449],[0.154862,-0.078467],[0.154803,-0.078481],[0.154742,-0.078491],[0.154681,-0.078496],[0.15462,-0.078497],[0.154559,-0.078493],[0.154499,-0.078486],[0.154439,-0.078474],[0.15438,-0.078457],[0.154323,-0.078437],[0.154267,-0.078412],[0.154213,-0.078384],[0.154171,-0.078409],[0.154128,-0.078431],[0.154083,-0.078451],[0.154037,-0.078467],[0.15399,-0.078481],[0.153943,-0.078491],[0.153895,-0.078499],[0.153846,-0.078503],[0.153797,-0.078504],[0.153749,-0.078502],[0.1537,-0.078496],[0.153652,-0.078488],[0.153605,-0.078476],[0.153559,-0.078462],[0.153513,-0.078444],[0.153469,-0.078423],[0.153426,-0.0784],[0.153385,-0.078374],[0.153346,-0.078345],[0.153296,-0.07833],[0.153247,-0.078312],[0.153199,-0.078291],[0.153153,-0.078267],[0.153109,-0.078239],[0.153066,-0.078209],[0.153025,-0.078177],[0.152987,-0.078141],[0.152951,-0.078104],[0.152918,-0.078064],[0.152887,-0.078021],[0.148619,-0.077695],[0.14861,-0.077704],[0.148455,-0.077698],[0.148138,-0.077594],[0.147892,-0.077543],[0.147317,-0.077361],[0.147129,-0.077348],[0.146838,-0.077523],[0.146178,-0.077834],[0.145894,-0.077937],[0.14535,-0.078299],[0.144865,-0.078649],[0.144315,-0.078901],[0.143449,-0.079063],[0.143306,-0.079198],[0.142996,-0.079457],[0.142569,-0.079599],[0.142032,-0.079593],[0.141683,-0.079451],[0.14132,-0.079263],[0.1409,-0.07914],[0.14048,-0.078856],[0.140169,-0.078771],[0.139852,-0.078739],[0.139697,-0.078545],[0.139205,-0.078028],[0.138953,-0.077543],[0.138798,-0.077465],[0.137543,-0.076715],[0.136987,-0.076676],[0.135932,-0.075557],[0.13504,-0.075369],[0.134373,-0.074975],[0.133617,-0.074632],[0.132886,-0.07447],[0.132881,-0.074445],[0.132877,-0.074423],[0.132714,-0.074378],[0.13248,-0.074426],[0.132198,-0.074543],[0.131959,-0.07463],[0.131776,-0.074686],[0.131768,-0.074873],[0.131776,-0.074973],[0.131724,-0.075086],[0.131616,-0.075159],[0.131542,-0.075129],[0.131447,-0.07499],[0.131316,-0.074925],[0.131178,-0.074942],[0.130952,-0.075025],[0.130665,-0.075277],[0.130518,-0.075429],[0.130366,-0.075528],[0.130171,-0.075824],[0.130014,-0.076114],[0.129906,-0.07641],[0.129776,-0.076774],[0.129632,-0.077017],[0.129554,-0.077052],[0.129476,-0.077078],[0.129415,-0.077186],[0.129155,-0.077751],[0.128968,-0.078541],[0.12879,-0.078845],[0.128747,-0.079057],[0.128634,-0.07927],[0.12853,-0.079483],[0.128178,-0.079782],[0.127992,-0.079934],[0.127614,-0.079973],[0.127354,-0.080008],[0.127223,-0.080112],[0.126989,-0.080264],[0.12688,-0.080316],[0.12665,-0.080255],[0.126564,-0.080181],[0.126468,-0.08016],[0.126364,-0.080186],[0.126242,-0.080207],[0.126112,-0.080216],[0.125986,-0.080077],[0.125856,-0.080073],[0.125591,-0.080047],[0.125214,-0.07999],[0.124593,-0.079782],[0.124198,-0.079704],[0.123881,-0.07973],[0.123638,-0.079713],[0.123382,-0.079639],[0.123327,-0.079626],[0.124071,-0.081782],[0.124555,-0.083689],[0.125902,-0.086461],[0.127336,-0.08914],[0.127992,-0.089744],[0.128565,-0.090619],[0.12894,-0.092025],[0.129315,-0.093567],[0.129242,-0.094629],[0.12922,-0.094634],[0.129274,-0.094632],[0.129324,-0.094687],[0.129621,-0.094852],[0.129753,-0.094885],[0.129868,-0.095056],[0.130396,-0.095287],[0.130881,-0.095446],[0.131101,-0.095479],[0.131502,-0.095496],[0.131656,-0.095612],[0.131838,-0.095777],[0.131928,-0.09602],[0.132025,-0.096227],[0.13435,-0.095453],[0.153949,-0.092447],[0.163131,-0.089156],[0.166361,-0.086715],[0.168345,-0.084121],[0.169336,-0.080841],[0.169845,-0.077866]]]]}},{"type":"Feature","id":8,"properties":{"Name":"Southwest Passage","Mapttitle":"Sea","SpecialFeatures":null,"AreaDescription":null,"FirstEvasion":0,"SecondEvasion":0,"FishHarvest":6,"WhaleHarvest":0,"Danger":2},"geometry":{"type":"MultiPolygon","coordinates":[[[[0.142838,-0.160263],[0.141438,-0.158556],[0.141394,-0.158666],[0.141325,-0.158857],[0.141263,-0.159132],[0.141229,-0.159196],[0.141229,-0.158964],[0.141197,-0.158899],[0.141182,-0.158808],[0.141174,-0.158703],[0.141152,-0.158521],[0.141131,-0.158455],[0.140962,-0.158286],[0.140755,-0.158282],[0.140653,-0.158278],[0.140546,-0.158286],[0.14043,-0.158274],[0.140279,-0.158214],[0.140176,-0.158135],[0.140001,-0.158],[0.139871,-0.157983],[0.139745,-0.157874],[0.139672,-0.157795],[0.139589,-0.157673],[0.139512,-0.157556],[0.139484,-0.157383],[0.139371,-0.157229],[0.139221,-0.157174],[0.139057,-0.157146],[0.138961,-0.157048],[0.138871,-0.156954],[0.138809,-0.156821],[0.138728,-0.15668],[0.138641,-0.156519],[0.135091,-0.157336],[0.135158,-0.157788],[0.135191,-0.157967],[0.135395,-0.158451],[0.135561,-0.15882],[0.135726,-0.159278],[0.136003,-0.160136],[0.13605,-0.160298],[0.136186,-0.160653],[0.136274,-0.161237],[0.136316,-0.161461],[0.136473,-0.16179],[0.136525,-0.16204],[0.136624,-0.162337],[0.136765,-0.162551],[0.136817,-0.162796],[0.136827,-0.162947],[0.136838,-0.163234],[0.136885,-0.163427],[0.136958,-0.163662],[0.137031,-0.163875],[0.137088,-0.164188],[0.137057,-0.164439],[0.137025,-0.164553],[0.136977,-0.164525],[0.137018,-0.164556],[0.144198,-0.168127],[0.144173,-0.16806],[0.144114,-0.167666],[0.144148,-0.167309],[0.144143,-0.166651],[0.144215,-0.166387],[0.144261,-0.16611],[0.144311,-0.165925],[0.144303,-0.165627],[0.144198,-0.165455],[0.144164,-0.165187],[0.144227,-0.164667],[0.144219,-0.164403],[0.144206,-0.164201],[0.144089,-0.163694],[0.14393,-0.163304],[0.143841,-0.162997],[0.143858,-0.162763],[0.143917,-0.162465],[0.143955,-0.162117],[0.143942,-0.161794],[0.143938,-0.16158],[0.143862,-0.161282],[0.143716,-0.160867],[0.143439,-0.160611],[0.143195,-0.160468],[0.14304,-0.160418],[0.142935,-0.160447],[0.142772,-0.160426],[0.142742,-0.160372],[0.14277,-0.160337],[0.142838,-0.160263]]]]}},{"type":"Feature","id":9,"properties":{"Name":"Bay of the Brand","Mapttitle":"Dark Ocean","SpecialFeatures":null,"AreaDescription":null,"FirstEvasion":0,"SecondEvasion":2,"FishHarvest":3,"WhaleHarvest":0,"Danger":2},"geometry":{"type":"MultiPolygon","coordinates":[[[[0.155768,-0.179773],[0.156289,-0.178374],[0.15707,-0.176942],[0.157689,-0.175119],[0.160651,-0.172222],[0.160741,-0.172169],[0.160952,-0.171996],[0.161055,-0.171689],[0.161064,-0.171433],[0.161031,-0.17125],[0.160977,-0.17111],[0.160608,-0.1707],[0.160414,-0.170509],[0.160227,-0.170153],[0.159819,-0.16945],[0.159509,-0.169068],[0.158914,-0.16888],[0.158254,-0.168829],[0.157665,-0.1689],[0.157297,-0.168906],[0.156863,-0.169133],[0.156217,-0.169158],[0.155667,-0.169113],[0.155279,-0.168971],[0.154839,-0.168732],[0.154445,-0.168617],[0.154317,-0.168717],[0.154202,-0.168671],[0.154092,-0.168591],[0.153989,-0.168464],[0.153816,-0.168285],[0.15366,-0.168136],[0.153453,-0.168009],[0.153159,-0.167755],[0.1529,-0.167502],[0.152681,-0.167191],[0.152543,-0.166978],[0.152278,-0.166793],[0.152059,-0.166667],[0.151912,-0.166598],[0.151771,-0.16709],[0.151926,-0.167005],[0.152177,-0.167361],[0.15235,-0.167463],[0.152484,-0.167623],[0.152641,-0.167808],[0.15271,-0.16793],[0.152708,-0.167917],[0.153024,-0.168137],[0.153567,-0.168503],[0.153938,-0.16894],[0.154139,-0.169342],[0.154383,-0.169886],[0.154515,-0.170328],[0.154735,-0.170895],[0.154894,-0.17121],[0.155177,-0.171608],[0.155241,-0.171941],[0.155286,-0.172384],[0.15531,-0.172842],[0.155341,-0.17291],[0.155484,-0.173076],[0.155591,-0.173527],[0.155745,-0.174007],[0.155848,-0.174355],[0.155869,-0.174632],[0.155914,-0.174947],[0.155927,-0.175315],[0.155947,-0.175787],[0.155931,-0.17618],[0.155856,-0.176449],[0.155728,-0.176727],[0.155674,-0.176913],[0.155666,-0.177095],[0.155711,-0.17736],[0.155782,-0.177567],[0.155836,-0.177836],[0.155889,-0.178097],[0.155831,-0.178494],[0.155877,-0.1789],[0.155852,-0.179128],[0.15584,-0.179274],[0.155768,-0.179773]]]]}},{"type":"Feature","id":10,"properties":{"Name":"Inland Sea","Mapttitle":"Dark Ocean","SpecialFeatures":null,"AreaDescription":null,"FirstEvasion":2,"SecondEvasion":2,"FishHarvest":6,"WhaleHarvest":0,"Danger":2},"geometry":{"type":"MultiPolygon","coordinates":[[[[0.133633,-0.211778],[0.137041,-0.212668],[0.137059,-0.212133],[0.137051,-0.211986],[0.136993,-0.211731],[0.136918,-0.211311],[0.13678,-0.211045],[0.136684,-0.210811],[0.136716,-0.210194],[0.136865,-0.209944],[0.137083,-0.209662],[0.13729,-0.209266],[0.13734,-0.208958],[0.137307,-0.208767],[0.13763,-0.208435],[0.138121,-0.208028],[0.138378,-0.207579],[0.13847,-0.207305],[0.138594,-0.207031],[0.138702,-0.206765],[0.138528,-0.206533],[0.138519,-0.206333],[0.138578,-0.206184],[0.138752,-0.206159],[0.138893,-0.206163],[0.138683,-0.20613],[0.138748,-0.206039],[0.138502,-0.205987],[0.138086,-0.205909],[0.137554,-0.205831],[0.137152,-0.205455],[0.13684,-0.205208],[0.13662,-0.204909],[0.136178,-0.204468],[0.135776,-0.203858],[0.135568,-0.203157],[0.135179,-0.202417],[0.135049,-0.202145],[0.135283,-0.201781],[0.135463,-0.201477],[0.135048,-0.202145],[0.134964,-0.202098],[0.134696,-0.201936],[0.134441,-0.201787],[0.134271,-0.201717],[0.134022,-0.201692],[0.133862,-0.201691],[0.133724,-0.201661],[0.133515,-0.201623],[0.133282,-0.20138],[0.132858,-0.200966],[0.132532,-0.200595],[0.132378,-0.200467],[0.13228,-0.200307],[0.132171,-0.200143],[0.132078,-0.199936],[0.132056,-0.199841],[0.132109,-0.199401],[0.132163,-0.199085],[0.132282,-0.198718],[0.132306,-0.198518],[0.132347,-0.198333],[0.132392,-0.198126],[0.132485,-0.197938],[0.13257,-0.197726],[0.132575,-0.197631],[0.13263,-0.197267],[0.132506,-0.197048],[0.132482,-0.196948],[0.132442,-0.196777],[0.132361,-0.196513],[0.13229,-0.19623],[0.132109,-0.195704],[0.132068,-0.195652],[0.131799,-0.195143],[0.131714,-0.194979],[0.131519,-0.195162],[0.131305,-0.195326],[0.131112,-0.195702],[0.131036,-0.195923],[0.131033,-0.196208],[0.130865,-0.196539],[0.130727,-0.196694],[0.130493,-0.196791],[0.130282,-0.196879],[0.130134,-0.196946],[0.129851,-0.196993],[0.129666,-0.196967],[0.129459,-0.196855],[0.129268,-0.196732],[0.128911,-0.196551],[0.128566,-0.196344],[0.127981,-0.196277],[0.12785,-0.196201],[0.127593,-0.196092],[0.127227,-0.195959],[0.12703,-0.195823],[0.126727,-0.195613],[0.126103,-0.195145],[0.125507,-0.19479],[0.124741,-0.194719],[0.124294,-0.194845],[0.124289,-0.194837],[0.124257,-0.194856],[0.124223,-0.19488],[0.12408,-0.194981],[0.123917,-0.195052],[0.123817,-0.195115],[0.12364,-0.195212],[0.123538,-0.195313],[0.123354,-0.195461],[0.123166,-0.195553],[0.123002,-0.195625],[0.122903,-0.195689],[0.122719,-0.195808],[0.122643,-0.195872],[0.122458,-0.195937],[0.122289,-0.196009],[0.122047,-0.196123],[0.121918,-0.19619],[0.121679,-0.196236],[0.12144,-0.196324],[0.121269,-0.196371],[0.121248,-0.196383],[0.121221,-0.196404],[0.120972,-0.196569],[0.120647,-0.196813],[0.120549,-0.196967],[0.120468,-0.197051],[0.120333,-0.197219],[0.120108,-0.197568],[0.120068,-0.197787],[0.120054,-0.197963],[0.12003,-0.198231],[0.119873,-0.198975],[0.119808,-0.199238],[0.119697,-0.199487],[0.119561,-0.199776],[0.119716,-0.200483],[0.119764,-0.201],[0.119818,-0.201279],[0.119796,-0.201287],[0.119813,-0.201286],[0.119872,-0.201398],[0.119876,-0.201483],[0.119898,-0.201673],[0.119913,-0.202167],[0.119909,-0.202353],[0.11988,-0.202479],[0.119779,-0.202661],[0.119634,-0.20284],[0.11943,-0.203174],[0.119274,-0.203401],[0.119133,-0.203691],[0.119066,-0.203814],[0.119003,-0.204078],[0.118932,-0.204338],[0.118902,-0.204509],[0.118846,-0.204817],[0.118839,-0.205048],[0.118846,-0.205434],[0.11885,-0.205617],[0.118835,-0.205962],[0.11882,-0.206126],[0.118772,-0.206293],[0.118705,-0.206486],[0.118601,-0.206635],[0.118513,-0.206793],[0.118462,-0.2069],[0.118267,-0.207174],[0.118207,-0.207312],[0.118057,-0.207442],[0.118055,-0.207515],[0.117857,-0.207585],[0.117837,-0.207621],[0.117858,-0.207587],[0.118081,-0.207509],[0.118348,-0.207505],[0.11859,-0.207598],[0.118787,-0.207635],[0.119036,-0.207706],[0.119107,-0.207754],[0.119244,-0.207828],[0.119378,-0.207869],[0.119947,-0.207921],[0.120274,-0.207906],[0.12059,-0.207947],[0.12085,-0.208029],[0.121136,-0.208152],[0.121608,-0.20823],[0.121792,-0.208293],[0.121934,-0.208076],[0.122125,-0.207931],[0.122297,-0.207767],[0.122379,-0.207368],[0.122316,-0.206923],[0.122334,-0.206479],[0.122297,-0.206288],[0.122243,-0.205843],[0.122216,-0.20548],[0.122261,-0.205253],[0.122479,-0.204854],[0.12276,-0.204373],[0.122797,-0.204164],[0.122797,-0.203856],[0.123087,-0.203248],[0.12316,-0.202912],[0.123305,-0.202612],[0.123586,-0.202286],[0.124094,-0.201896],[0.124403,-0.201714],[0.12482,-0.201542],[0.125301,-0.201424],[0.126236,-0.201215],[0.126653,-0.201142],[0.126962,-0.201142],[0.127107,-0.20136],[0.127352,-0.201732],[0.127606,-0.201986],[0.128269,-0.202295],[0.128795,-0.202322],[0.129385,-0.202277],[0.129948,-0.202286],[0.130474,-0.202286],[0.131273,-0.202504],[0.131881,-0.202876],[0.13238,-0.203375],[0.132725,-0.203792],[0.133033,-0.20391],[0.133342,-0.203937],[0.133596,-0.203965],[0.133995,-0.204636],[0.13415,-0.205108],[0.134413,-0.20548],[0.134504,-0.205716],[0.134603,-0.20607],[0.134594,-0.206342],[0.134694,-0.20666],[0.134504,-0.206687],[0.134195,-0.206851],[0.134213,-0.207123],[0.134313,-0.207504],[0.134458,-0.207876],[0.134467,-0.208566],[0.134449,-0.209119],[0.134376,-0.209637],[0.134268,-0.21],[0.134122,-0.210408],[0.133968,-0.210662],[0.133759,-0.210925],[0.133696,-0.21117],[0.133632,-0.211424],[0.133566,-0.211691],[0.133633,-0.211778]]]]}},{"type":"Feature","id":11,"properties":{"Name":"Bridal Train","Mapttitle":"Dark Ocean","SpecialFeatures":null,"AreaDescription":null,"FirstEvasion":0,"SecondEvasion":3,"FishHarvest":6,"WhaleHarvest":1,"Danger":2},"geometry":{"type":"MultiPolygon","coordinates":[[[[0.134974,-0.225358],[0.141008,-0.214853],[0.14071,-0.214565],[0.140667,-0.214527],[0.140321,-0.214405],[0.140114,-0.2144],[0.13963,-0.214336],[0.139306,-0.214283],[0.13921,-0.21424],[0.13904,-0.214139],[0.138428,-0.213958],[0.138093,-0.213645],[0.137716,-0.21314],[0.137556,-0.212858],[0.137349,-0.212677],[0.137089,-0.212682],[0.137059,-0.212133],[0.137041,-0.212668],[0.133633,-0.211778],[0.133566,-0.211691],[0.133551,-0.211751],[0.133176,-0.212029],[0.132857,-0.212185],[0.132578,-0.212322],[0.132444,-0.212374],[0.132344,-0.21249],[0.132262,-0.212698],[0.132173,-0.212932],[0.132083,-0.213267],[0.132028,-0.213556],[0.131931,-0.213701],[0.131738,-0.213928],[0.131555,-0.214181],[0.131321,-0.214315],[0.131139,-0.214356],[0.131024,-0.214244],[0.130875,-0.214177],[0.130738,-0.214003],[0.130619,-0.213884],[0.130522,-0.213787],[0.130359,-0.213605],[0.12989,-0.213107],[0.129734,-0.213162],[0.1296,-0.213155],[0.129225,-0.213162],[0.129035,-0.21311],[0.128801,-0.213014],[0.128571,-0.21298],[0.128303,-0.213073],[0.128121,-0.213177],[0.127931,-0.213241],[0.127552,-0.213255],[0.127143,-0.213159],[0.126913,-0.213103],[0.126872,-0.212969],[0.126634,-0.212839],[0.12618,-0.212635],[0.125928,-0.212438],[0.125679,-0.212177],[0.12553,-0.211921],[0.125444,-0.21172],[0.125247,-0.211683],[0.125043,-0.21165],[0.124946,-0.211612],[0.124827,-0.211519],[0.124433,-0.211285],[0.123998,-0.211036],[0.123463,-0.210809],[0.123292,-0.210735],[0.122954,-0.210527],[0.122359,-0.210285],[0.122019,-0.210206],[0.121995,-0.210218],[0.121947,-0.21017],[0.121887,-0.210103],[0.121787,-0.210051],[0.121716,-0.210014],[0.121634,-0.209943],[0.121486,-0.209824],[0.121281,-0.209646],[0.121032,-0.209534],[0.12072,-0.209464],[0.120434,-0.209382],[0.120188,-0.209319],[0.119947,-0.209185],[0.119694,-0.209033],[0.119177,-0.208943],[0.119069,-0.209066],[0.119029,-0.209349],[0.118995,-0.209631],[0.119025,-0.209839],[0.11884,-0.20981],[0.11903,-0.209863],[0.119151,-0.210106],[0.119394,-0.210568],[0.119567,-0.211064],[0.119694,-0.211279],[0.119848,-0.211512],[0.120208,-0.211797],[0.12039,-0.211858],[0.120698,-0.211952],[0.120866,-0.212096],[0.120983,-0.212157],[0.121081,-0.212386],[0.121198,-0.212783],[0.121268,-0.213092],[0.121433,-0.212985],[0.121769,-0.212867],[0.122033,-0.212789],[0.122353,-0.212789],[0.122566,-0.213007],[0.122751,-0.213254],[0.122914,-0.213546],[0.12301,-0.21381],[0.123111,-0.214102],[0.123262,-0.214253],[0.123447,-0.214366],[0.123683,-0.214573],[0.123773,-0.214798],[0.12388,-0.21482],[0.124014,-0.214843],[0.1243,-0.214989],[0.124351,-0.215112],[0.124407,-0.215499],[0.124458,-0.215724],[0.124525,-0.215931],[0.124676,-0.21606],[0.12489,-0.216268],[0.125125,-0.216554],[0.125294,-0.216784],[0.12544,-0.216975],[0.125453,-0.217229],[0.125577,-0.217324],[0.125933,-0.217667],[0.126536,-0.217954],[0.12692,-0.218228],[0.127276,-0.218365],[0.127797,-0.218448],[0.128153,-0.218612],[0.128496,-0.21916],[0.128715,-0.219516],[0.128907,-0.219736],[0.129208,-0.22016],[0.129427,-0.220654],[0.129482,-0.220955],[0.129523,-0.221243],[0.129633,-0.22164],[0.129743,-0.221791],[0.130003,-0.2219],[0.13014,-0.222092],[0.130236,-0.222517],[0.130441,-0.222777],[0.130784,-0.222955],[0.131346,-0.223202],[0.131757,-0.223408],[0.131853,-0.223764],[0.132113,-0.224422],[0.132483,-0.224874],[0.132757,-0.225038],[0.133031,-0.225107],[0.133387,-0.225107],[0.133675,-0.225079],[0.134045,-0.225079],[0.134264,-0.225148],[0.134305,-0.225463],[0.134483,-0.225463],[0.134661,-0.225408],[0.134949,-0.225381],[0.134988,-0.225437],[0.134974,-0.225358]]]]}},{"type":"Feature","id":12,"properties":{"Name":"The Flail","Mapttitle":"Dark Ocean","SpecialFeatures":null,"AreaDescription":null,"FirstEvasion":4,"SecondEvasion":6,"FishHarvest":12,"WhaleHarvest":3,"Danger":20},"geometry":{"type":"MultiPolygon","coordinates":[[[[0.158757,-0.2403],[0.158839,-0.240008],[0.159084,-0.239484],[0.159579,-0.238628],[0.159955,-0.238243],[0.160725,-0.237917],[0.161491,-0.237502],[0.161801,-0.237262],[0.162417,-0.236695],[0.162868,-0.236295],[0.163215,-0.23599],[0.163473,-0.235781],[0.163639,-0.235629],[0.164055,-0.235346],[0.164266,-0.235289],[0.164481,-0.235363],[0.164482,-0.235363],[0.164643,-0.235346],[0.164847,-0.235294],[0.165093,-0.235264],[0.165318,-0.235268],[0.165494,-0.235283],[0.165578,-0.235326],[0.165638,-0.235369],[0.165709,-0.235365],[0.165771,-0.23533],[0.165763,-0.235305],[0.165855,-0.235301],[0.165918,-0.23532],[0.165951,-0.235348],[0.166097,-0.235406],[0.166189,-0.235463],[0.16623,-0.235506],[0.166332,-0.235574],[0.166396,-0.235547],[0.166691,-0.23558],[0.166802,-0.235559],[0.166826,-0.235496],[0.166896,-0.235498],[0.166997,-0.235399],[0.167163,-0.235311],[0.167478,-0.235178],[0.167646,-0.235026],[0.167763,-0.234883],[0.168069,-0.234578],[0.168372,-0.234344],[0.168582,-0.234084],[0.16882,-0.233889],[0.168989,-0.2337],[0.16878,-0.232932],[0.167837,-0.231081],[0.166091,-0.229928],[0.160992,-0.226366],[0.158792,-0.222176],[0.156697,-0.218125],[0.15516,-0.209499],[0.151912,-0.207508],[0.149433,-0.203213],[0.148699,-0.201152],[0.145144,-0.199558],[0.142049,-0.204669],[0.141957,-0.204852],[0.142149,-0.204948],[0.142565,-0.205494],[0.142837,-0.206104],[0.142941,-0.206402],[0.143032,-0.206908],[0.142907,-0.206906],[0.143035,-0.206911],[0.14311,-0.207078],[0.14336,-0.207719],[0.143493,-0.207961],[0.143654,-0.208331],[0.143739,-0.208536],[0.143787,-0.208723],[0.143814,-0.209327],[0.14378,-0.20963],[0.143753,-0.210103],[0.143722,-0.21032],[0.143673,-0.210561],[0.143496,-0.211734],[0.14402,-0.211804],[0.145766,-0.212607],[0.146115,-0.213794],[0.147931,-0.219906],[0.151633,-0.227554],[0.153135,-0.232024],[0.154497,-0.236214],[0.156173,-0.238135],[0.158757,-0.2403]]]]}},{"type":"Feature","id":13,"properties":{"Name":"Clansea","Mapttitle":"Dark Ocean","SpecialFeatures":null,"AreaDescription":null,"FirstEvasion":3,"SecondEvasion":1,"FishHarvest":6,"WhaleHarvest":2,"Danger":2},"geometry":{"type":"MultiPolygon","coordinates":[[[[0.176419,-0.224774],[0.176061,-0.22239],[0.17475,-0.217622],[0.174273,-0.212536],[0.17471,-0.206099],[0.173708,-0.20583],[0.16275,-0.203895],[0.155884,-0.200614],[0.147314,-0.196088],[0.151659,-0.188798],[0.145144,-0.199558],[0.148699,-0.201152],[0.149433,-0.203213],[0.151912,-0.207508],[0.15516,-0.209499],[0.156697,-0.218125],[0.158792,-0.222176],[0.160992,-0.226366],[0.166091,-0.229928],[0.167837,-0.231081],[0.16878,-0.232932],[0.168989,-0.2337],[0.16882,-0.233889],[0.168973,-0.233764],[0.169438,-0.233659],[0.169693,-0.233584],[0.170144,-0.233508],[0.170519,-0.233438],[0.170754,-0.233423],[0.170919,-0.233478],[0.170889,-0.233513],[0.170849,-0.233589],[0.170854,-0.233664],[0.170864,-0.233709],[0.170909,-0.233809],[0.170944,-0.233879],[0.170974,-0.233944],[0.171009,-0.234049],[0.171045,-0.234149],[0.17109,-0.234224],[0.17117,-0.234224],[0.17125,-0.234239],[0.1713,-0.234284],[0.17131,-0.234414],[0.171335,-0.234454],[0.171415,-0.234549],[0.171495,-0.234614],[0.17163,-0.23472],[0.17187,-0.23489],[0.171975,-0.23501],[0.172069,-0.235138],[0.17207,-0.235137],[0.17254,-0.235255],[0.172899,-0.235322],[0.173471,-0.235329],[0.173785,-0.235273],[0.174111,-0.235146],[0.174453,-0.23502],[0.174943,-0.234825],[0.175123,-0.234751],[0.175296,-0.234647],[0.175395,-0.234511],[0.175527,-0.234379],[0.175799,-0.234112],[0.175969,-0.233924],[0.176036,-0.23388],[0.176459,-0.233462],[0.176593,-0.233281],[0.176672,-0.233088],[0.176677,-0.232949],[0.176687,-0.232846],[0.176563,-0.232667],[0.176509,-0.232524],[0.176477,-0.232281],[0.176457,-0.232103],[0.176474,-0.232022],[0.176491,-0.231834],[0.176526,-0.231717],[0.176618,-0.231566],[0.17667,-0.231388],[0.176702,-0.231282],[0.176704,-0.231188],[0.176699,-0.231012],[0.176714,-0.23079],[0.176734,-0.230673],[0.176749,-0.230488],[0.176734,-0.230322],[0.176731,-0.230198],[0.176726,-0.230092],[0.176702,-0.229899],[0.176684,-0.229795],[0.176647,-0.229708],[0.176642,-0.22932],[0.176778,-0.229085],[0.176907,-0.228877],[0.177098,-0.228538],[0.17712,-0.228241],[0.177115,-0.228038],[0.17715,-0.227833],[0.17721,-0.227454],[0.177318,-0.227138],[0.177353,-0.226891],[0.177377,-0.226759],[0.177365,-0.22656],[0.177324,-0.226356],[0.17723,-0.22614],[0.177097,-0.225881],[0.176969,-0.225732],[0.176689,-0.225403],[0.176593,-0.225259],[0.176532,-0.225175],[0.176499,-0.225115],[0.176419,-0.224774]]]]}},{"type":"Feature","id":14,"properties":{"Name":"Shining Sea","Mapttitle":"Sea","SpecialFeatures":null,"AreaDescription":null,"FirstEvasion":null,"SecondEvasion":null,"FishHarvest":null,"WhaleHarvest":null,"Danger":null},"geometry":{"type":"MultiPolygon","coordinates":[[[[0.139549,-0.156024],[0.139665,-0.15594],[0.139909,-0.155635],[0.140877,-0.154636],[0.14182,-0.153065],[0.14168,-0.151423],[0.142239,-0.150341],[0.14302,-0.149499],[0.143074,-0.14942],[0.143146,-0.149327],[0.143236,-0.149259],[0.143304,-0.149196],[0.143382,-0.149013],[0.143493,-0.148923],[0.143566,-0.148913],[0.14364,-0.148845],[0.143697,-0.148756],[0.143713,-0.148661],[0.14376,-0.148525],[0.143781,-0.148435],[0.143828,-0.14833],[0.143876,-0.148031],[0.143907,-0.14778],[0.143907,-0.147669],[0.143907,-0.147512],[0.143886,-0.147344],[0.143907,-0.14716],[0.143865,-0.146924],[0.143823,-0.146751],[0.143676,-0.146447],[0.143671,-0.146442],[0.144981,-0.146331],[0.14503,-0.146243],[0.145047,-0.146211],[0.145227,-0.146096],[0.145399,-0.145981],[0.145596,-0.145924],[0.145842,-0.145957],[0.145924,-0.145973],[0.146023,-0.146002],[0.146492,-0.145209],[0.146634,-0.144452],[0.146567,-0.144137],[0.146529,-0.140695],[0.146621,-0.12633],[0.146524,-0.126273],[0.146313,-0.12614],[0.146155,-0.125949],[0.146011,-0.125797],[0.145967,-0.125566],[0.146045,-0.125438],[0.146092,-0.1253],[0.146112,-0.125132],[0.146115,-0.124988],[0.146142,-0.124847],[0.146259,-0.124726],[0.134231,-0.108912],[0.134018,-0.109171],[0.133937,-0.10928],[0.133696,-0.109511],[0.133444,-0.109737],[0.133308,-0.109863],[0.133187,-0.109978],[0.133087,-0.110125],[0.132982,-0.110167],[0.132946,-0.109983],[0.132867,-0.109842],[0.13272,-0.109679],[0.132463,-0.109532],[0.1322,-0.109312],[0.131901,-0.109023],[0.131771,-0.108895],[0.132006,-0.10917],[0.131624,-0.111357],[0.131624,-0.113289],[0.129132,-0.119977],[0.129096,-0.120018],[0.129097,-0.120018],[0.129183,-0.120086],[0.129272,-0.120189],[0.129414,-0.120307],[0.129528,-0.120353],[0.1296,-0.120303],[0.129661,-0.120289],[0.129663,-0.120346],[0.129631,-0.120477],[0.129594,-0.12056],[0.129583,-0.120641],[0.129543,-0.120755],[0.129419,-0.120897],[0.129408,-0.120993],[0.129414,-0.121089],[0.129467,-0.121238],[0.129539,-0.121415],[0.129604,-0.121642],[0.129589,-0.121793],[0.129559,-0.121811],[0.129436,-0.121898],[0.129309,-0.122079],[0.129176,-0.122213],[0.129036,-0.122337],[0.128944,-0.122471],[0.12878,-0.122696],[0.1287,-0.122818],[0.128547,-0.123153],[0.128269,-0.12359],[0.128031,-0.123852],[0.127856,-0.12416],[0.127724,-0.124451],[0.127575,-0.12485],[0.12755,-0.124982],[0.127482,-0.125138],[0.127457,-0.125224],[0.127456,-0.125226],[0.127422,-0.125435],[0.127286,-0.125896],[0.1272,-0.126179],[0.127193,-0.126514],[0.127221,-0.126944],[0.127354,-0.127269],[0.127532,-0.127654],[0.127607,-0.127798],[0.127863,-0.128344],[0.128013,-0.128699],[0.128071,-0.128829],[0.128102,-0.128928],[0.128194,-0.129225],[0.128327,-0.129604],[0.128604,-0.130199],[0.128833,-0.130608],[0.128911,-0.130851],[0.128932,-0.131209],[0.129007,-0.1315],[0.129055,-0.131667],[0.12914,-0.131793],[0.129311,-0.132104],[0.129584,-0.132299],[0.129775,-0.132459],[0.129867,-0.132637],[0.130004,-0.13279],[0.130011,-0.13289],[0.130007,-0.133129],[0.130014,-0.133282],[0.130076,-0.133559],[0.130141,-0.134003],[0.130216,-0.134372],[0.13026,-0.134669],[0.130274,-0.134973],[0.130257,-0.135559],[0.130257,-0.135834],[0.130281,-0.135901],[0.13035,-0.136074],[0.130229,-0.136075],[0.13035,-0.136075],[0.130489,-0.136801],[0.130633,-0.137521],[0.130691,-0.138028],[0.130723,-0.138327],[0.130772,-0.138503],[0.1309,-0.138882],[0.130932,-0.139095],[0.130905,-0.139634],[0.130916,-0.140146],[0.130948,-0.140371],[0.131017,-0.140637],[0.131097,-0.140787],[0.131289,-0.141128],[0.131284,-0.141374],[0.131321,-0.141684],[0.131346,-0.142217],[0.131454,-0.142584],[0.131779,-0.14355],[0.132119,-0.144533],[0.132212,-0.144687],[0.132279,-0.144863],[0.132347,-0.144996],[0.132533,-0.145546],[0.132537,-0.145911],[0.132568,-0.146165],[0.132613,-0.146499],[0.132814,-0.147278],[0.132822,-0.147919],[0.132837,-0.149366],[0.132871,-0.149647],[0.132936,-0.150255],[0.132902,-0.150608],[0.132917,-0.15112],[0.13297,-0.151823],[0.133046,-0.152643],[0.133209,-0.153471],[0.133308,-0.153946],[0.13335,-0.154223],[0.133562,-0.154705],[0.133794,-0.155113],[0.134063,-0.155529],[0.134227,-0.155774],[0.134371,-0.15595],[0.134435,-0.156014],[0.134465,-0.156044],[0.134529,-0.156108],[0.134962,-0.156681],[0.134962,-0.156859],[0.135102,-0.157483],[0.135158,-0.157788],[0.135091,-0.157336],[0.138641,-0.156519],[0.138628,-0.156494],[0.138634,-0.156035],[0.138749,-0.155787],[0.138878,-0.155745],[0.139018,-0.155682],[0.139549,-0.156024]]]]}},{"type":"Feature","id":15,"properties":{"Name":"Calmwaters","Mapttitle":"Sea","SpecialFeatures":null,"AreaDescription":null,"FirstEvasion":0,"SecondEvasion":1,"FishHarvest":9,"WhaleHarvest":1,"Danger":0},"geometry":{"type":"MultiPolygon","coordinates":[[[[0.159813,-0.165361],[0.160491,-0.164253],[0.160894,-0.162688],[0.161673,-0.159628],[0.161628,-0.159613],[0.161598,-0.159593],[0.161585,-0.159463],[0.16154,-0.159373],[0.161404,-0.15923],[0.161294,-0.159114],[0.161171,-0.159049],[0.161022,-0.158939],[0.160893,-0.158661],[0.160783,-0.158487],[0.160731,-0.158299],[0.160738,-0.158144],[0.160764,-0.158002],[0.160738,-0.157911],[0.160679,-0.157762],[0.160621,-0.157639],[0.16055,-0.157581],[0.160421,-0.157445],[0.16035,-0.157322],[0.160311,-0.157219],[0.16024,-0.157018],[0.160272,-0.15685],[0.157046,-0.155509],[0.152576,-0.153658],[0.149414,-0.151959],[0.148059,-0.151592],[0.147802,-0.151647],[0.147711,-0.151712],[0.147531,-0.151655],[0.147441,-0.151524],[0.147343,-0.151384],[0.147138,-0.150835],[0.147047,-0.150507],[0.146965,-0.150253],[0.146851,-0.150081],[0.146703,-0.149982],[0.146391,-0.150081],[0.146252,-0.150073],[0.146055,-0.150056],[0.145834,-0.150032],[0.145703,-0.14995],[0.145449,-0.149827],[0.145334,-0.149728],[0.145227,-0.149589],[0.145088,-0.149392],[0.145014,-0.149031],[0.144948,-0.148818],[0.144784,-0.148662],[0.144547,-0.148416],[0.144473,-0.148088],[0.14444,-0.147449],[0.144465,-0.147047],[0.144563,-0.146982],[0.144694,-0.146932],[0.144809,-0.146875],[0.144891,-0.146736],[0.144899,-0.146637],[0.144924,-0.14644],[0.14503,-0.146243],[0.144981,-0.146331],[0.143671,-0.146442],[0.143676,-0.146447],[0.143823,-0.146751],[0.143865,-0.146924],[0.143907,-0.14716],[0.143886,-0.147344],[0.143907,-0.147512],[0.143907,-0.147669],[0.143907,-0.14778],[0.143876,-0.148031],[0.143828,-0.14833],[0.143781,-0.148435],[0.14376,-0.148525],[0.143713,-0.148661],[0.143697,-0.148756],[0.14364,-0.148845],[0.143566,-0.148913],[0.143493,-0.148923],[0.143382,-0.149013],[0.143304,-0.149196],[0.143236,-0.149259],[0.143146,-0.149327],[0.143074,-0.14942],[0.14302,-0.149499],[0.142239,-0.150341],[0.14168,-0.151423],[0.14182,-0.153065],[0.140877,-0.154636],[0.139909,-0.155635],[0.139665,-0.15594],[0.139549,-0.156024],[0.139549,-0.156024],[0.139555,-0.156031],[0.139566,-0.156044],[0.139704,-0.156197],[0.139781,-0.156283],[0.139931,-0.156368],[0.140193,-0.156362],[0.140518,-0.156351],[0.140708,-0.156392],[0.140896,-0.156544],[0.141112,-0.156582],[0.141268,-0.156618],[0.141402,-0.156934],[0.141588,-0.157285],[0.141599,-0.15756],[0.141573,-0.158005],[0.141507,-0.158423],[0.141441,-0.15856],[0.142833,-0.160257],[0.14294,-0.160208],[0.143309,-0.160242],[0.143497,-0.160296],[0.143762,-0.160493],[0.143909,-0.160623],[0.14411,-0.160661],[0.144504,-0.160909],[0.144781,-0.161043],[0.145121,-0.161068],[0.145465,-0.161093],[0.145926,-0.161022],[0.14645,-0.161047],[0.146815,-0.161081],[0.147298,-0.160938],[0.149294,-0.160625],[0.149288,-0.16059],[0.149657,-0.160475],[0.150308,-0.160135],[0.151598,-0.159455],[0.15199,-0.159115],[0.152583,-0.158902],[0.15275,-0.158919],[0.152814,-0.159075],[0.152894,-0.159282],[0.153021,-0.159432],[0.153153,-0.159518],[0.153557,-0.159691],[0.153931,-0.159778],[0.154605,-0.160083],[0.155602,-0.1604],[0.156206,-0.160728],[0.156399,-0.160935],[0.156498,-0.160931],[0.156767,-0.16103],[0.157003,-0.161324],[0.157375,-0.161726],[0.157678,-0.162276],[0.157843,-0.162715],[0.157909,-0.163564],[0.158162,-0.164127],[0.158294,-0.164404],[0.158406,-0.164632],[0.158626,-0.164743],[0.158721,-0.164723],[0.158911,-0.164723],[0.159052,-0.164834],[0.159155,-0.164975],[0.159234,-0.165099],[0.159317,-0.165219],[0.159549,-0.165315],[0.159681,-0.165377],[0.159765,-0.165375],[0.159813,-0.165361]]]]}},{"type":"Feature","id":16,"properties":{"Name":"Forbidden Waters","Mapttitle":"Sea","SpecialFeatures":"Sailing through this region is punishable by death. Crews will refuse to sail through here unless led directly by a Hero. Any Hero caught traversing the region will immediately receive a Black Mark, and his faction will receive 2 Threat.","AreaDescription":null,"FirstEvasion":1,"SecondEvasion":-2,"FishHarvest":null,"WhaleHarvest":0,"Danger":0},"geometry":{"type":"MultiPolygon","coordinates":[[[[0.161079,-0.156387],[0.162062,-0.148256],[0.162716,-0.144382],[0.163589,-0.140781],[0.164899,-0.138162],[0.166372,-0.136033],[0.166423,-0.135196],[0.166336,-0.13492],[0.166285,-0.134791],[0.166129,-0.134322],[0.166009,-0.134037],[0.165669,-0.133642],[0.165375,-0.133476],[0.165126,-0.133366],[0.165094,-0.133293],[0.165048,-0.133143],[0.164986,-0.13296],[0.164892,-0.1327],[0.164805,-0.132464],[0.164745,-0.13229],[0.164704,-0.132124],[0.164682,-0.13195],[0.146917,-0.126376],[0.146886,-0.126374],[0.146622,-0.126335],[0.146621,-0.126334],[0.146529,-0.140695],[0.146567,-0.144137],[0.146634,-0.144452],[0.146492,-0.145209],[0.146023,-0.146002],[0.146145,-0.146039],[0.146236,-0.14617],[0.146285,-0.146285],[0.146367,-0.146547],[0.146383,-0.146555],[0.146367,-0.146949],[0.146334,-0.147269],[0.146367,-0.147605],[0.1464,-0.147842],[0.146375,-0.147957],[0.146408,-0.148121],[0.146473,-0.148252],[0.146523,-0.148359],[0.146588,-0.148441],[0.146678,-0.148523],[0.146933,-0.148621],[0.147056,-0.148777],[0.147138,-0.148917],[0.147228,-0.149204],[0.147408,-0.149548],[0.14749,-0.149769],[0.147613,-0.150187],[0.147646,-0.150269],[0.147629,-0.150458],[0.147621,-0.150597],[0.147662,-0.150917],[0.147638,-0.151024],[0.147703,-0.151352],[0.147695,-0.151524],[0.147802,-0.151647],[0.148059,-0.151592],[0.149414,-0.151959],[0.152576,-0.153658],[0.157046,-0.155509],[0.160272,-0.15685],[0.160395,-0.156844],[0.160518,-0.156831],[0.160686,-0.156702],[0.160789,-0.156617],[0.160887,-0.156574],[0.161079,-0.156387]]]]}},{"type":"Feature","id":17,"properties":{"Name":"King's Sea","Mapttitle":"Sea","SpecialFeatures":null,"AreaDescription":null,"FirstEvasion":2,"SecondEvasion":-1,"FishHarvest":18,"WhaleHarvest":0,"Danger":0},"geometry":{"type":"MultiPolygon","coordinates":[[[[0.167688,-0.131036],[0.177285,-0.114339],[0.177278,-0.114295],[0.177267,-0.114253],[0.177253,-0.11418],[0.177067,-0.113912],[0.177016,-0.113828],[0.176985,-0.113748],[0.176946,-0.113683],[0.176911,-0.113565],[0.176887,-0.113434],[0.176895,-0.113344],[0.176905,-0.113254],[0.176934,-0.113201],[0.176936,-0.113098],[0.176944,-0.112992],[0.176934,-0.112929],[0.176911,-0.112855],[0.17687,-0.112796],[0.176846,-0.112714],[0.176827,-0.112659],[0.176801,-0.112602],[0.176783,-0.112504],[0.176764,-0.112401],[0.176762,-0.112185],[0.176768,-0.112103],[0.176807,-0.11205],[0.176879,-0.112005],[0.176924,-0.111942],[0.175156,-0.109867],[0.174429,-0.107972],[0.17431,-0.105494],[0.174989,-0.103528],[0.176836,-0.101371],[0.178684,-0.097284],[0.180459,-0.096091],[0.183462,-0.093917],[0.183465,-0.093791],[0.183541,-0.093304],[0.183579,-0.092787],[0.183541,-0.092354],[0.183456,-0.091836],[0.183475,-0.091403],[0.183559,-0.091252],[0.178005,-0.089626],[0.177925,-0.089678],[0.177723,-0.089726],[0.177324,-0.089765],[0.177021,-0.089771],[0.176785,-0.089726],[0.176605,-0.089586],[0.176532,-0.089501],[0.17642,-0.089457],[0.176246,-0.089496],[0.176133,-0.089541],[0.17601,-0.089563],[0.175875,-0.089558],[0.17583,-0.089496],[0.172412,-0.089855],[0.170196,-0.089818],[0.168688,-0.089185],[0.167478,-0.089055],[0.164722,-0.088049],[0.164018,-0.088487],[0.163131,-0.089156],[0.153949,-0.092447],[0.13435,-0.095453],[0.132025,-0.096227],[0.131928,-0.09602],[0.132031,-0.096299],[0.132163,-0.096481],[0.132322,-0.096618],[0.132471,-0.096706],[0.132559,-0.096762],[0.132619,-0.096894],[0.132586,-0.096993],[0.132548,-0.097103],[0.132471,-0.097317],[0.132361,-0.097543],[0.1323,-0.097658],[0.132298,-0.097663],[0.132303,-0.097675],[0.132416,-0.097982],[0.133127,-0.099921],[0.133483,-0.099899],[0.133924,-0.099924],[0.134103,-0.100039],[0.134449,-0.100244],[0.134795,-0.100565],[0.135013,-0.100987],[0.135333,-0.10159],[0.135423,-0.101846],[0.135564,-0.102051],[0.135615,-0.10214],[0.135611,-0.102141],[0.135632,-0.102212],[0.135742,-0.102333],[0.135758,-0.102543],[0.13579,-0.102826],[0.135832,-0.103094],[0.135742,-0.10355],[0.135685,-0.10398],[0.135475,-0.104154],[0.135344,-0.104495],[0.135275,-0.104883],[0.13517,-0.105088],[0.135018,-0.105303],[0.134798,-0.105555],[0.134798,-0.106027],[0.134787,-0.106788],[0.134772,-0.107375],[0.134698,-0.107905],[0.134562,-0.108136],[0.134315,-0.108603],[0.134184,-0.10895],[0.134018,-0.109171],[0.134231,-0.108912],[0.146259,-0.124726],[0.14637,-0.124729],[0.146444,-0.124756],[0.146508,-0.124793],[0.146646,-0.12485],[0.146693,-0.124928],[0.146706,-0.125089],[0.146726,-0.125213],[0.146746,-0.12531],[0.146827,-0.125522],[0.146911,-0.125683],[0.146958,-0.125985],[0.146918,-0.126376],[0.164682,-0.13195],[0.164805,-0.131902],[0.165007,-0.131921],[0.165263,-0.131921],[0.16547,-0.131905],[0.165757,-0.13183],[0.166078,-0.131704],[0.166437,-0.131603],[0.166748,-0.131485],[0.167003,-0.13134],[0.167079,-0.131289],[0.167688,-0.131036]]]]}},{"type":"Feature","id":18,"properties":{"Name":"Grey Passage","Mapttitle":"Sea","SpecialFeatures":null,"AreaDescription":null,"FirstEvasion":-2,"SecondEvasion":1,"FishHarvest":6,"WhaleHarvest":0,"Danger":5},"geometry":{"type":"MultiPolygon","coordinates":[[[[0.169504,-0.089527],[0.169603,-0.089569],[0.170196,-0.089818],[0.172412,-0.089855],[0.17583,-0.089496],[0.1758,-0.089456],[0.175768,-0.089384],[0.175771,-0.089316],[0.175847,-0.089111],[0.175872,-0.088982],[0.175883,-0.088885],[0.175966,-0.08873],[0.175969,-0.088655],[0.176012,-0.088579],[0.176116,-0.088507],[0.176246,-0.0884],[0.176314,-0.088274],[0.176235,-0.088256],[0.176214,-0.088216],[0.176224,-0.088166],[0.176242,-0.088076],[0.176278,-0.088022],[0.1763,-0.087947],[0.176293,-0.087925],[0.176311,-0.087821],[0.176354,-0.087774],[0.176415,-0.087749],[0.176465,-0.087706],[0.176487,-0.087634],[0.176501,-0.087555],[0.176569,-0.087501],[0.176681,-0.087411],[0.17671,-0.087332],[0.176742,-0.087228],[0.176753,-0.087142],[0.17676,-0.087048],[0.176814,-0.086922],[0.176864,-0.086851],[0.176925,-0.086725],[0.176918,-0.086603],[0.176961,-0.086541],[0.176986,-0.086448],[0.176993,-0.086257],[0.177001,-0.086164],[0.177069,-0.086099],[0.177213,-0.08602],[0.177439,-0.085887],[0.177622,-0.085751],[0.177702,-0.085668],[0.177817,-0.085567],[0.177957,-0.085424],[0.178029,-0.085262],[0.178054,-0.085165],[0.178158,-0.08496],[0.17818,-0.084902],[0.178262,-0.084787],[0.178327,-0.084716],[0.178449,-0.084615],[0.178489,-0.084529],[0.178557,-0.084374],[0.178589,-0.084209],[0.178568,-0.084087],[0.178625,-0.083993],[0.178711,-0.083939],[0.178859,-0.083831],[0.178888,-0.083742],[0.178888,-0.083645],[0.178924,-0.083587],[0.178995,-0.083497],[0.179031,-0.08335],[0.179096,-0.083239],[0.179105,-0.08316],[0.179105,-0.083037],[0.179184,-0.082967],[0.179333,-0.082844],[0.179447,-0.082625],[0.179491,-0.082484],[0.179544,-0.082256],[0.179649,-0.082063],[0.179719,-0.081879],[0.179719,-0.081721],[0.179702,-0.081431],[0.179719,-0.081142],[0.179737,-0.080905],[0.179737,-0.080747],[0.179719,-0.080563],[0.179684,-0.080457],[0.17964,-0.080168],[0.179553,-0.079948],[0.179601,-0.079828],[0.179456,-0.079766],[0.179346,-0.079449],[0.179147,-0.079207],[0.178883,-0.079023],[0.17861,-0.078971],[0.178257,-0.07903],[0.177926,-0.079089],[0.177456,-0.079111],[0.17722,-0.079111],[0.176992,-0.078942],[0.17675,-0.078765],[0.176544,-0.078743],[0.176308,-0.078824],[0.176161,-0.078758],[0.175896,-0.07867],[0.175492,-0.078736],[0.175109,-0.078618],[0.1748,-0.07853],[0.174506,-0.078611],[0.174065,-0.078464],[0.173957,-0.078452],[0.173836,-0.078389],[0.173726,-0.078323],[0.173651,-0.078302],[0.173526,-0.078274],[0.173393,-0.078225],[0.173289,-0.078177],[0.173164,-0.078084],[0.173095,-0.07807],[0.172932,-0.077985],[0.172828,-0.077962],[0.172722,-0.078011],[0.172644,-0.078065],[0.172567,-0.078069],[0.172482,-0.078076],[0.172387,-0.07817],[0.172168,-0.077938],[0.172006,-0.077919],[0.171854,-0.077905],[0.171795,-0.077885],[0.171777,-0.077854],[0.171777,-0.07788],[0.171682,-0.077861],[0.171581,-0.077844],[0.171384,-0.07783],[0.171146,-0.077864],[0.170975,-0.077896],[0.170848,-0.077871],[0.170699,-0.077806],[0.170569,-0.077754],[0.170389,-0.077749],[0.170221,-0.077768],[0.170083,-0.07776],[0.170018,-0.077754],[0.169932,-0.07775],[0.169822,-0.077754],[0.169599,-0.077813],[0.169515,-0.077834],[0.169845,-0.077866],[0.169336,-0.080841],[0.168345,-0.084121],[0.166361,-0.086715],[0.164018,-0.088487],[0.164722,-0.088049],[0.167478,-0.089055],[0.168688,-0.089185],[0.168742,-0.089208],[0.168984,-0.089309],[0.169504,-0.089527]]]]}},{"type":"Feature","id":19,"properties":{"Name":"Fuming Sea","Mapttitle":"Dark Ocean","SpecialFeatures":null,"AreaDescription":null,"FirstEvasion":2,"SecondEvasion":2,"FishHarvest":6,"WhaleHarvest":0,"Danger":5},"geometry":{"type":"MultiPolygon","coordinates":[[[[0.189149,-0.119116],[0.192611,-0.118315],[0.192349,-0.117981],[0.192136,-0.117784],[0.191999,-0.11755],[0.191928,-0.117398],[0.191779,-0.117236],[0.191551,-0.116736],[0.191389,-0.116325],[0.19128,-0.116023],[0.191198,-0.115801],[0.191107,-0.11564],[0.191038,-0.115362],[0.190878,-0.115076],[0.190798,-0.114989],[0.190779,-0.11479],[0.190722,-0.114625],[0.190588,-0.114211],[0.190491,-0.113899],[0.190474,-0.113723],[0.190411,-0.113498],[0.190358,-0.113268],[0.190346,-0.113024],[0.190337,-0.112848],[0.19038,-0.112509],[0.19048,-0.112292],[0.190607,-0.111985],[0.190655,-0.111846],[0.190788,-0.111817],[0.190846,-0.111793],[0.190698,-0.111828],[0.190728,-0.111681],[0.19091,-0.111309],[0.191025,-0.11111],[0.191088,-0.111013],[0.191103,-0.110897],[0.191133,-0.110748],[0.19123,-0.110464],[0.191331,-0.110304],[0.191389,-0.110144],[0.191404,-0.109965],[0.191379,-0.109793],[0.191309,-0.109569],[0.191234,-0.109332],[0.191124,-0.109117],[0.190985,-0.108879],[0.190874,-0.108684],[0.190792,-0.108532],[0.190754,-0.108391],[0.190664,-0.108217],[0.190651,-0.10813],[0.190649,-0.108036],[0.190674,-0.107924],[0.190724,-0.107787],[0.190748,-0.107632],[0.190714,-0.107318],[0.190583,-0.107142],[0.190462,-0.106969],[0.190396,-0.106826],[0.190344,-0.106767],[0.19034,-0.106624],[0.190337,-0.106403],[0.190358,-0.10623],[0.190394,-0.106155],[0.190438,-0.106117],[0.19048,-0.106119],[0.190573,-0.106123],[0.190653,-0.106142],[0.190691,-0.106169],[0.190762,-0.106174],[0.190836,-0.106174],[0.190889,-0.106188],[0.190996,-0.106243],[0.191051,-0.106283],[0.191126,-0.106392],[0.191149,-0.106449],[0.191234,-0.106595],[0.191361,-0.106716],[0.191408,-0.106776],[0.191385,-0.106981],[0.191394,-0.107154],[0.19142,-0.107196],[0.191534,-0.107178],[0.191641,-0.10713],[0.191802,-0.107079],[0.192034,-0.106972],[0.192165,-0.106877],[0.192269,-0.10682],[0.192439,-0.106681],[0.19247,-0.10666],[0.19235,-0.106477],[0.192237,-0.106304],[0.192246,-0.105849],[0.192154,-0.105466],[0.192035,-0.105236],[0.191881,-0.105127],[0.191706,-0.104919],[0.191581,-0.104475],[0.19157,-0.10408],[0.191503,-0.10379],[0.191431,-0.103555],[0.191228,-0.103399],[0.191066,-0.103175],[0.191052,-0.103185],[0.190916,-0.103157],[0.190777,-0.103076],[0.190659,-0.102781],[0.190479,-0.102497],[0.190079,-0.10206],[0.189903,-0.10186],[0.189872,-0.101619],[0.189957,-0.101501],[0.190028,-0.101396],[0.190089,-0.10128],[0.190093,-0.10103],[0.190072,-0.100887],[0.190079,-0.10062],[0.190042,-0.100477],[0.189812,-0.100291],[0.18954,-0.099885],[0.189412,-0.099691],[0.18929,-0.099603],[0.18907,-0.099607],[0.1889,-0.099651],[0.188771,-0.099593],[0.188687,-0.099586],[0.188534,-0.099454],[0.188338,-0.099298],[0.188128,-0.09919],[0.187985,-0.099109],[0.187941,-0.099014],[0.187914,-0.098899],[0.187782,-0.098824],[0.184176,-0.09894],[0.18411,-0.09899],[0.184066,-0.099047],[0.184054,-0.098872],[0.184156,-0.098704],[0.184252,-0.098493],[0.184331,-0.098288],[0.184403,-0.098174],[0.184505,-0.09789],[0.184529,-0.097493],[0.184548,-0.097192],[0.184493,-0.096993],[0.184283,-0.096686],[0.184156,-0.096469],[0.184024,-0.09627],[0.184024,-0.096144],[0.183963,-0.095836],[0.183903,-0.095644],[0.183855,-0.095547],[0.183746,-0.095361],[0.183626,-0.09518],[0.183566,-0.094921],[0.18356,-0.094674],[0.183493,-0.094517],[0.18346,-0.093919],[0.180459,-0.096091],[0.178684,-0.097284],[0.176836,-0.101371],[0.174989,-0.103528],[0.17431,-0.105494],[0.174429,-0.107972],[0.175156,-0.109867],[0.176924,-0.111942],[0.177028,-0.111876],[0.177183,-0.111809],[0.177296,-0.111786],[0.177383,-0.111782],[0.177449,-0.111811],[0.177514,-0.111852],[0.177606,-0.111854],[0.177721,-0.111862],[0.177786,-0.111866],[0.177958,-0.111784],[0.178148,-0.111719],[0.178177,-0.111688],[0.178469,-0.111629],[0.178708,-0.111682],[0.17897,-0.111825],[0.179111,-0.111882],[0.179252,-0.111931],[0.179358,-0.112011],[0.179415,-0.112117],[0.179511,-0.112279],[0.179562,-0.112393],[0.17963,-0.112489],[0.179761,-0.112545],[0.180035,-0.112598],[0.180235,-0.112659],[0.180386,-0.112755],[0.180719,-0.112923],[0.180775,-0.112984],[0.180936,-0.113133],[0.181091,-0.113282],[0.181169,-0.113344],[0.181296,-0.113317],[0.181469,-0.113254],[0.181557,-0.11319],[0.18166,-0.113025],[0.181743,-0.112945],[0.181797,-0.1129],[0.181962,-0.112812],[0.182109,-0.112743],[0.182173,-0.112728],[0.182242,-0.112675],[0.182316,-0.112563],[0.182434,-0.11242],[0.182492,-0.112215],[0.182514,-0.112091],[0.182557,-0.111956],[0.182608,-0.111866],[0.182698,-0.111817],[0.182737,-0.11186],[0.182749,-0.111987],[0.182776,-0.112107],[0.1829,-0.112262],[0.182984,-0.112309],[0.183144,-0.112432],[0.183248,-0.112596],[0.183252,-0.112808],[0.183305,-0.113019],[0.183497,-0.113252],[0.183624,-0.113303],[0.183808,-0.113344],[0.184407,-0.113329],[0.184588,-0.113322],[0.184752,-0.113315],[0.184858,-0.113299],[0.18501,-0.113289],[0.185165,-0.113272],[0.185273,-0.113254],[0.18538,-0.113231],[0.185519,-0.11317],[0.185611,-0.113094],[0.185772,-0.113029],[0.185911,-0.11298],[0.186013,-0.112935],[0.186171,-0.112886],[0.186381,-0.112808],[0.186537,-0.112767],[0.186649,-0.112745],[0.186841,-0.112675],[0.18696,-0.112606],[0.187082,-0.112532],[0.187213,-0.112473],[0.187369,-0.112418],[0.187524,-0.112365],[0.18763,-0.112328],[0.187743,-0.112262],[0.187806,-0.112183],[0.18788,-0.112054],[0.187955,-0.111978],[0.188129,-0.111872],[0.188213,-0.111813],[0.188286,-0.11178],[0.188325,-0.111741],[0.18838,-0.111709],[0.188436,-0.111678],[0.188507,-0.111637],[0.188523,-0.111621],[0.188585,-0.111594],[0.188671,-0.11159],[0.18864,-0.111631],[0.188589,-0.111649],[0.188552,-0.111817],[0.188523,-0.111921],[0.188513,-0.112019],[0.188573,-0.11223],[0.188628,-0.112508],[0.188562,-0.112679],[0.188405,-0.112829],[0.188068,-0.113237],[0.1879,-0.113665],[0.187843,-0.114102],[0.187873,-0.114705],[0.187795,-0.114856],[0.187893,-0.114955],[0.187934,-0.115346],[0.187955,-0.115969],[0.187838,-0.116483],[0.187784,-0.116668],[0.187727,-0.116664],[0.187845,-0.116738],[0.187941,-0.116883],[0.188068,-0.11733],[0.188182,-0.117585],[0.188279,-0.117896],[0.188349,-0.118067],[0.188481,-0.118221],[0.188612,-0.11839],[0.189149,-0.119116]]]]}},{"type":"Feature","id":20,"properties":{"Name":"Choking Sea","Mapttitle":"Dark Ocean","SpecialFeatures":null,"AreaDescription":null,"FirstEvasion":2,"SecondEvasion":2,"FishHarvest":6,"WhaleHarvest":0,"Danger":5},"geometry":{"type":"MultiPolygon","coordinates":[[[[0.17717,-0.142231],[0.177496,-0.141224],[0.177513,-0.141184],[0.177629,-0.14074],[0.177797,-0.140279],[0.177803,-0.140279],[0.177674,-0.139921],[0.177732,-0.139449],[0.177829,-0.139042],[0.177984,-0.138616],[0.178165,-0.138125],[0.17832,-0.137821],[0.178494,-0.137491],[0.178684,-0.136935],[0.179017,-0.136329],[0.17931,-0.136037],[0.179623,-0.135694],[0.179901,-0.135256],[0.179963,-0.135206],[0.180008,-0.135091],[0.180107,-0.134962],[0.18014,-0.134876],[0.180198,-0.134752],[0.180268,-0.134603],[0.180318,-0.134512],[0.180347,-0.1344],[0.180339,-0.13421],[0.180318,-0.134061],[0.18031,-0.133908],[0.180302,-0.13383],[0.180293,-0.133784],[0.180285,-0.133697],[0.180297,-0.133627],[0.180322,-0.133495],[0.180339,-0.133424],[0.180351,-0.133358],[0.180446,-0.133276],[0.180579,-0.133156],[0.180636,-0.133123],[0.18069,-0.133085],[0.180773,-0.133028],[0.180851,-0.132937],[0.180856,-0.132916],[0.180959,-0.132755],[0.181024,-0.132622],[0.181058,-0.132594],[0.181099,-0.132543],[0.181148,-0.132495],[0.181158,-0.132434],[0.18116,-0.132404],[0.181163,-0.13236],[0.181187,-0.132284],[0.181207,-0.132213],[0.181212,-0.132192],[0.181221,-0.132136],[0.181222,-0.132084],[0.181227,-0.132052],[0.181233,-0.132023],[0.181265,-0.131925],[0.181285,-0.131892],[0.181305,-0.131855],[0.181344,-0.131759],[0.181354,-0.131698],[0.181388,-0.131635],[0.181481,-0.131542],[0.181585,-0.131356],[0.181598,-0.131317],[0.181614,-0.131266],[0.18163,-0.131191],[0.181636,-0.13112],[0.181646,-0.131042],[0.181663,-0.13097],[0.181695,-0.130885],[0.181793,-0.130765],[0.181927,-0.130621],[0.182074,-0.130465],[0.182304,-0.130245],[0.182466,-0.130124],[0.182534,-0.130041],[0.182626,-0.129966],[0.182717,-0.129883],[0.182762,-0.129876],[0.182801,-0.129854],[0.182873,-0.129761],[0.182995,-0.129661],[0.183105,-0.129586],[0.183194,-0.129509],[0.183282,-0.12946],[0.183388,-0.129341],[0.183554,-0.129257],[0.183705,-0.12916],[0.183773,-0.129173],[0.183705,-0.129157],[0.183868,-0.128967],[0.184321,-0.128786],[0.184592,-0.128578],[0.184828,-0.128306],[0.184982,-0.12817],[0.185163,-0.127699],[0.18538,-0.127464],[0.185589,-0.126993],[0.185725,-0.126811],[0.18615,-0.126503],[0.186522,-0.126232],[0.187011,-0.126096],[0.187328,-0.125851],[0.187726,-0.125598],[0.187816,-0.125498],[0.187869,-0.125423],[0.18585,-0.122188],[0.185814,-0.122233],[0.185668,-0.122364],[0.185591,-0.122508],[0.185541,-0.122619],[0.185465,-0.122707],[0.185384,-0.122795],[0.185291,-0.122989],[0.185086,-0.123212],[0.184944,-0.123377],[0.184824,-0.123543],[0.184745,-0.123668],[0.18444,-0.124018],[0.184314,-0.124184],[0.184067,-0.124414],[0.183972,-0.124566],[0.183879,-0.124658],[0.183798,-0.124788],[0.183618,-0.12495],[0.183388,-0.125228],[0.18332,-0.125248],[0.183357,-0.12515],[0.183407,-0.125065],[0.183475,-0.124995],[0.183573,-0.124849],[0.183654,-0.124748],[0.183716,-0.124664],[0.183772,-0.124546],[0.183823,-0.124465],[0.183896,-0.124316],[0.183913,-0.124246],[0.183879,-0.124159],[0.183843,-0.124111],[0.183814,-0.124032],[0.183795,-0.123872],[0.183789,-0.123777],[0.183747,-0.123693],[0.183741,-0.123659],[0.183688,-0.123533],[0.183671,-0.123429],[0.183668,-0.123303],[0.183685,-0.123185],[0.18368,-0.123109],[0.18364,-0.123019],[0.18359,-0.12291],[0.183551,-0.122809],[0.183576,-0.122592],[0.183567,-0.122458],[0.183503,-0.122345],[0.183346,-0.122275],[0.183219,-0.122163],[0.182793,-0.121818],[0.182666,-0.121691],[0.182518,-0.121638],[0.182436,-0.121534],[0.182349,-0.121394],[0.182271,-0.121293],[0.182181,-0.121172],[0.182139,-0.121082],[0.181878,-0.120757],[0.181855,-0.120658],[0.181847,-0.120515],[0.181886,-0.120386],[0.181948,-0.12024],[0.182009,-0.120119],[0.182068,-0.119968],[0.182085,-0.11978],[0.182054,-0.119392],[0.18199,-0.119193],[0.181892,-0.118938],[0.181718,-0.118691],[0.181577,-0.118595],[0.181529,-0.118512],[0.181484,-0.118517],[0.181216,-0.118274],[0.181065,-0.118096],[0.180572,-0.117665],[0.180333,-0.117499],[0.179742,-0.117164],[0.17964,-0.117074],[0.179522,-0.116929],[0.179186,-0.116422],[0.179129,-0.116324],[0.178933,-0.115889],[0.178876,-0.115799],[0.178653,-0.115602],[0.17816,-0.115038],[0.178107,-0.114981],[0.177817,-0.114768],[0.177461,-0.114509],[0.1774,-0.114454],[0.177345,-0.114415],[0.177312,-0.114376],[0.177285,-0.114325],[0.177278,-0.114295],[0.177285,-0.114339],[0.167688,-0.131036],[0.167616,-0.131066],[0.167688,-0.131054],[0.167876,-0.131143],[0.168013,-0.131314],[0.168167,-0.131548],[0.168293,-0.131883],[0.168406,-0.13217],[0.168493,-0.132587],[0.168642,-0.132635],[0.168898,-0.132772],[0.169047,-0.133008],[0.1693,-0.133242],[0.169662,-0.133531],[0.169763,-0.133625],[0.169831,-0.133742],[0.169903,-0.133889],[0.16991,-0.134021],[0.169944,-0.134311],[0.170008,-0.13451],[0.170053,-0.134699],[0.170084,-0.134857],[0.170151,-0.135158],[0.170144,-0.135313],[0.170072,-0.135467],[0.170069,-0.135365],[0.169861,-0.135136],[0.169763,-0.135068],[0.16959,-0.13506],[0.169492,-0.135023],[0.169409,-0.134974],[0.16918,-0.134891],[0.169071,-0.134911],[0.168777,-0.134856],[0.168482,-0.134975],[0.168133,-0.135178],[0.167866,-0.135315],[0.167379,-0.135481],[0.166984,-0.135518],[0.166441,-0.135187],[0.166336,-0.13492],[0.166423,-0.135196],[0.166372,-0.136033],[0.164899,-0.138162],[0.163589,-0.140781],[0.162993,-0.143241],[0.162598,-0.145052],[0.17717,-0.142231]]]]}},{"type":"Feature","id":21,"properties":{"Name":"Windwhipped","Mapttitle":"Dark Ocean","SpecialFeatures":null,"AreaDescription":null,"FirstEvasion":1,"SecondEvasion":3,"FishHarvest":6,"WhaleHarvest":1,"Danger":8},"geometry":{"type":"MultiPolygon","coordinates":[[[[0.16158,-0.170823],[0.16419,-0.174258],[0.178069,-0.183783],[0.185597,-0.190168],[0.185709,-0.190123],[0.18595,-0.190149],[0.186133,-0.190253],[0.186284,-0.190468],[0.18636,-0.190662],[0.186482,-0.190892],[0.186665,-0.191136],[0.186787,-0.191251],[0.186913,-0.191287],[0.187143,-0.191312],[0.187229,-0.191388],[0.18729,-0.191528],[0.187354,-0.191582],[0.187423,-0.191618],[0.187505,-0.191675],[0.187613,-0.191733],[0.187689,-0.191815],[0.187721,-0.191848],[0.187915,-0.191848],[0.18812,-0.191801],[0.18827,-0.191682],[0.188393,-0.191571],[0.188486,-0.191513],[0.188583,-0.191362],[0.188788,-0.191319],[0.191948,-0.1885],[0.195395,-0.181969],[0.196146,-0.17623],[0.193879,-0.176416],[0.189012,-0.174967],[0.184197,-0.172477],[0.184179,-0.172459],[0.184098,-0.172263],[0.183934,-0.171739],[0.183676,-0.171272],[0.183168,-0.170715],[0.18288,-0.170404],[0.182755,-0.170315],[0.18265,-0.170169],[0.182594,-0.170082],[0.182566,-0.169617],[0.182428,-0.169367],[0.182244,-0.169168],[0.182009,-0.169028],[0.181669,-0.168767],[0.181412,-0.168566],[0.181195,-0.16819],[0.181169,-0.168055],[0.181131,-0.167792],[0.180998,-0.167485],[0.180944,-0.167271],[0.180893,-0.167146],[0.180906,-0.166972],[0.180868,-0.166707],[0.180832,-0.166618],[0.180644,-0.166222],[0.167485,-0.170301],[0.16158,-0.170823]]]]}},{"type":"Feature","id":22,"properties":{"Name":"Dying Grounds","Mapttitle":"Dark Ocean","SpecialFeatures":null,"AreaDescription":null,"FirstEvasion":3,"SecondEvasion":1,"FishHarvest":9,"WhaleHarvest":6,"Danger":5},"geometry":{"type":"MultiPolygon","coordinates":[[[[0.174712,-0.206094],[0.175213,-0.204125],[0.177477,-0.201918],[0.18218,-0.198029],[0.185037,-0.197041],[0.185005,-0.196758],[0.184848,-0.196081],[0.184793,-0.195946],[0.184761,-0.195799],[0.184714,-0.195529],[0.1847,-0.195339],[0.184722,-0.195148],[0.184743,-0.194829],[0.184776,-0.19443],[0.184732,-0.19425],[0.184729,-0.194082],[0.184779,-0.193891],[0.184808,-0.193705],[0.184855,-0.19355],[0.184808,-0.193482],[0.184614,-0.193309],[0.18451,-0.193123],[0.18447,-0.192663],[0.184445,-0.192544],[0.184237,-0.192329],[0.184086,-0.192113],[0.183913,-0.191858],[0.183896,-0.191643],[0.184086,-0.191449],[0.184237,-0.191345],[0.184452,-0.191233],[0.184697,-0.191262],[0.184901,-0.191381],[0.185005,-0.191341],[0.185131,-0.191273],[0.185239,-0.191262],[0.18548,-0.191154],[0.185533,-0.19091],[0.185508,-0.190738],[0.18548,-0.190447],[0.185573,-0.190177],[0.185597,-0.190168],[0.178069,-0.183783],[0.16419,-0.174258],[0.16158,-0.170823],[0.161579,-0.170905],[0.161606,-0.171097],[0.161519,-0.171706],[0.161349,-0.172012],[0.16108,-0.17224],[0.160604,-0.172281],[0.160741,-0.172169],[0.160651,-0.172222],[0.157689,-0.175119],[0.15707,-0.176942],[0.156289,-0.178374],[0.155768,-0.179773],[0.155814,-0.179454],[0.155778,-0.179542],[0.155745,-0.179848],[0.155664,-0.179892],[0.155694,-0.179901],[0.155805,-0.180075],[0.155773,-0.180517],[0.155505,-0.181054],[0.155363,-0.181449],[0.155379,-0.18178],[0.155473,-0.182159],[0.155442,-0.182506],[0.155331,-0.18298],[0.154652,-0.183422],[0.154625,-0.183389],[0.154247,-0.184524],[0.151659,-0.188798],[0.147314,-0.196088],[0.155884,-0.200614],[0.16275,-0.203895],[0.173608,-0.205813],[0.174712,-0.206094]]]]}},{"type":"Feature","id":23,"properties":{"Name":"Booming Deep","Mapttitle":"Dark Ocean","SpecialFeatures":null,"AreaDescription":null,"FirstEvasion":4,"SecondEvasion":1,"FishHarvest":6,"WhaleHarvest":7,"Danger":5},"geometry":{"type":"MultiPolygon","coordinates":[[[[0.189511,-0.195277],[0.189499,-0.195382],[0.189377,-0.195522],[0.189237,-0.195612],[0.189057,-0.195752],[0.188863,-0.195888],[0.188691,-0.195917],[0.188594,-0.195996],[0.188403,-0.19605],[0.188202,-0.196061],[0.18803,-0.196057],[0.187775,-0.196093],[0.187588,-0.196154],[0.187383,-0.196362],[0.187261,-0.196524],[0.187103,-0.196722],[0.187002,-0.196905],[0.186913,-0.196995],[0.186769,-0.197027],[0.186625,-0.196998],[0.186568,-0.196977],[0.18646,-0.196883],[0.186388,-0.196819],[0.186234,-0.19675],[0.186097,-0.196758],[0.185914,-0.196822],[0.185641,-0.19698],[0.185454,-0.197038],[0.185232,-0.197113],[0.185099,-0.197059],[0.185029,-0.196975],[0.185037,-0.197041],[0.18218,-0.198029],[0.177477,-0.201918],[0.175213,-0.204125],[0.174712,-0.206094],[0.174294,-0.205988],[0.17471,-0.206099],[0.174273,-0.212536],[0.17475,-0.217622],[0.176061,-0.22239],[0.176419,-0.224774],[0.176473,-0.225006],[0.17648,-0.224967],[0.17657,-0.224937],[0.176767,-0.225056],[0.176918,-0.225205],[0.177202,-0.225407],[0.177358,-0.225532],[0.17757,-0.225624],[0.177776,-0.225672],[0.177989,-0.225763],[0.178362,-0.225837],[0.178717,-0.225962],[0.178904,-0.226114],[0.178905,-0.226117],[0.179277,-0.226612],[0.17984,-0.227267],[0.180268,-0.228337],[0.18036,-0.229353],[0.180263,-0.229732],[0.180349,-0.230201],[0.180569,-0.230879],[0.180693,-0.231539],[0.180657,-0.231722],[0.180696,-0.231877],[0.184118,-0.229899],[0.187378,-0.227064],[0.19815,-0.218276],[0.205521,-0.210623],[0.210198,-0.203678],[0.199687,-0.196911],[0.199608,-0.196952],[0.199516,-0.196952],[0.19938,-0.196889],[0.199311,-0.196832],[0.199229,-0.196757],[0.199144,-0.196779],[0.199058,-0.196791],[0.198964,-0.196674],[0.198913,-0.196561],[0.198906,-0.196536],[0.198867,-0.196371],[0.189511,-0.195277]]]]}},{"type":"Feature","id":24,"properties":{"Name":"Sea of Arrival","Mapttitle":"Dark Ocean","SpecialFeatures":null,"AreaDescription":null,"FirstEvasion":1,"SecondEvasion":2,"FishHarvest":9,"WhaleHarvest":1,"Danger":4},"geometry":{"type":"MultiPolygon","coordinates":[[[[0.196143,-0.176221],[0.19978,-0.175338],[0.201698,-0.173284],[0.20393,-0.171437],[0.203819,-0.171213],[0.203392,-0.170561],[0.202951,-0.170084],[0.202409,-0.169948],[0.2021,-0.169816],[0.201816,-0.169628],[0.201537,-0.169182],[0.201167,-0.168721],[0.200833,-0.168387],[0.200828,-0.16839],[0.200407,-0.16839],[0.199846,-0.167962],[0.199329,-0.167499],[0.199039,-0.167152],[0.198916,-0.166801],[0.198922,-0.166467],[0.199448,-0.166475],[0.199861,-0.166542],[0.200255,-0.166338],[0.200513,-0.166141],[0.20098,-0.16578],[0.201208,-0.165653],[0.201615,-0.165421],[0.201877,-0.165134],[0.202014,-0.16492],[0.202118,-0.164702],[0.202236,-0.164329],[0.202394,-0.163982],[0.202668,-0.163309],[0.202759,-0.162923],[0.202923,-0.162487],[0.202932,-0.162482],[0.199893,-0.157802],[0.197681,-0.156494],[0.191126,-0.157632],[0.191084,-0.157721],[0.190977,-0.157845],[0.19086,-0.157942],[0.190683,-0.158072],[0.190429,-0.158266],[0.190351,-0.158461],[0.190278,-0.158592],[0.190071,-0.159208],[0.190089,-0.15956],[0.190143,-0.159861],[0.190273,-0.160065],[0.190291,-0.160451],[0.190154,-0.160916],[0.190099,-0.161256],[0.190072,-0.161583],[0.190005,-0.161952],[0.190005,-0.162242],[0.190048,-0.1624],[0.190054,-0.1626],[0.190028,-0.162781],[0.189908,-0.162928],[0.189766,-0.163047],[0.18958,-0.163099],[0.189258,-0.163229],[0.188829,-0.163307],[0.18833,-0.163806],[0.187866,-0.164023],[0.187876,-0.164142],[0.187394,-0.164712],[0.186978,-0.165283],[0.186626,-0.165651],[0.186442,-0.165871],[0.186422,-0.165916],[0.186015,-0.166346],[0.185086,-0.16735],[0.184555,-0.167949],[0.184468,-0.168217],[0.184481,-0.168503],[0.184287,-0.16899],[0.184213,-0.169432],[0.1842,-0.170137],[0.184333,-0.170901],[0.184345,-0.171093],[0.184246,-0.171617],[0.184218,-0.172488],[0.189012,-0.174967],[0.193879,-0.176416],[0.195801,-0.176258],[0.196143,-0.176221]]]]}},{"type":"Feature","id":25,"properties":{"Name":"Freeman's Sea","Mapttitle":"Sea","SpecialFeatures":null,"AreaDescription":null,"FirstEvasion":1,"SecondEvasion":1,"FishHarvest":12,"WhaleHarvest":0,"Danger":5},"geometry":{"type":"MultiPolygon","coordinates":[[[[0.181018,-0.142302],[0.181017,-0.142301],[0.181015,-0.142302],[0.181018,-0.142302]]],[[[0.188853,-0.157289],[0.186216,-0.141561],[0.1861,-0.14161],[0.185769,-0.141748],[0.18553,-0.14185],[0.185246,-0.142021],[0.18498,-0.142134],[0.184548,-0.142344],[0.184327,-0.14239],[0.18406,-0.142463],[0.183628,-0.142526],[0.18331,-0.142549],[0.183072,-0.142526],[0.18285,-0.142492],[0.182606,-0.142458],[0.182163,-0.14227],[0.181879,-0.142236],[0.18163,-0.142236],[0.181289,-0.142322],[0.181124,-0.142287],[0.180919,-0.142336],[0.180486,-0.142488],[0.180131,-0.142568],[0.179749,-0.142683],[0.179465,-0.14279],[0.179181,-0.142932],[0.17872,-0.143056],[0.178285,-0.143091],[0.177895,-0.143331],[0.177372,-0.143694],[0.177176,-0.143783],[0.177088,-0.143641],[0.177097,-0.143224],[0.177168,-0.142515],[0.177211,-0.142103],[0.17717,-0.142231],[0.162603,-0.145051],[0.162062,-0.148256],[0.161079,-0.156387],[0.160887,-0.156574],[0.160977,-0.156533],[0.161113,-0.15643],[0.161223,-0.156385],[0.161346,-0.156423],[0.161572,-0.156592],[0.161695,-0.156689],[0.16187,-0.156805],[0.161973,-0.15685],[0.162025,-0.156857],[0.162083,-0.157006],[0.162096,-0.157096],[0.162115,-0.157219],[0.162128,-0.157355],[0.162141,-0.157504],[0.162128,-0.157652],[0.162225,-0.157736],[0.162277,-0.157872],[0.162296,-0.157892],[0.162316,-0.157956],[0.162342,-0.158047],[0.162296,-0.158196],[0.162232,-0.158325],[0.162212,-0.158577],[0.162303,-0.158823],[0.162335,-0.158991],[0.162322,-0.159127],[0.162283,-0.159315],[0.162141,-0.159496],[0.162038,-0.159593],[0.161934,-0.159638],[0.16176,-0.159657],[0.161672,-0.15963],[0.160894,-0.162688],[0.160491,-0.164253],[0.159813,-0.165361],[0.159765,-0.165375],[0.159913,-0.165373],[0.160107,-0.16541],[0.16031,-0.165546],[0.160509,-0.165741],[0.16072,-0.165944],[0.160803,-0.166192],[0.160952,-0.166602],[0.160977,-0.167161],[0.160882,-0.167455],[0.160935,-0.167939],[0.161002,-0.168485],[0.161068,-0.169094],[0.161047,-0.169706],[0.161221,-0.169975],[0.161519,-0.170472],[0.161579,-0.170905],[0.16158,-0.170823],[0.167485,-0.170301],[0.180643,-0.166222],[0.180633,-0.166206],[0.180644,-0.166092],[0.180473,-0.165931],[0.180393,-0.165785],[0.180339,-0.165639],[0.180371,-0.165218],[0.180512,-0.164799],[0.180671,-0.164358],[0.180912,-0.163854],[0.181107,-0.163284],[0.181068,-0.162951],[0.181087,-0.162449],[0.181367,-0.161999],[0.181491,-0.161511],[0.181776,-0.161234],[0.182246,-0.161195],[0.182914,-0.160329],[0.183066,-0.16015],[0.183241,-0.159925],[0.18342,-0.159769],[0.183648,-0.159621],[0.183991,-0.159335],[0.184538,-0.159259],[0.185018,-0.159248],[0.185246,-0.159191],[0.185448,-0.159092],[0.185665,-0.158906],[0.185855,-0.158704],[0.186316,-0.15916],[0.186413,-0.159089],[0.18651,-0.159045],[0.1866,-0.158961],[0.186821,-0.1586],[0.187148,-0.158253],[0.18775,-0.157771],[0.188045,-0.157701],[0.188399,-0.15756],[0.18856,-0.157477],[0.188729,-0.157414],[0.188853,-0.157289]]]]}},{"type":"Feature","id":26,"properties":{"Name":"Godsea","Mapttitle":"Dark Ocean","SpecialFeatures":null,"AreaDescription":null,"FirstEvasion":2,"SecondEvasion":2,"FishHarvest":6,"WhaleHarvest":3,"Danger":2},"geometry":{"type":"MultiPolygon","coordinates":[[[[0.192932,-0.157289],[0.19451,-0.157045],[0.197681,-0.156494],[0.199893,-0.157802],[0.202932,-0.162482],[0.203192,-0.162343],[0.20319,-0.162335],[0.203248,-0.161868],[0.203582,-0.161614],[0.20409,-0.161389],[0.204805,-0.161089],[0.205232,-0.160945],[0.205439,-0.16083],[0.20582,-0.160397],[0.206062,-0.160092],[0.206339,-0.159734],[0.206685,-0.159377],[0.207089,-0.158927],[0.207354,-0.158477],[0.207498,-0.158292],[0.207553,-0.158206],[0.207527,-0.158197],[0.207745,-0.157647],[0.20787,-0.157399],[0.208247,-0.157034],[0.208513,-0.156849],[0.208837,-0.156661],[0.209092,-0.15651],[0.209343,-0.156362],[0.209698,-0.156141],[0.210244,-0.155945],[0.210879,-0.155749],[0.211328,-0.155732],[0.211628,-0.155755],[0.212049,-0.155703],[0.212648,-0.155547],[0.213018,-0.155564],[0.213658,-0.155737],[0.214061,-0.15602],[0.214327,-0.156239],[0.214598,-0.156314],[0.214749,-0.156264],[0.214726,-0.156154],[0.214823,-0.155977],[0.214776,-0.155731],[0.214588,-0.155244],[0.214326,-0.154908],[0.214108,-0.154594],[0.213802,-0.15434],[0.213307,-0.154004],[0.213042,-0.153598],[0.212684,-0.152911],[0.212588,-0.152616],[0.212967,-0.152508],[0.212583,-0.152613],[0.212578,-0.152549],[0.21257,-0.152413],[0.212482,-0.152284],[0.212313,-0.151981],[0.212063,-0.151527],[0.211922,-0.151229],[0.211759,-0.150631],[0.211537,-0.150331],[0.210769,-0.149421],[0.210453,-0.149041],[0.209264,-0.147855],[0.208653,-0.147031],[0.208428,-0.146832],[0.208317,-0.146791],[0.208203,-0.146814],[0.208173,-0.146762],[0.208228,-0.146588],[0.20828,-0.146348],[0.208306,-0.145965],[0.208321,-0.145673],[0.208372,-0.14554],[0.208376,-0.145539],[0.208362,-0.145295],[0.208412,-0.144914],[0.208546,-0.144666],[0.208681,-0.144525],[0.208889,-0.144284],[0.209158,-0.143984],[0.20926,-0.14379],[0.209513,-0.143301],[0.2097,-0.14292],[0.209726,-0.142868],[0.209301,-0.141825],[0.209085,-0.141038],[0.208927,-0.140589],[0.208652,-0.139733],[0.208252,-0.138775],[0.207766,-0.137489],[0.207432,-0.136662],[0.207307,-0.136178],[0.207074,-0.136379],[0.206874,-0.136536],[0.206634,-0.13677],[0.206449,-0.136976],[0.206325,-0.136817],[0.206444,-0.136973],[0.205945,-0.137485],[0.205342,-0.138139],[0.205,-0.138564],[0.204821,-0.138902],[0.204774,-0.139217],[0.20477,-0.139398],[0.204676,-0.139591],[0.204542,-0.139778],[0.204415,-0.139993],[0.204375,-0.140257],[0.204261,-0.140436],[0.203936,-0.140807],[0.203835,-0.140917],[0.203767,-0.140923],[0.203736,-0.14088],[0.203812,-0.140827],[0.203839,-0.140736],[0.203842,-0.140588],[0.203904,-0.140283],[0.203801,-0.139937],[0.20336,-0.13952],[0.202583,-0.138498],[0.202352,-0.138077],[0.202063,-0.137864],[0.201767,-0.137723],[0.200863,-0.136976],[0.200607,-0.136697],[0.200484,-0.136286],[0.200237,-0.135944],[0.199927,-0.135546],[0.199342,-0.135035],[0.198721,-0.134496],[0.198246,-0.134003],[0.197986,-0.133628],[0.197849,-0.13335],[0.197429,-0.132934],[0.19721,-0.132971],[0.19694,-0.133181],[0.196653,-0.133834],[0.196465,-0.134446],[0.196383,-0.134629],[0.196281,-0.134444],[0.19189,-0.136777],[0.191822,-0.136793],[0.191611,-0.136823],[0.191397,-0.136863],[0.191251,-0.136963],[0.191062,-0.137063],[0.190757,-0.137202],[0.190411,-0.137318],[0.190195,-0.137356],[0.189823,-0.137425],[0.189504,-0.137495],[0.189297,-0.137514],[0.189099,-0.137579],[0.188969,-0.13767],[0.188935,-0.137634],[0.188968,-0.137674],[0.188863,-0.137807],[0.188732,-0.138051],[0.188666,-0.138298],[0.188663,-0.138545],[0.18866,-0.138697],[0.188611,-0.139005],[0.188595,-0.139164],[0.188458,-0.139395],[0.188314,-0.139675],[0.188065,-0.140093],[0.187688,-0.140493],[0.187552,-0.140635],[0.187342,-0.1408],[0.187228,-0.140908],[0.187069,-0.141135],[0.18653,-0.14143],[0.1861,-0.14161],[0.186216,-0.141561],[0.188853,-0.157289],[0.188729,-0.157414],[0.188787,-0.157393],[0.189018,-0.157346],[0.189222,-0.15736],[0.189486,-0.157346],[0.189787,-0.15739],[0.190111,-0.157487],[0.190412,-0.157597],[0.190603,-0.157667],[0.190824,-0.157654],[0.191185,-0.157507],[0.191131,-0.157631],[0.192475,-0.157398],[0.192932,-0.157289]]]]}},{"type":"Feature","id":27,"properties":{"Name":"Watching Deep","Mapttitle":"Dark Ocean","SpecialFeatures":null,"AreaDescription":null,"FirstEvasion":2,"SecondEvasion":2,"FishHarvest":6,"WhaleHarvest":3,"Danger":2},"geometry":{"type":"MultiPolygon","coordinates":[[[[0.210203,-0.203656],[0.213628,-0.191675],[0.216531,-0.182967],[0.215714,-0.178159],[0.21359,-0.174495],[0.213061,-0.174952],[0.212901,-0.175045],[0.212443,-0.17512],[0.212035,-0.175095],[0.211453,-0.174959],[0.210946,-0.174637],[0.210463,-0.174439],[0.21003,-0.174179],[0.209609,-0.173808],[0.209077,-0.17335],[0.208594,-0.173078],[0.208347,-0.173016],[0.207852,-0.172904],[0.207505,-0.172855],[0.207048,-0.172843],[0.206664,-0.172991],[0.206379,-0.173115],[0.206144,-0.173313],[0.205946,-0.173412],[0.205711,-0.173399],[0.205402,-0.173313],[0.205241,-0.173177],[0.204894,-0.172843],[0.204709,-0.172496],[0.204634,-0.172211],[0.204666,-0.172198],[0.204377,-0.171809],[0.20395,-0.171413],[0.203819,-0.171213],[0.20393,-0.171437],[0.201698,-0.173284],[0.19978,-0.175338],[0.196143,-0.176221],[0.195801,-0.176258],[0.196146,-0.17623],[0.195395,-0.181969],[0.191948,-0.1885],[0.188788,-0.191319],[0.188783,-0.19132],[0.188809,-0.191337],[0.188888,-0.191463],[0.18891,-0.191531],[0.188946,-0.191686],[0.188953,-0.191776],[0.188982,-0.191898],[0.189003,-0.191959],[0.189014,-0.192063],[0.189032,-0.19221],[0.189057,-0.192376],[0.189086,-0.192537],[0.189111,-0.192702],[0.189129,-0.19281],[0.189179,-0.192936],[0.189294,-0.19327],[0.189359,-0.193449],[0.189352,-0.193579],[0.189387,-0.193737],[0.189456,-0.193791],[0.189524,-0.193791],[0.189625,-0.193823],[0.18966,-0.193906],[0.189686,-0.194042],[0.189642,-0.194143],[0.189632,-0.194268],[0.18961,-0.194369],[0.189517,-0.194516],[0.189499,-0.194613],[0.189456,-0.194746],[0.189441,-0.194818],[0.189441,-0.194929],[0.189466,-0.195055],[0.189499,-0.195209],[0.189499,-0.195382],[0.189511,-0.195277],[0.198861,-0.19637],[0.198878,-0.196308],[0.1989,-0.196245],[0.198983,-0.196207],[0.199068,-0.19621],[0.199153,-0.196239],[0.199248,-0.196207],[0.199339,-0.196179],[0.199406,-0.196157],[0.199469,-0.196185],[0.19951,-0.196239],[0.19962,-0.196378],[0.199696,-0.196526],[0.199731,-0.196643],[0.199746,-0.196719],[0.19974,-0.196782],[0.199718,-0.196845],[0.199687,-0.196911],[0.204389,-0.199938],[0.210203,-0.203656]]]]}},{"type":"Feature","id":28,"properties":{"Name":"Watching Coast South","Mapttitle":"Dark Ocean","SpecialFeatures":null,"AreaDescription":null,"FirstEvasion":2,"SecondEvasion":2,"FishHarvest":6,"WhaleHarvest":2,"Danger":5},"geometry":{"type":"MultiPolygon","coordinates":[[[[0.21608,-0.155386],[0.216006,-0.155369],[0.21602,-0.155447],[0.216124,-0.155786],[0.216312,-0.156229],[0.216448,-0.156635],[0.216559,-0.156949],[0.216218,-0.15695],[0.216564,-0.15696],[0.216893,-0.157496],[0.217435,-0.158321],[0.218525,-0.159775],[0.21909,-0.160882],[0.219272,-0.161788],[0.219302,-0.16239],[0.219302,-0.163482],[0.219169,-0.164349],[0.219121,-0.165084],[0.218574,-0.165645],[0.217839,-0.166151],[0.217218,-0.166829],[0.21701,-0.167112],[0.216961,-0.166524],[0.21675,-0.166335],[0.216363,-0.166067],[0.215962,-0.165882],[0.215913,-0.166058],[0.215899,-0.16635],[0.215906,-0.166642],[0.215891,-0.167139],[0.215935,-0.167343],[0.216169,-0.167482],[0.216381,-0.167584],[0.216702,-0.16757],[0.216914,-0.167738],[0.217096,-0.168081],[0.217447,-0.168643],[0.217439,-0.168884],[0.217315,-0.169483],[0.217198,-0.169782],[0.216957,-0.170067],[0.216811,-0.170344],[0.216687,-0.170673],[0.216607,-0.170885],[0.21649,-0.170863],[0.216351,-0.170658],[0.216183,-0.170556],[0.215811,-0.170454],[0.215519,-0.170403],[0.215169,-0.170169],[0.214949,-0.169753],[0.214709,-0.169359],[0.21473,-0.169015],[0.214789,-0.168753],[0.214949,-0.168628],[0.215132,-0.16838],[0.215198,-0.168125],[0.21522,-0.167971],[0.215183,-0.16773],[0.215139,-0.167482],[0.21519,-0.167409],[0.215329,-0.1673],[0.215373,-0.167124],[0.215366,-0.166971],[0.215409,-0.166504],[0.215373,-0.166117],[0.215372,-0.166053],[0.215402,-0.16541],[0.215389,-0.165401],[0.215136,-0.165132],[0.214881,-0.164955],[0.214602,-0.164891],[0.214485,-0.164917],[0.214212,-0.165085],[0.214138,-0.165207],[0.21409,-0.165288],[0.213913,-0.165771],[0.213871,-0.166089],[0.213832,-0.166511],[0.213838,-0.166991],[0.213717,-0.167504],[0.213707,-0.167991],[0.213712,-0.168711],[0.213798,-0.168964],[0.213806,-0.169064],[0.213793,-0.169067],[0.213845,-0.169174],[0.213913,-0.169378],[0.214069,-0.169622],[0.214039,-0.169677],[0.214065,-0.169978],[0.214078,-0.170231],[0.214156,-0.170462],[0.21437,-0.170721],[0.214633,-0.171088],[0.214857,-0.171442],[0.214902,-0.171685],[0.214753,-0.171604],[0.214666,-0.171536],[0.214448,-0.171396],[0.214218,-0.171234],[0.214326,-0.171585],[0.214376,-0.171767],[0.214396,-0.171995],[0.214427,-0.172203],[0.214402,-0.172426],[0.214361,-0.172558],[0.214275,-0.17309],[0.2142,-0.173511],[0.21399,-0.174018],[0.213866,-0.174315],[0.213532,-0.174476],[0.21338,-0.174676],[0.21359,-0.174495],[0.215714,-0.178159],[0.216179,-0.180898],[0.216581,-0.182955],[0.222246,-0.171787],[0.225789,-0.162715],[0.226214,-0.157755],[0.22423,-0.15492],[0.21608,-0.155386]]]]}},{"type":"Feature","id":29,"properties":{"Name":"Watching Coast North","Mapttitle":"Dark Ocean","SpecialFeatures":null,"AreaDescription":null,"FirstEvasion":2,"SecondEvasion":2,"FishHarvest":6,"WhaleHarvest":2,"Danger":5},"geometry":{"type":"MultiPolygon","coordinates":[[[[0.224038,-0.154719],[0.225954,-0.142702],[0.22549,-0.138463],[0.222413,-0.133238],[0.219626,-0.130742],[0.217376,-0.134324],[0.217616,-0.134555],[0.217758,-0.134912],[0.218006,-0.135166],[0.218266,-0.135529],[0.218381,-0.135829],[0.218456,-0.136279],[0.218439,-0.136625],[0.218468,-0.137006],[0.218612,-0.137415],[0.218825,-0.138044],[0.21901,-0.138339],[0.219826,-0.139874],[0.220283,-0.140417],[0.220527,-0.140694],[0.220878,-0.141048],[0.220937,-0.141236],[0.220955,-0.141491],[0.221095,-0.141956],[0.221258,-0.142274],[0.221512,-0.142783],[0.221546,-0.14289],[0.221586,-0.143078],[0.221619,-0.143182],[0.221671,-0.143292],[0.221745,-0.143506],[0.221797,-0.143673],[0.221797,-0.143853],[0.221819,-0.143986],[0.221822,-0.144149],[0.221808,-0.14427],[0.22176,-0.144414],[0.221708,-0.144499],[0.221619,-0.144496],[0.221608,-0.144348],[0.221649,-0.144053],[0.221653,-0.143765],[0.221619,-0.143661],[0.22156,-0.143577],[0.221439,-0.143462],[0.221276,-0.143141],[0.221077,-0.142982],[0.220892,-0.14292],[0.220778,-0.142982],[0.220678,-0.143137],[0.220586,-0.143267],[0.220516,-0.143318],[0.220468,-0.143447],[0.22042,-0.143658],[0.22041,-0.143959],[0.220406,-0.144591],[0.22043,-0.144738],[0.220419,-0.144888],[0.220286,-0.145017],[0.220228,-0.145015],[0.220289,-0.145018],[0.220073,-0.145397],[0.220028,-0.145559],[0.21992,-0.145721],[0.219758,-0.145982],[0.219677,-0.146163],[0.219559,-0.146451],[0.219442,-0.146649],[0.219253,-0.146946],[0.219082,-0.147109],[0.219001,-0.147622],[0.218884,-0.147938],[0.218793,-0.148262],[0.218622,-0.148569],[0.218496,-0.148893],[0.21828,-0.149145],[0.218109,-0.149461],[0.217856,-0.149749],[0.217622,-0.149983],[0.217397,-0.150182],[0.217243,-0.150371],[0.217189,-0.150488],[0.217072,-0.150641],[0.216793,-0.150839],[0.216568,-0.15092],[0.216378,-0.15102],[0.216234,-0.151137],[0.216081,-0.151263],[0.216018,-0.151344],[0.215743,-0.151586],[0.215743,-0.151586],[0.215625,-0.151819],[0.215555,-0.152221],[0.215533,-0.152361],[0.215492,-0.152542],[0.215467,-0.152771],[0.215374,-0.153033],[0.215319,-0.153317],[0.215315,-0.153557],[0.215345,-0.153705],[0.215408,-0.153867],[0.215537,-0.153978],[0.21564,-0.154111],[0.215725,-0.154262],[0.215839,-0.154557],[0.215924,-0.154941],[0.216006,-0.155369],[0.21608,-0.155386],[0.223906,-0.154938],[0.224038,-0.154719]]]]}},{"type":"Feature","id":30,"properties":{"Name":"Gates of Night","Mapttitle":"Dark Ocean","SpecialFeatures":null,"AreaDescription":null,"FirstEvasion":1,"SecondEvasion":3,"FishHarvest":3,"WhaleHarvest":1,"Danger":2},"geometry":{"type":"MultiPolygon","coordinates":[[[[0.219684,-0.130742],[0.213588,-0.12813],[0.210743,-0.126562],[0.209118,-0.124936],[0.207202,-0.120524],[0.203237,-0.121538],[0.203427,-0.121863],[0.203592,-0.122175],[0.203679,-0.122342],[0.203812,-0.12257],[0.204006,-0.122931],[0.204227,-0.123633],[0.204455,-0.124429],[0.204608,-0.125286],[0.204909,-0.125814],[0.205351,-0.12651],[0.205552,-0.126837],[0.205745,-0.127639],[0.205814,-0.127766],[0.205916,-0.128023],[0.206153,-0.128588],[0.206482,-0.129019],[0.206791,-0.12933],[0.206989,-0.129597],[0.207208,-0.129785],[0.207362,-0.129851],[0.207673,-0.129959],[0.20803,-0.130098],[0.208405,-0.130425],[0.208513,-0.130763],[0.208519,-0.131032],[0.208447,-0.130872],[0.208342,-0.130757],[0.208228,-0.130631],[0.208042,-0.130461],[0.207879,-0.130342],[0.207703,-0.130328],[0.207549,-0.130326],[0.207422,-0.130428],[0.207381,-0.130534],[0.207369,-0.131008],[0.207424,-0.131427],[0.207483,-0.131848],[0.207653,-0.132242],[0.208039,-0.132968],[0.208045,-0.13371],[0.208053,-0.13371],[0.208049,-0.133879],[0.207982,-0.13408],[0.207933,-0.134269],[0.207927,-0.134633],[0.20794,-0.134947],[0.207899,-0.135221],[0.207866,-0.135424],[0.207788,-0.135618],[0.207668,-0.135836],[0.207484,-0.136026],[0.207307,-0.136177],[0.207307,-0.136178],[0.207432,-0.136662],[0.207766,-0.137489],[0.208252,-0.138775],[0.208652,-0.139733],[0.208927,-0.140589],[0.209085,-0.141038],[0.209301,-0.141825],[0.209726,-0.142868],[0.209742,-0.142836],[0.209964,-0.142375],[0.210037,-0.142356],[0.210091,-0.142155],[0.210137,-0.141878],[0.21016,-0.141737],[0.210212,-0.141678],[0.210401,-0.141362],[0.210488,-0.14122],[0.210533,-0.141123],[0.210531,-0.140776],[0.210552,-0.140537],[0.210644,-0.140296],[0.210691,-0.140171],[0.210692,-0.140178],[0.210783,-0.139819],[0.21085,-0.139413],[0.210774,-0.139195],[0.21076,-0.138924],[0.210776,-0.138739],[0.210847,-0.138496],[0.210936,-0.138148],[0.210993,-0.13783],[0.211091,-0.137484],[0.211103,-0.137046],[0.211161,-0.136579],[0.211305,-0.136089],[0.211391,-0.13576],[0.211535,-0.135241],[0.211633,-0.134953],[0.21176,-0.13471],[0.211968,-0.134808],[0.212095,-0.134964],[0.212251,-0.135212],[0.212504,-0.135437],[0.212827,-0.135639],[0.213358,-0.135841],[0.213848,-0.136043],[0.214234,-0.136152],[0.214494,-0.136204],[0.214719,-0.136192],[0.214886,-0.136158],[0.214996,-0.136123],[0.215146,-0.136094],[0.215348,-0.136066],[0.21563,-0.1361],[0.215653,-0.136562],[0.215636,-0.137075],[0.215572,-0.13745],[0.215555,-0.137738],[0.215532,-0.138009],[0.21551,-0.138033],[0.216057,-0.137507],[0.216172,-0.137352],[0.21627,-0.137219],[0.216334,-0.136954],[0.216357,-0.136815],[0.216443,-0.136775],[0.216501,-0.136717],[0.216512,-0.136637],[0.216524,-0.1364],[0.216559,-0.136227],[0.216611,-0.136094],[0.21672,-0.135864],[0.216778,-0.13565],[0.216835,-0.135443],[0.216864,-0.135252],[0.216893,-0.135079],[0.216916,-0.134993],[0.216968,-0.134837],[0.217055,-0.134658],[0.217101,-0.134595],[0.217228,-0.134566],[0.217251,-0.134514],[0.217268,-0.134399],[0.21732,-0.134307],[0.217415,-0.134361],[0.217376,-0.134324],[0.218267,-0.132906],[0.219684,-0.130742]]]]}},{"type":"Feature","id":31,"properties":{"Name":"Groom's Drowning","Mapttitle":"Dark Ocean","SpecialFeatures":null,"AreaDescription":null,"FirstEvasion":1,"SecondEvasion":2,"FishHarvest":6,"WhaleHarvest":3,"Danger":5},"geometry":{"type":"MultiPolygon","coordinates":[[[[0.159064,-0.243519],[0.158757,-0.2403],[0.156173,-0.238135],[0.154497,-0.236214],[0.153135,-0.232024],[0.151633,-0.227554],[0.147931,-0.219906],[0.146115,-0.213794],[0.145766,-0.212607],[0.14402,-0.211804],[0.143496,-0.211734],[0.143526,-0.211538],[0.143467,-0.211644],[0.143385,-0.211801],[0.143229,-0.212025],[0.143048,-0.212389],[0.142803,-0.212859],[0.142439,-0.213199],[0.141836,-0.213661],[0.141634,-0.213836],[0.141294,-0.214362],[0.141034,-0.214846],[0.140895,-0.214729],[0.14071,-0.214565],[0.141008,-0.214853],[0.134974,-0.225358],[0.134988,-0.225437],[0.13521,-0.225764],[0.135264,-0.226038],[0.135182,-0.226504],[0.135073,-0.226874],[0.134936,-0.227244],[0.134689,-0.227463],[0.134182,-0.228011],[0.133826,-0.228052],[0.133565,-0.228066],[0.13306,-0.228053],[0.132901,-0.228076],[0.128698,-0.244498],[0.159064,-0.243519]]]]}},{"type":"Feature","id":32,"properties":{"Name":"The Grey Deep","Mapttitle":"Dark Ocean","SpecialFeatures":null,"AreaDescription":null,"FirstEvasion":6,"SecondEvasion":1,"FishHarvest":0,"WhaleHarvest":6,"Danger":10},"geometry":{"type":"MultiPolygon","coordinates":[[[[0.128767,-0.244455],[0.129696,-0.240598],[0.131005,-0.235482],[0.118028,-0.232746],[0.114951,-0.23112],[0.112513,-0.228972],[0.108971,-0.224038],[0.103804,-0.218232],[0.099334,-0.214575],[0.095734,-0.210859],[0.078085,-0.209408],[0.079246,-0.217593],[0.082323,-0.223399],[0.090683,-0.229611],[0.094805,-0.23292],[0.097476,-0.238203],[0.098347,-0.240641],[0.099334,-0.242093],[0.102193,-0.244214],[0.108146,-0.244498],[0.12803,-0.245335],[0.128767,-0.244455]]]]}},{"type":"Feature","id":33,"properties":{"Name":"Flickering Reefs","Mapttitle":"Dark Ocean","SpecialFeatures":null,"AreaDescription":null,"FirstEvasion":1,"SecondEvasion":2,"FishHarvest":9,"WhaleHarvest":2,"Danger":15},"geometry":{"type":"MultiPolygon","coordinates":[[[[0.095728,-0.210829],[0.096781,-0.211939],[0.099334,-0.214575],[0.103804,-0.218232],[0.108971,-0.224038],[0.112513,-0.228972],[0.114951,-0.23112],[0.118028,-0.232746],[0.131005,-0.235482],[0.132901,-0.228076],[0.132634,-0.228121],[0.132031,-0.228162],[0.131647,-0.228039],[0.131291,-0.227833],[0.130893,-0.22771],[0.130414,-0.22771],[0.130263,-0.227326],[0.130112,-0.22686],[0.130017,-0.226408],[0.129893,-0.226066],[0.129592,-0.225559],[0.129318,-0.225298],[0.129071,-0.225107],[0.128783,-0.224956],[0.128318,-0.224819],[0.128002,-0.224709],[0.127632,-0.224641],[0.127489,-0.224449],[0.1276,-0.224608],[0.127045,-0.224799],[0.126618,-0.224838],[0.125979,-0.224838],[0.125799,-0.224849],[0.125339,-0.224978],[0.124772,-0.225046],[0.124519,-0.225214],[0.12407,-0.225203],[0.12361,-0.225062],[0.122987,-0.225046],[0.122499,-0.224849],[0.122213,-0.224765],[0.121781,-0.224771],[0.121348,-0.224574],[0.120911,-0.22435],[0.12045,-0.224013],[0.119934,-0.223615],[0.119569,-0.223194],[0.119244,-0.222587],[0.118952,-0.221847],[0.11884,-0.221572],[0.118525,-0.220909],[0.118201,-0.220237],[0.118046,-0.219893],[0.117946,-0.21958],[0.117877,-0.219145],[0.117877,-0.218779],[0.117924,-0.218495],[0.117946,-0.21833],[0.117931,-0.218079],[0.117845,-0.217949],[0.11777,-0.217773],[0.117744,-0.217472],[0.117683,-0.217238],[0.117522,-0.217019],[0.117457,-0.216778],[0.117471,-0.216383],[0.117507,-0.216157],[0.117504,-0.215945],[0.117515,-0.215744],[0.117678,-0.215726],[0.117441,-0.215746],[0.117479,-0.215564],[0.117441,-0.215237],[0.117497,-0.215031],[0.117516,-0.214727],[0.117507,-0.214559],[0.117455,-0.214377],[0.117376,-0.214153],[0.117264,-0.213928],[0.11724,-0.213746],[0.117128,-0.213512],[0.116965,-0.213255],[0.116745,-0.212966],[0.116217,-0.212307],[0.115885,-0.212026],[0.115623,-0.211881],[0.115366,-0.211727],[0.115091,-0.211592],[0.114736,-0.21147],[0.114296,-0.211274],[0.113721,-0.211092],[0.113189,-0.211012],[0.112787,-0.211274],[0.112623,-0.211344],[0.112329,-0.211438],[0.112147,-0.211573],[0.111871,-0.211732],[0.111469,-0.211839],[0.110992,-0.211681],[0.110848,-0.211559],[0.110651,-0.211321],[0.110422,-0.211082],[0.110263,-0.211059],[0.110086,-0.211269],[0.110011,-0.211386],[0.10989,-0.211582],[0.109689,-0.211685],[0.10932,-0.211709],[0.109025,-0.211615],[0.108735,-0.2114],[0.108483,-0.211157],[0.108338,-0.211045],[0.108142,-0.210779],[0.10788,-0.210279],[0.107824,-0.210124],[0.107759,-0.209667],[0.107362,-0.208727],[0.10725,-0.208339],[0.107189,-0.208237],[0.107036,-0.207985],[0.106938,-0.207798],[0.106936,-0.207798],[0.106189,-0.208029],[0.10528,-0.208332],[0.104745,-0.208635],[0.104229,-0.209027],[0.103872,-0.209294],[0.10323,-0.20949],[0.10241,-0.209562],[0.101537,-0.209366],[0.100949,-0.208956],[0.100931,-0.208932],[0.10072,-0.208607],[0.095728,-0.210829]]]]}},{"type":"Feature","id":34,"properties":{"Name":"Nameless Reefs","Mapttitle":"Dark Ocean","SpecialFeatures":null,"AreaDescription":null,"FirstEvasion":2,"SecondEvasion":4,"FishHarvest":6,"WhaleHarvest":1,"Danger":25},"geometry":{"type":"MultiPolygon","coordinates":[[[[0.100469,-0.242887],[0.100235,-0.242761],[0.099334,-0.242093],[0.098347,-0.240641],[0.097476,-0.238203],[0.094805,-0.23292],[0.090683,-0.229611],[0.08422,-0.224809],[0.082305,-0.223491],[0.08013,-0.225836],[0.080366,-0.22635],[0.081296,-0.227678],[0.081928,-0.228634],[0.08311,-0.229816],[0.08379,-0.230026],[0.084163,-0.230447],[0.084892,-0.23116],[0.086074,-0.232018],[0.086624,-0.232617],[0.087693,-0.23346],[0.088876,-0.234836],[0.089653,-0.236488],[0.08952,-0.236528],[0.089656,-0.236496],[0.089803,-0.237159],[0.089878,-0.237457],[0.089958,-0.237683],[0.090003,-0.237962],[0.090056,-0.238286],[0.090154,-0.238678],[0.090259,-0.238923],[0.090361,-0.239285],[0.090478,-0.239722],[0.090542,-0.239997],[0.090625,-0.240438],[0.090666,-0.240781],[0.090749,-0.241037],[0.090889,-0.241584],[0.0911,-0.2421],[0.091231,-0.242416],[0.091469,-0.242884],[0.091725,-0.243253],[0.092042,-0.243679],[0.092215,-0.243954],[0.092422,-0.244225],[0.092652,-0.244572],[0.092916,-0.244994],[0.09315,-0.245243],[0.093485,-0.245462],[0.093986,-0.24591],[0.094303,-0.246189],[0.094729,-0.246524],[0.09503,-0.246799],[0.095148,-0.246911],[0.096865,-0.248943],[0.100469,-0.242887]]]]}},{"type":"Feature","id":35,"properties":{"Name":"Embrace","Mapttitle":"Dark Ocean","SpecialFeatures":null,"AreaDescription":null,"FirstEvasion":1,"SecondEvasion":2,"FishHarvest":6,"WhaleHarvest":1,"Danger":2},"geometry":{"type":"MultiPolygon","coordinates":[[[[0.101706,-0.197324],[0.102261,-0.197553],[0.102473,-0.197639],[0.102728,-0.197511],[0.102961,-0.197575],[0.103054,-0.197749],[0.103309,-0.198045],[0.103495,-0.198301],[0.10425,-0.198905],[0.10454,-0.199213],[0.105017,-0.199625],[0.105435,-0.199753],[0.105731,-0.199793],[0.106056,-0.199927],[0.106364,-0.20013],[0.106631,-0.200223],[0.106852,-0.200339],[0.106974,-0.200397],[0.10727,-0.200525],[0.107503,-0.200717],[0.107694,-0.200821],[0.107886,-0.20085],[0.10824,-0.200804],[0.108972,-0.20063],[0.109443,-0.200502],[0.109762,-0.200264],[0.110291,-0.20027],[0.111243,-0.200258],[0.111592,-0.200374],[0.111987,-0.200676],[0.112637,-0.200699],[0.113386,-0.200688],[0.113833,-0.20067],[0.114118,-0.200494],[0.114135,-0.200501],[0.114156,-0.200477],[0.114305,-0.2004],[0.114449,-0.200392],[0.11495,-0.20047],[0.115324,-0.200574],[0.116108,-0.200574],[0.116488,-0.200652],[0.116973,-0.200724],[0.117321,-0.200775],[0.117631,-0.200794],[0.11786,-0.200579],[0.117957,-0.200444],[0.118035,-0.200283],[0.118094,-0.20018],[0.118231,-0.200042],[0.118326,-0.199955],[0.118399,-0.199863],[0.118482,-0.199742],[0.118525,-0.199655],[0.118572,-0.199534],[0.118627,-0.199392],[0.118688,-0.199226],[0.118697,-0.1991],[0.118688,-0.198332],[0.118706,-0.198145],[0.118697,-0.198033],[0.118743,-0.197888],[0.118813,-0.197773],[0.118942,-0.19755],[0.118969,-0.197373],[0.11897,-0.196978],[0.118929,-0.196799],[0.118872,-0.196707],[0.118809,-0.196631],[0.118727,-0.196587],[0.118532,-0.196597],[0.118387,-0.19658],[0.118184,-0.196491],[0.118008,-0.19644],[0.117781,-0.196342],[0.117678,-0.196254],[0.117529,-0.196195],[0.117391,-0.196108],[0.117316,-0.196059],[0.117188,-0.196005],[0.117059,-0.195934],[0.11694,-0.195898],[0.116825,-0.195872],[0.116723,-0.195766],[0.116669,-0.195737],[0.116544,-0.195604],[0.116448,-0.195561],[0.116498,-0.195554],[0.116395,-0.195397],[0.116395,-0.195298],[0.11636,-0.195141],[0.116232,-0.194909],[0.116145,-0.194781],[0.116075,-0.194671],[0.115959,-0.194531],[0.115878,-0.194491],[0.115768,-0.194427],[0.115727,-0.194299],[0.115646,-0.194003],[0.115628,-0.193776],[0.115564,-0.19366],[0.115431,-0.193567],[0.115117,-0.193416],[0.114949,-0.193288],[0.114844,-0.193248],[0.114798,-0.193172],[0.114774,-0.193039],[0.114711,-0.192928],[0.114658,-0.192795],[0.114699,-0.192551],[0.114757,-0.192359],[0.115016,-0.192133],[0.11479,-0.192223],[0.111058,-0.187856],[0.111029,-0.187866],[0.110808,-0.187843],[0.110611,-0.187714],[0.110523,-0.187607],[0.110463,-0.18717],[0.110402,-0.187007],[0.110136,-0.186779],[0.109809,-0.186262],[0.109649,-0.185738],[0.109463,-0.185225],[0.109288,-0.18475],[0.109205,-0.184313],[0.109144,-0.184013],[0.109053,-0.183621],[0.108878,-0.18312],[0.108715,-0.182584],[0.108673,-0.182291],[0.108676,-0.182293],[0.108464,-0.182201],[0.108397,-0.182201],[0.108336,-0.182197],[0.10828,-0.182141],[0.108224,-0.181954],[0.108161,-0.181818],[0.108135,-0.181716],[0.108041,-0.181621],[0.107925,-0.181616],[0.107827,-0.181652],[0.107774,-0.181764],[0.107767,-0.181997],[0.107775,-0.182107],[0.107733,-0.182249],[0.107659,-0.182339],[0.107601,-0.182404],[0.107529,-0.182515],[0.107482,-0.1826],[0.107447,-0.182715],[0.1074,-0.182804],[0.107374,-0.182846],[0.107307,-0.183137],[0.107275,-0.183184],[0.10723,-0.183208],[0.107179,-0.183205],[0.107032,-0.183209],[0.101706,-0.197324]]]]}},{"type":"Feature","id":36,"properties":{"Name":"Dreaming Deep","Mapttitle":"Dark Ocean","SpecialFeatures":null,"AreaDescription":null,"FirstEvasion":3,"SecondEvasion":1,"FishHarvest":9,"WhaleHarvest":2,"Danger":2},"geometry":{"type":"MultiPolygon","coordinates":[[[[0.098986,-0.198551],[0.099622,-0.198379],[0.099859,-0.198173],[0.100115,-0.197952],[0.100608,-0.19761],[0.100876,-0.197482],[0.101404,-0.197342],[0.10188,-0.197424],[0.102258,-0.197551],[0.102261,-0.197553],[0.101706,-0.197324],[0.107032,-0.183209],[0.107179,-0.183205],[0.107138,-0.183203],[0.10697,-0.183201],[0.106866,-0.183189],[0.106847,-0.183136],[0.106834,-0.183057],[0.106782,-0.182937],[0.106737,-0.182758],[0.106697,-0.182682],[0.106656,-0.18255],[0.106638,-0.182459],[0.106584,-0.182351],[0.106515,-0.182214],[0.106459,-0.182023],[0.1064,-0.181878],[0.106327,-0.181647],[0.106233,-0.181339],[0.10616,-0.181026],[0.10611,-0.180671],[0.106054,-0.180498],[0.105954,-0.180295],[0.105876,-0.180138],[0.105877,-0.180137],[0.105837,-0.18011],[0.105802,-0.180103],[0.105627,-0.180153],[0.105482,-0.180201],[0.105403,-0.180225],[0.105354,-0.180225],[0.1053,-0.180234],[0.105246,-0.180256],[0.105182,-0.180258],[0.105065,-0.1802],[0.10493,-0.18012],[0.104839,-0.180062],[0.104749,-0.179971],[0.104578,-0.17981],[0.104476,-0.179714],[0.104229,-0.17954],[0.103996,-0.179338],[0.103911,-0.179283],[0.103819,-0.179165],[0.103676,-0.178934],[0.103606,-0.178832],[0.103317,-0.178578],[0.103123,-0.178378],[0.10293,-0.178235],[0.102768,-0.178127],[0.102707,-0.178095],[0.102647,-0.17806],[0.102526,-0.177933],[0.102403,-0.177772],[0.102303,-0.177715],[0.102201,-0.177684],[0.102135,-0.177659],[0.101957,-0.177663],[0.101796,-0.177666],[0.101668,-0.177621],[0.101634,-0.177588],[0.101626,-0.17755],[0.101624,-0.177504],[0.101633,-0.177482],[0.10158,-0.177425],[0.101503,-0.177396],[0.101412,-0.17739],[0.101308,-0.177235],[0.101184,-0.176957],[0.10107,-0.176862],[0.100698,-0.176614],[0.100202,-0.176306],[0.100102,-0.176252],[0.100013,-0.176192],[0.099894,-0.176068],[0.099661,-0.17587],[0.099403,-0.175726],[0.099135,-0.175527],[0.099051,-0.175493],[0.098882,-0.175448],[0.098713,-0.175369],[0.0985,-0.175289],[0.098336,-0.17522],[0.098212,-0.17519],[0.098108,-0.17518],[0.097929,-0.175165],[0.097919,-0.175051],[0.0979,-0.174937],[0.097885,-0.174873],[0.097805,-0.174704],[0.097786,-0.174639],[0.097751,-0.17454],[0.097701,-0.174456],[0.097671,-0.174406],[0.097617,-0.174312],[0.097562,-0.174233],[0.097513,-0.174188],[0.097463,-0.174183],[0.097418,-0.174183],[0.097352,-0.174224],[0.097298,-0.174404],[0.097275,-0.174454],[0.097204,-0.174468],[0.097132,-0.174512],[0.097096,-0.174588],[0.097078,-0.174638],[0.09702,-0.174709],[0.096971,-0.174718],[0.096877,-0.174727],[0.096698,-0.174732],[0.096563,-0.174727],[0.096406,-0.174705],[0.096245,-0.174683],[0.096097,-0.174597],[0.096044,-0.17453],[0.096045,-0.174529],[0.095936,-0.174395],[0.095857,-0.174257],[0.095815,-0.174115],[0.095717,-0.174001],[0.09566,-0.173846],[0.095506,-0.173595],[0.095354,-0.173283],[0.095204,-0.173051],[0.095111,-0.172818],[0.094931,-0.172595],[0.094591,-0.17231],[0.094187,-0.171842],[0.093807,-0.1713],[0.093774,-0.171233],[0.093487,-0.17107],[0.092988,-0.170818],[0.092674,-0.170766],[0.092451,-0.170528],[0.092268,-0.170488],[0.092071,-0.170433],[0.091924,-0.170385],[0.091786,-0.170423],[0.0917,-0.170412],[0.091605,-0.170314],[0.091391,-0.17021],[0.091308,-0.170134],[0.091228,-0.170089],[0.091104,-0.170043],[0.091045,-0.170062],[0.090969,-0.170074],[0.090924,-0.170074],[0.090817,-0.169965],[0.090586,-0.169656],[0.090467,-0.169457],[0.090199,-0.169203],[0.089935,-0.168877],[0.089923,-0.168833],[0.089823,-0.168505],[0.084725,-0.169814],[0.076336,-0.181365],[0.076398,-0.18193],[0.076409,-0.183307],[0.076423,-0.183693],[0.076401,-0.183944],[0.076355,-0.184127],[0.076345,-0.184222],[0.076274,-0.18442],[0.076226,-0.184576],[0.076168,-0.18469],[0.076112,-0.184808],[0.076105,-0.185005],[0.076103,-0.185219],[0.076104,-0.185387],[0.076102,-0.185607],[0.076133,-0.185822],[0.076175,-0.186042],[0.076179,-0.186122],[0.07623,-0.18634],[0.076251,-0.186474],[0.076309,-0.186633],[0.076347,-0.18675],[0.076394,-0.186915],[0.076461,-0.187057],[0.076531,-0.187213],[0.076577,-0.187433],[0.076685,-0.187895],[0.076703,-0.188051],[0.076706,-0.188376],[0.076759,-0.1887],[0.076839,-0.189164],[0.076901,-0.189463],[0.077037,-0.189809],[0.077027,-0.190292],[0.077009,-0.190806],[0.076939,-0.191164],[0.076937,-0.191607],[0.076891,-0.191902],[0.076827,-0.192258],[0.076723,-0.192589],[0.076645,-0.192907],[0.076645,-0.193342],[0.076665,-0.193586],[0.098986,-0.198551]]]]}},{"type":"Feature","id":37,"properties":{"Name":"Sea of the Three","Mapttitle":"Dark Ocean","SpecialFeatures":null,"AreaDescription":null,"FirstEvasion":0,"SecondEvasion":3,"FishHarvest":6,"WhaleHarvest":2,"Danger":5},"geometry":{"type":"MultiPolygon","coordinates":[[[[0.078201,-0.209291],[0.079172,-0.209497],[0.095629,-0.21085],[0.095737,-0.210825],[0.100703,-0.208614],[0.100628,-0.20851],[0.100467,-0.2081],[0.100004,-0.207512],[0.099719,-0.206977],[0.099558,-0.206585],[0.099255,-0.205943],[0.09893,-0.204881],[0.098895,-0.204463],[0.098825,-0.203993],[0.098651,-0.203336],[0.098448,-0.202965],[0.098215,-0.202709],[0.098053,-0.202372],[0.097815,-0.20203],[0.097646,-0.201931],[0.0976,-0.201727],[0.097733,-0.201414],[0.097861,-0.201123],[0.098088,-0.200694],[0.098227,-0.200363],[0.098378,-0.200061],[0.098593,-0.199782],[0.09875,-0.199375],[0.09897,-0.199038],[0.099185,-0.19876],[0.099622,-0.198379],[0.098986,-0.198551],[0.077115,-0.193686],[0.076383,-0.193538],[0.076402,-0.194255],[0.078201,-0.209291]]]]}},{"type":"Feature","id":38,"properties":{"Name":"Madman's Bay","Mapttitle":"Dark Ocean","SpecialFeatures":null,"AreaDescription":null,"FirstEvasion":1,"SecondEvasion":1,"FishHarvest":6,"WhaleHarvest":1,"Danger":5},"geometry":{"type":"MultiPolygon","coordinates":[[[[0.066888,-0.219275],[0.067143,-0.219396],[0.067298,-0.219495],[0.067715,-0.21974],[0.068171,-0.220001],[0.068181,-0.220033],[0.068177,-0.220002],[0.068349,-0.220119],[0.068593,-0.22029],[0.06905,-0.220489],[0.069601,-0.220638],[0.07074,-0.220711],[0.071033,-0.220749],[0.071552,-0.22088],[0.071886,-0.221119],[0.07203,-0.22129],[0.072125,-0.221516],[0.072191,-0.221795],[0.072229,-0.222075],[0.072187,-0.222525],[0.072017,-0.222844],[0.071771,-0.223209],[0.071491,-0.223642],[0.071121,-0.224087],[0.070939,-0.224219],[0.070803,-0.224317],[0.070654,-0.224525],[0.070688,-0.225599],[0.070697,-0.225726],[0.070565,-0.225658],[0.070489,-0.22565],[0.070379,-0.22576],[0.0704,-0.225892],[0.070323,-0.226303],[0.070366,-0.226635],[0.070404,-0.226987],[0.070523,-0.227373],[0.07079,-0.227819],[0.071155,-0.228074],[0.071512,-0.228273],[0.071784,-0.228388],[0.072399,-0.228341],[0.073104,-0.228159],[0.073813,-0.227883],[0.074505,-0.227352],[0.075112,-0.226431],[0.075757,-0.225645],[0.076373,-0.225624],[0.077362,-0.225628],[0.077705,-0.225642],[0.077723,-0.225614],[0.078107,-0.225593],[0.078977,-0.225634],[0.079734,-0.225655],[0.080128,-0.225831],[0.08013,-0.225836],[0.08228,-0.223517],[0.082328,-0.223402],[0.082323,-0.223399],[0.079246,-0.217593],[0.079132,-0.216784],[0.078882,-0.215764],[0.073271,-0.215949],[0.066888,-0.219275]]]]}},{"type":"Feature","id":39,"properties":{"Name":"Grey Reefs","Mapttitle":"Dark Ocean","SpecialFeatures":null,"AreaDescription":null,"FirstEvasion":2,"SecondEvasion":2,"FishHarvest":6,"WhaleHarvest":1,"Danger":12},"geometry":{"type":"MultiPolygon","coordinates":[[[[0.063446,-0.21863],[0.063506,-0.218622],[0.063795,-0.218583],[0.064173,-0.218494],[0.064484,-0.218422],[0.064801,-0.218327],[0.065113,-0.218277],[0.065407,-0.218261],[0.065624,-0.21825],[0.065963,-0.218188],[0.066063,-0.218277],[0.066141,-0.218472],[0.066241,-0.218728],[0.066491,-0.218984],[0.066853,-0.219211],[0.066924,-0.219257],[0.073271,-0.215949],[0.078882,-0.215764],[0.079132,-0.216784],[0.078085,-0.209408],[0.079172,-0.209497],[0.078201,-0.209291],[0.076843,-0.197945],[0.063591,-0.203271],[0.063655,-0.203472],[0.063709,-0.203629],[0.063774,-0.204067],[0.063985,-0.204747],[0.064163,-0.205168],[0.064114,-0.206059],[0.064017,-0.206383],[0.063871,-0.206771],[0.063887,-0.207095],[0.064017,-0.208115],[0.064098,-0.208391],[0.064033,-0.209492],[0.064017,-0.210059],[0.063887,-0.210674],[0.063466,-0.211289],[0.063288,-0.211484],[0.06298,-0.211727],[0.062835,-0.211824],[0.062689,-0.211986],[0.062592,-0.212293],[0.062576,-0.212666],[0.06255,-0.213147],[0.06267,-0.213258],[0.062662,-0.213391],[0.062708,-0.21349],[0.062769,-0.213573],[0.063446,-0.21863]]]]}},{"type":"Feature","id":40,"properties":{"Name":"Twilit Sea","Mapttitle":"Dark Ocean","SpecialFeatures":null,"AreaDescription":null,"FirstEvasion":2,"SecondEvasion":2,"FishHarvest":6,"WhaleHarvest":1,"Danger":5},"geometry":{"type":"MultiPolygon","coordinates":[[[[0.059476,-0.200267],[0.05958,-0.200427],[0.059583,-0.200437],[0.059697,-0.200611],[0.059897,-0.200938],[0.060045,-0.20118],[0.06026,-0.201395],[0.060519,-0.20154],[0.060697,-0.201735],[0.060972,-0.201978],[0.061102,-0.202107],[0.061183,-0.202285],[0.061377,-0.202447],[0.06162,-0.20248],[0.06196,-0.202625],[0.062074,-0.202901],[0.062268,-0.203046],[0.062527,-0.203063],[0.06298,-0.202965],[0.063515,-0.203063],[0.063655,-0.203472],[0.063591,-0.203271],[0.076843,-0.197945],[0.076402,-0.194255],[0.076496,-0.19418],[0.07649,-0.194175],[0.07639,-0.194088],[0.076323,-0.193895],[0.076183,-0.193821],[0.0761,-0.193558],[0.076066,-0.193371],[0.076005,-0.193299],[0.075886,-0.19314],[0.075973,-0.193238],[0.075856,-0.193034],[0.07574,-0.192932],[0.075689,-0.192828],[0.075676,-0.192763],[0.075583,-0.192532],[0.075523,-0.192449],[0.075432,-0.192269],[0.075436,-0.192176],[0.075398,-0.192065],[0.075337,-0.191955],[0.075284,-0.191838],[0.075123,-0.191682],[0.075095,-0.191633],[0.075032,-0.191578],[0.074942,-0.191563],[0.074796,-0.191561],[0.074694,-0.191495],[0.07458,-0.19133],[0.074472,-0.191145],[0.074329,-0.190969],[0.0732,-0.189638],[0.073077,-0.189583],[0.072776,-0.189494],[0.072505,-0.189434],[0.072157,-0.189386],[0.071676,-0.189373],[0.071305,-0.189386],[0.071091,-0.189295],[0.070938,-0.189106],[0.070815,-0.188972],[0.070724,-0.188894],[0.070571,-0.188809],[0.070495,-0.188754],[0.070469,-0.188682],[0.070508,-0.188639],[0.070548,-0.18861],[0.070569,-0.188567],[0.070541,-0.188489],[0.070469,-0.18843],[0.070402,-0.188362],[0.070321,-0.188305],[0.070249,-0.188264],[0.070185,-0.188205],[0.07013,-0.188133],[0.070028,-0.188063],[0.069946,-0.188037],[0.069874,-0.188023],[0.06981,-0.188001],[0.06971,-0.187978],[0.069596,-0.187938],[0.069414,-0.187876],[0.069269,-0.187828],[0.06907,-0.187781],[0.068922,-0.187745],[0.068697,-0.1877],[0.068574,-0.187664],[0.068161,-0.187594],[0.067762,-0.187503],[0.067521,-0.187474],[0.067323,-0.187461],[0.067063,-0.187389],[0.066713,-0.187219],[0.066516,-0.187109],[0.066422,-0.187047],[0.066287,-0.186967],[0.066155,-0.18688],[0.066034,-0.186804],[0.065945,-0.186761],[0.065721,-0.186632],[0.065496,-0.18649],[0.06542,-0.186428],[0.065288,-0.186356],[0.065206,-0.186276],[0.065112,-0.186193],[0.064962,-0.186093],[0.064822,-0.185928],[0.064682,-0.185852],[0.064381,-0.185886],[0.064357,-0.185878],[0.06037,-0.186144],[0.059476,-0.200267]]]]}},{"type":"Feature","id":41,"properties":{"Name":"Lonesome Bay","Mapttitle":"Dark Ocean","SpecialFeatures":null,"AreaDescription":null,"FirstEvasion":2,"SecondEvasion":2,"FishHarvest":6,"WhaleHarvest":2,"Danger":5},"geometry":{"type":"MultiPolygon","coordinates":[[[[0.051029,-0.222465],[0.051908,-0.221778],[0.052125,-0.221643],[0.052335,-0.221429],[0.052517,-0.221098],[0.052708,-0.220893],[0.052983,-0.220702],[0.053318,-0.220534],[0.054083,-0.220417],[0.054772,-0.220413],[0.055586,-0.220416],[0.055796,-0.220362],[0.056251,-0.220321],[0.056424,-0.220349],[0.056372,-0.220279],[0.056756,-0.220107],[0.057273,-0.219801],[0.058046,-0.219206],[0.058941,-0.218733],[0.059708,-0.218628],[0.059986,-0.218678],[0.060498,-0.219011],[0.060792,-0.219239],[0.061221,-0.2192],[0.061615,-0.219106],[0.062105,-0.218989],[0.062772,-0.218806],[0.063178,-0.218667],[0.063506,-0.218622],[0.063446,-0.21863],[0.062769,-0.213573],[0.062574,-0.213471],[0.062252,-0.21265],[0.06209,-0.212391],[0.061636,-0.211986],[0.061393,-0.211791],[0.061248,-0.211484],[0.06081,-0.210771],[0.060487,-0.209719],[0.060325,-0.209524],[0.060065,-0.209638],[0.059887,-0.21014],[0.059693,-0.210285],[0.059731,-0.209819],[0.05977,-0.209386],[0.059888,-0.208974],[0.059956,-0.20872],[0.060169,-0.208248],[0.060255,-0.208022],[0.06034,-0.207789],[0.05614,-0.206679],[0.052657,-0.205924],[0.047722,-0.205402],[0.041046,-0.204705],[0.051029,-0.222465]]]]}},{"type":"Feature","id":42,"properties":{"Name":"Grim's Grave","Mapttitle":"Dark Ocean","SpecialFeatures":null,"AreaDescription":null,"FirstEvasion":2,"SecondEvasion":2,"FishHarvest":6,"WhaleHarvest":2,"Danger":5},"geometry":{"type":"MultiPolygon","coordinates":[[[[0.041047,-0.204703],[0.043422,-0.204953],[0.047722,-0.205402],[0.052657,-0.205924],[0.05614,-0.206679],[0.06034,-0.207789],[0.060255,-0.208022],[0.060398,-0.20765],[0.060636,-0.206949],[0.06072,-0.20641],[0.060822,-0.206037],[0.060784,-0.205374],[0.060538,-0.205013],[0.060173,-0.204572],[0.059978,-0.20399],[0.059719,-0.203528],[0.059498,-0.203073],[0.059294,-0.202335],[0.059205,-0.201587],[0.059192,-0.201269],[0.059277,-0.200951],[0.059337,-0.200696],[0.059409,-0.200437],[0.059438,-0.200301],[0.059476,-0.200268],[0.059476,-0.200267],[0.060365,-0.186211],[0.060369,-0.186145],[0.044358,-0.185235],[0.041047,-0.204703]]]]}},{"type":"Feature","id":43,"properties":{"Name":"Ashrain Passage","Mapttitle":"Dark Ocean","SpecialFeatures":null,"AreaDescription":null,"FirstEvasion":2,"SecondEvasion":2,"FishHarvest":3,"WhaleHarvest":0,"Danger":15},"geometry":{"type":"MultiPolygon","coordinates":[[[[0.193806,-0.135753],[0.193231,-0.134536],[0.193065,-0.134355],[0.192754,-0.134017],[0.192522,-0.133438],[0.1924,-0.133049],[0.192185,-0.132806],[0.19218,-0.132295],[0.192174,-0.131913],[0.192378,-0.131824],[0.192533,-0.131757],[0.192534,-0.131758],[0.19384,-0.130639],[0.1938,-0.130574],[0.193815,-0.130437],[0.193868,-0.13029],[0.19392,-0.130227],[0.194007,-0.130126],[0.194074,-0.13005],[0.194112,-0.129995],[0.194158,-0.129869],[0.194211,-0.129768],[0.194247,-0.12956],[0.194255,-0.12936],[0.194179,-0.129128],[0.194158,-0.128954],[0.194066,-0.128699],[0.193965,-0.128377],[0.193853,-0.127883],[0.193803,-0.127637],[0.193786,-0.127401],[0.193784,-0.127138],[0.193836,-0.126808],[0.19383,-0.126183],[0.193763,-0.125783],[0.193674,-0.125377],[0.193605,-0.125032],[0.193611,-0.124823],[0.193571,-0.124594],[0.193597,-0.124426],[0.193649,-0.124196],[0.193758,-0.123988],[0.193893,-0.123816],[0.193977,-0.123542],[0.193916,-0.123368],[0.193765,-0.123145],[0.19351,-0.122802],[0.193449,-0.122795],[0.193306,-0.122726],[0.193157,-0.122644],[0.193104,-0.122616],[0.19307,-0.122618],[0.19303,-0.12265],[0.193022,-0.122644],[0.193011,-0.122608],[0.193024,-0.122574],[0.193049,-0.122524],[0.193051,-0.122025],[0.193058,-0.121628],[0.193081,-0.121299],[0.193152,-0.121135],[0.193188,-0.120973],[0.193165,-0.1207],[0.193176,-0.12055],[0.193184,-0.120334],[0.193148,-0.120077],[0.193136,-0.119829],[0.193132,-0.11969],[0.193028,-0.119359],[0.192984,-0.119065],[0.192925,-0.118789],[0.192875,-0.118615],[0.192826,-0.118459],[0.192534,-0.118208],[0.192359,-0.11799],[0.192349,-0.117981],[0.192611,-0.118315],[0.189149,-0.119116],[0.188864,-0.118731],[0.189027,-0.118969],[0.189139,-0.119123],[0.189243,-0.119401],[0.189269,-0.119541],[0.189226,-0.119687],[0.189167,-0.119665],[0.189075,-0.119513],[0.18901,-0.119395],[0.18892,-0.119272],[0.188836,-0.119227],[0.188794,-0.119305],[0.188749,-0.119491],[0.188671,-0.119634],[0.188455,-0.11992],[0.18825,-0.120187],[0.187966,-0.120361],[0.187669,-0.120602],[0.187413,-0.120796],[0.187189,-0.121138],[0.186978,-0.121338],[0.186745,-0.121593],[0.186436,-0.121767],[0.186016,-0.122022],[0.185965,-0.122053],[0.185982,-0.121799],[0.185973,-0.121915],[0.185963,-0.122046],[0.185878,-0.122152],[0.18585,-0.122188],[0.187869,-0.125423],[0.187816,-0.125498],[0.187889,-0.125417],[0.188451,-0.125081],[0.188868,-0.124855],[0.189266,-0.124647],[0.189583,-0.124447],[0.189837,-0.124357],[0.189683,-0.124701],[0.189456,-0.125027],[0.189203,-0.125444],[0.189085,-0.12567],[0.189212,-0.125797],[0.189203,-0.126078],[0.189339,-0.126386],[0.189296,-0.126413],[0.189383,-0.126423],[0.189583,-0.126551],[0.189871,-0.126716],[0.190141,-0.126869],[0.19033,-0.127032],[0.190439,-0.127204],[0.190502,-0.12746],[0.190706,-0.128123],[0.190774,-0.128434],[0.190916,-0.129013],[0.190988,-0.129427],[0.191048,-0.129797],[0.190997,-0.13029],[0.190878,-0.130695],[0.190604,-0.131497],[0.190518,-0.131683],[0.19033,-0.132193],[0.190285,-0.132423],[0.190204,-0.132958],[0.190176,-0.133262],[0.190174,-0.133265],[0.190241,-0.13336],[0.190302,-0.133462],[0.19036,-0.133837],[0.190409,-0.134051],[0.190334,-0.134386],[0.190237,-0.134514],[0.190257,-0.134735],[0.190418,-0.135207],[0.190664,-0.135532],[0.190892,-0.135851],[0.19113,-0.136172],[0.191483,-0.136404],[0.191781,-0.136632],[0.191886,-0.136778],[0.19189,-0.136777],[0.193413,-0.135968],[0.193806,-0.135753]]]]}},{"type":"Feature","id":44,"properties":{"Name":"Gutted Man","Mapttitle":"Dark Ocean","SpecialFeatures":null,"AreaDescription":null,"FirstEvasion":2,"SecondEvasion":2,"FishHarvest":6,"WhaleHarvest":1,"Danger":12},"geometry":{"type":"MultiPolygon","coordinates":[[[[0.200817,-0.117158],[0.197312,-0.115334],[0.197312,-0.115335],[0.197309,-0.115346],[0.197245,-0.115491],[0.197224,-0.115641],[0.19722,-0.115933],[0.197227,-0.11603],[0.197337,-0.116191],[0.19747,-0.116386],[0.197545,-0.116478],[0.197623,-0.116732],[0.19764,-0.117008],[0.197642,-0.117215],[0.197612,-0.117391],[0.197605,-0.117496],[0.197593,-0.117571],[0.19754,-0.117748],[0.197521,-0.117831],[0.197495,-0.117976],[0.197452,-0.118131],[0.197443,-0.118203],[0.197409,-0.118306],[0.197382,-0.118386],[0.19735,-0.118467],[0.197345,-0.118557],[0.19733,-0.118703],[0.197307,-0.118756],[0.197292,-0.118876],[0.19731,-0.119045],[0.197343,-0.119185],[0.197351,-0.119342],[0.197313,-0.119349],[0.19735,-0.119345],[0.19736,-0.119526],[0.197351,-0.119778],[0.197299,-0.120048],[0.197281,-0.120229],[0.19715,-0.120546],[0.197053,-0.120801],[0.196744,-0.121325],[0.196693,-0.121447],[0.196586,-0.121703],[0.196548,-0.122084],[0.196504,-0.122202],[0.1965,-0.122696],[0.196502,-0.123233],[0.196513,-0.123643],[0.196481,-0.123912],[0.196462,-0.124091],[0.19646,-0.124337],[0.196487,-0.124495],[0.196439,-0.124533],[0.196462,-0.124579],[0.196527,-0.124699],[0.19654,-0.124765],[0.196525,-0.125074],[0.196519,-0.125249],[0.196473,-0.125432],[0.196435,-0.125581],[0.196384,-0.125743],[0.196353,-0.125945],[0.196342,-0.126063],[0.196327,-0.126237],[0.196334,-0.12637],[0.196325,-0.126557],[0.196311,-0.126614],[0.196281,-0.126681],[0.196195,-0.126831],[0.196128,-0.127028],[0.196067,-0.127136],[0.19601,-0.12723],[0.195938,-0.127306],[0.195888,-0.12739],[0.195806,-0.127555],[0.195753,-0.127668],[0.195711,-0.127824],[0.195682,-0.128074],[0.195667,-0.128162],[0.195641,-0.128249],[0.195623,-0.128291],[0.195559,-0.128365],[0.195452,-0.128527],[0.195378,-0.128648],[0.195305,-0.128806],[0.195217,-0.128914],[0.195067,-0.129084],[0.194939,-0.129297],[0.194564,-0.129682],[0.194438,-0.129852],[0.194305,-0.13001],[0.194097,-0.130184],[0.194,-0.130273],[0.193942,-0.13034],[0.193885,-0.130424],[0.193861,-0.130494],[0.193849,-0.130555],[0.193841,-0.130641],[0.19384,-0.130639],[0.192534,-0.131758],[0.19302,-0.132568],[0.193432,-0.133304],[0.193478,-0.13389],[0.193275,-0.13418],[0.193246,-0.134551],[0.193065,-0.134355],[0.193231,-0.134536],[0.193806,-0.135753],[0.193413,-0.135968],[0.196281,-0.134444],[0.196191,-0.134282],[0.196232,-0.134081],[0.196347,-0.133734],[0.196429,-0.133519],[0.196575,-0.133195],[0.196712,-0.132943],[0.196968,-0.13272],[0.197392,-0.132446],[0.19789,-0.132149],[0.198566,-0.131647],[0.199055,-0.1313],[0.199909,-0.130802],[0.201475,-0.129391],[0.201703,-0.129085],[0.2019,-0.128724],[0.202423,-0.128058],[0.202744,-0.127437],[0.202687,-0.127088],[0.202665,-0.126745],[0.202644,-0.12661],[0.202644,-0.12661],[0.202626,-0.126524],[0.202595,-0.125938],[0.20249,-0.125813],[0.202312,-0.125217],[0.202082,-0.124433],[0.201893,-0.124055],[0.201826,-0.123693],[0.201645,-0.123138],[0.201571,-0.12279],[0.201518,-0.122637],[0.201398,-0.122509],[0.201257,-0.122336],[0.201076,-0.122075],[0.200876,-0.121693],[0.200541,-0.121105],[0.200387,-0.12065],[0.200548,-0.120242],[0.200755,-0.119713],[0.200862,-0.119285],[0.200903,-0.118911],[0.200878,-0.11864],[0.200817,-0.117158]]]]}},{"type":"Feature","id":45,"properties":{"Name":"Daring Sea","Mapttitle":"Dark Ocean","SpecialFeatures":null,"AreaDescription":null,"FirstEvasion":2,"SecondEvasion":1,"FishHarvest":6,"WhaleHarvest":3,"Danger":5},"geometry":{"type":"MultiPolygon","coordinates":[[[[0.207202,-0.120524],[0.205286,-0.115241],[0.206679,-0.111177],[0.210105,-0.105836],[0.213298,-0.102179],[0.215214,-0.099334],[0.21562,-0.095967],[0.216026,-0.093412],[0.212601,-0.093702],[0.207028,-0.093702],[0.203333,-0.093392],[0.20332,-0.093516],[0.20332,-0.093809],[0.203365,-0.094092],[0.20332,-0.09441],[0.203042,-0.094481],[0.203019,-0.094486],[0.203201,-0.094453],[0.203174,-0.094609],[0.203096,-0.094914],[0.203049,-0.095117],[0.202947,-0.095395],[0.202818,-0.095734],[0.20268,-0.096039],[0.202561,-0.096307],[0.202463,-0.09654],[0.202419,-0.096645],[0.202371,-0.096828],[0.2023,-0.097076],[0.202298,-0.097082],[0.20457,-0.098625],[0.204585,-0.098636],[0.204594,-0.098642],[0.204615,-0.098728],[0.204651,-0.098882],[0.20467,-0.098968],[0.204701,-0.099079],[0.204758,-0.099189],[0.204829,-0.09927],[0.204899,-0.099381],[0.204915,-0.099463],[0.204936,-0.099783],[0.204966,-0.100043],[0.204966,-0.100155],[0.204977,-0.100275],[0.204962,-0.100398],[0.20494,-0.100485],[0.204912,-0.100661],[0.204912,-0.100786],[0.204914,-0.100934],[0.204934,-0.101012],[0.204947,-0.101064],[0.204934,-0.101396],[0.204956,-0.101474],[0.204999,-0.101591],[0.205008,-0.101665],[0.205055,-0.101897],[0.205075,-0.101955],[0.205151,-0.10246],[0.205151,-0.102523],[0.205179,-0.102996],[0.205077,-0.103109],[0.205021,-0.103226],[0.204936,-0.103373],[0.204858,-0.103516],[0.204773,-0.103729],[0.20445,-0.104232],[0.204312,-0.104434],[0.204266,-0.104536],[0.204238,-0.104579],[0.204213,-0.104607],[0.204234,-0.104617],[0.204216,-0.104778],[0.204136,-0.104965],[0.203894,-0.105388],[0.203713,-0.105778],[0.203504,-0.106201],[0.20326,-0.106731],[0.203063,-0.107101],[0.202885,-0.107342],[0.202611,-0.10772],[0.202396,-0.108111],[0.202313,-0.108122],[0.202256,-0.108179],[0.202158,-0.108333],[0.202012,-0.10859],[0.201693,-0.108995],[0.201431,-0.109311],[0.201213,-0.109471],[0.200945,-0.109718],[0.200849,-0.109793],[0.200738,-0.109923],[0.200659,-0.110012],[0.200568,-0.110102],[0.200419,-0.110215],[0.200246,-0.110334],[0.199979,-0.110521],[0.199846,-0.110604],[0.199688,-0.110681],[0.199455,-0.11087],[0.199315,-0.111044],[0.198938,-0.111494],[0.198622,-0.112009],[0.198497,-0.112252],[0.19826,-0.112613],[0.197965,-0.113013],[0.197761,-0.113205],[0.197694,-0.11336],[0.197528,-0.113287],[0.197699,-0.113371],[0.19765,-0.113435],[0.19762,-0.113474],[0.197481,-0.11372],[0.197383,-0.114078],[0.197377,-0.114414],[0.19737,-0.114828],[0.197367,-0.115128],[0.197348,-0.115208],[0.197312,-0.115335],[0.197312,-0.115334],[0.200817,-0.117158],[0.200818,-0.117162],[0.200822,-0.117151],[0.200916,-0.117466],[0.201237,-0.117947],[0.201478,-0.118268],[0.201645,-0.118456],[0.201812,-0.118663],[0.201973,-0.118917],[0.20218,-0.119305],[0.202327,-0.119693],[0.202441,-0.120155],[0.202863,-0.121312],[0.20305,-0.121406],[0.203237,-0.121533],[0.20324,-0.121538],[0.206162,-0.12079],[0.207202,-0.120524]]]]}},{"type":"Feature","id":46,"properties":{"Name":"Ebon Sea","Mapttitle":"Dark Ocean","SpecialFeatures":null,"AreaDescription":null,"FirstEvasion":2,"SecondEvasion":2,"FishHarvest":6,"WhaleHarvest":1,"Danger":2},"geometry":{"type":"MultiPolygon","coordinates":[[[[0.216024,-0.093411],[0.213244,-0.081456],[0.213076,-0.08156],[0.212849,-0.0817],[0.212564,-0.081767],[0.212303,-0.081669],[0.212139,-0.081478],[0.211937,-0.081241],[0.20516,-0.085073],[0.20516,-0.085074],[0.204976,-0.085409],[0.204803,-0.085659],[0.204777,-0.085656],[0.204802,-0.085819],[0.204778,-0.086206],[0.204605,-0.08634],[0.204526,-0.086679],[0.204613,-0.0872],[0.204668,-0.087484],[0.204613,-0.087673],[0.204494,-0.087902],[0.204321,-0.088068],[0.20425,-0.088233],[0.204132,-0.088525],[0.204045,-0.088793],[0.204005,-0.088991],[0.203879,-0.089267],[0.203808,-0.089369],[0.203658,-0.089456],[0.203587,-0.089614],[0.203587,-0.089779],[0.203666,-0.089898],[0.203753,-0.090087],[0.20369,-0.090308],[0.203595,-0.090671],[0.203587,-0.090907],[0.203414,-0.091239],[0.203201,-0.091633],[0.203182,-0.091627],[0.203209,-0.091638],[0.203254,-0.091759],[0.203345,-0.092093],[0.20338,-0.092279],[0.20334,-0.092789],[0.20333,-0.093178],[0.20332,-0.09341],[0.20332,-0.093516],[0.203333,-0.093392],[0.207028,-0.093702],[0.212601,-0.093702],[0.215324,-0.093472],[0.216024,-0.093411]]]]}},{"type":"Feature","id":47,"properties":{"Name":"Sheltered Deep","Mapttitle":"Dark Ocean","SpecialFeatures":null,"AreaDescription":null,"FirstEvasion":0,"SecondEvasion":2,"FishHarvest":6,"WhaleHarvest":1,"Danger":2},"geometry":{"type":"MultiPolygon","coordinates":[[[[0.202335,-0.066733],[0.202297,-0.066954],[0.200626,-0.066619],[0.200604,-0.066745],[0.200676,-0.067003],[0.200695,-0.068219],[0.200669,-0.068703],[0.200385,-0.069739],[0.200283,-0.070327],[0.200104,-0.070772],[0.199849,-0.071553],[0.199813,-0.071687],[0.199659,-0.073068],[0.199755,-0.07316],[0.19991,-0.073267],[0.200082,-0.073396],[0.200162,-0.073433],[0.200487,-0.073594],[0.20039,-0.073732],[0.200336,-0.07381],[0.200255,-0.073912],[0.200206,-0.073982],[0.200152,-0.074141],[0.200165,-0.07426],[0.200193,-0.074411],[0.200242,-0.074542],[0.200344,-0.074952],[0.200347,-0.074953],[0.200454,-0.075083],[0.20057,-0.075218],[0.200645,-0.075437],[0.200682,-0.075651],[0.200924,-0.076186],[0.20098,-0.076623],[0.201036,-0.077065],[0.201101,-0.077186],[0.200984,-0.077451],[0.200901,-0.077726],[0.200789,-0.077982],[0.200715,-0.078275],[0.200575,-0.07841],[0.200463,-0.078652],[0.200375,-0.078824],[0.200314,-0.078954],[0.200212,-0.079075],[0.200096,-0.079201],[0.200007,-0.079331],[0.199914,-0.079475],[0.199865,-0.079522],[0.200929,-0.081299],[0.201109,-0.081217],[0.201304,-0.081358],[0.201585,-0.081477],[0.201867,-0.081661],[0.202214,-0.081769],[0.202441,-0.081791],[0.202734,-0.081715],[0.202896,-0.081704],[0.203069,-0.081802],[0.203124,-0.082051],[0.20334,-0.082333],[0.203622,-0.082495],[0.203828,-0.082593],[0.204185,-0.083026],[0.204445,-0.083264],[0.204727,-0.083676],[0.204878,-0.084066],[0.205008,-0.084445],[0.205073,-0.084868],[0.20516,-0.085073],[0.211937,-0.081241],[0.21187,-0.081162],[0.211882,-0.081088],[0.211601,-0.080698],[0.211265,-0.080316],[0.211086,-0.080152],[0.210848,-0.080031],[0.21084,-0.079864],[0.210846,-0.080039],[0.210611,-0.080053],[0.210491,-0.080011],[0.21021,-0.07984],[0.210023,-0.079826],[0.209889,-0.079678],[0.209747,-0.079451],[0.209722,-0.079346],[0.209571,-0.079312],[0.209398,-0.079335],[0.209293,-0.079343],[0.209154,-0.079269],[0.209009,-0.079017],[0.208907,-0.078838],[0.20879,-0.07865],[0.208711,-0.078576],[0.208574,-0.078466],[0.208398,-0.078352],[0.208234,-0.078156],[0.208001,-0.078062],[0.207742,-0.077977],[0.207572,-0.077957],[0.207447,-0.07802],[0.207191,-0.078043],[0.207015,-0.078006],[0.206862,-0.07798],[0.206666,-0.077801],[0.206572,-0.077722],[0.206328,-0.077628],[0.206212,-0.077531],[0.206143,-0.077386],[0.206132,-0.077307],[0.206146,-0.077253],[0.206081,-0.077159],[0.205959,-0.077],[0.205831,-0.076867],[0.205666,-0.076694],[0.205419,-0.076574],[0.205246,-0.076503],[0.205107,-0.076489],[0.204979,-0.076509],[0.204834,-0.076503],[0.204726,-0.076472],[0.20461,-0.076322],[0.204522,-0.076157],[0.204457,-0.075907],[0.204312,-0.075498],[0.2043,-0.07537],[0.204252,-0.075163],[0.204175,-0.074939],[0.204147,-0.074635],[0.204224,-0.074072],[0.204326,-0.073794],[0.204414,-0.073652],[0.204428,-0.073482],[0.204428,-0.073394],[0.204397,-0.073294],[0.204329,-0.07324],[0.204229,-0.07322],[0.204286,-0.073067],[0.204354,-0.072951],[0.204425,-0.072706],[0.204434,-0.072559],[0.204386,-0.072289],[0.204332,-0.071928],[0.204289,-0.071568],[0.204246,-0.071275],[0.204181,-0.071076],[0.204136,-0.070983],[0.204036,-0.07052],[0.204019,-0.070452],[0.204016,-0.070411],[0.203993,-0.070413],[0.203883,-0.070285],[0.203609,-0.070145],[0.203469,-0.070041],[0.203274,-0.069675],[0.203195,-0.069377],[0.202987,-0.069054],[0.202939,-0.068938],[0.202786,-0.068828],[0.202658,-0.068572],[0.202634,-0.06831],[0.202518,-0.068189],[0.20239,-0.067987],[0.202317,-0.067835],[0.20225,-0.067622],[0.202268,-0.067428],[0.202335,-0.066733]]]]}},{"type":"Feature","id":48,"properties":{"Name":"Seahook","Mapttitle":"Dark Ocean","SpecialFeatures":null,"AreaDescription":null,"FirstEvasion":2,"SecondEvasion":5,"FishHarvest":6,"WhaleHarvest":1,"Danger":2},"geometry":{"type":"MultiPolygon","coordinates":[[[[0.207566,-0.067009],[0.207689,-0.065573],[0.207765,-0.065406],[0.207802,-0.065272],[0.207788,-0.065057],[0.207681,-0.064828],[0.207499,-0.064809],[0.20734,-0.064749],[0.207223,-0.064735],[0.207078,-0.064702],[0.206994,-0.064632],[0.206812,-0.064389],[0.206704,-0.064169],[0.206644,-0.06401],[0.206522,-0.063936],[0.206097,-0.063641],[0.205704,-0.063403],[0.205494,-0.06338],[0.205106,-0.06337],[0.204634,-0.063305],[0.204457,-0.063235],[0.204451,-0.063232],[0.20406,-0.063243],[0.203584,-0.063217],[0.202888,-0.063437],[0.202435,-0.06358],[0.202218,-0.063742],[0.202086,-0.06398],[0.201914,-0.064239],[0.201552,-0.064544],[0.20129,-0.064834],[0.201184,-0.065242],[0.201118,-0.065495],[0.20104,-0.065525],[0.201114,-0.065532],[0.200649,-0.06649],[0.200626,-0.066619],[0.202297,-0.066954],[0.202335,-0.066733],[0.202341,-0.066696],[0.202415,-0.066537],[0.202463,-0.066476],[0.202488,-0.066367],[0.202561,-0.066172],[0.202604,-0.065952],[0.202689,-0.065763],[0.202713,-0.065641],[0.202689,-0.065416],[0.202658,-0.06527],[0.202671,-0.064867],[0.202786,-0.064581],[0.202866,-0.064447],[0.202933,-0.064356],[0.203091,-0.064197],[0.203176,-0.064136],[0.203347,-0.064027],[0.203444,-0.063953],[0.203444,-0.063911],[0.203511,-0.063789],[0.203591,-0.063789],[0.203597,-0.063892],[0.203469,-0.064027],[0.203347,-0.064161],[0.203304,-0.064356],[0.203268,-0.064471],[0.203347,-0.064685],[0.203463,-0.064837],[0.203518,-0.06516],[0.203615,-0.065233],[0.203773,-0.065459],[0.203792,-0.06555],[0.203767,-0.065739],[0.203725,-0.065909],[0.203652,-0.066196],[0.203548,-0.066354],[0.203585,-0.066446],[0.203725,-0.066549],[0.20392,-0.066641],[0.203987,-0.066769],[0.204194,-0.066805],[0.204346,-0.066781],[0.204438,-0.066714],[0.204621,-0.066555],[0.20473,-0.066494],[0.204761,-0.066689],[0.204962,-0.066683],[0.205114,-0.066665],[0.205169,-0.066939],[0.205352,-0.067012],[0.205553,-0.067128],[0.205632,-0.067274],[0.205833,-0.067415],[0.205961,-0.0675],[0.206181,-0.067543],[0.206601,-0.067518],[0.206875,-0.067317],[0.20732,-0.067067],[0.207512,-0.067029],[0.207566,-0.067009]]]]}},{"type":"Feature","id":49,"properties":{"Name":"Bay of Night","Mapttitle":"Dark Ocean","SpecialFeatures":null,"AreaDescription":null,"FirstEvasion":2,"SecondEvasion":2,"FishHarvest":6,"WhaleHarvest":0,"Danger":5},"geometry":{"type":"MultiPolygon","coordinates":[[[[0.196768,-0.07128],[0.196724,-0.071264],[0.196724,-0.071258],[0.196722,-0.071263],[0.19672,-0.071262],[0.1965,-0.071255],[0.196377,-0.071207],[0.196151,-0.071163],[0.195945,-0.071122],[0.195455,-0.071091],[0.195325,-0.071074],[0.195187,-0.070967],[0.195071,-0.070858],[0.194985,-0.070748],[0.194882,-0.070655],[0.19478,-0.070532],[0.194666,-0.070494],[0.194533,-0.070511],[0.194403,-0.070518],[0.194289,-0.070539],[0.194166,-0.070529],[0.193967,-0.070539],[0.193873,-0.070548],[0.193779,-0.070583],[0.193658,-0.070627],[0.193551,-0.070638],[0.193483,-0.07061],[0.193325,-0.070531],[0.19322,-0.070408],[0.193027,-0.070169],[0.1928,-0.06992],[0.192651,-0.069804],[0.192554,-0.069683],[0.192523,-0.069615],[0.192522,-0.069558],[0.192517,-0.069544],[0.192517,-0.069554],[0.192409,-0.069568],[0.192357,-0.06962],[0.19239,-0.069804],[0.192385,-0.069803],[0.192398,-0.069806],[0.19246,-0.069978],[0.192573,-0.070182],[0.192818,-0.07057],[0.192926,-0.070786],[0.193107,-0.071085],[0.193246,-0.071384],[0.193327,-0.071601],[0.193491,-0.071975],[0.193584,-0.072168],[0.193809,-0.072457],[0.194041,-0.072778],[0.194176,-0.072833],[0.194553,-0.072939],[0.194866,-0.073153],[0.195183,-0.073403],[0.195318,-0.073499],[0.195515,-0.073697],[0.195741,-0.073828],[0.195901,-0.073899],[0.196135,-0.074067],[0.196141,-0.074055],[0.196175,-0.074042],[0.196192,-0.074036],[0.19635,-0.074134],[0.196764,-0.074273],[0.19695,-0.074315],[0.197248,-0.074404],[0.197523,-0.074427],[0.197848,-0.074436],[0.198128,-0.074455],[0.198318,-0.074483],[0.198579,-0.074525],[0.198802,-0.074655],[0.19896,-0.074729],[0.199356,-0.074781],[0.199691,-0.074781],[0.19983,-0.074785],[0.200156,-0.074878],[0.200344,-0.074952],[0.200242,-0.074542],[0.200193,-0.074411],[0.200165,-0.07426],[0.200152,-0.074141],[0.200206,-0.073982],[0.200255,-0.073912],[0.200336,-0.07381],[0.20039,-0.073732],[0.200487,-0.073594],[0.200162,-0.073433],[0.200028,-0.073508],[0.199835,-0.073551],[0.199718,-0.073589],[0.199471,-0.073621],[0.199145,-0.073669],[0.198968,-0.073599],[0.198802,-0.073471],[0.198636,-0.073251],[0.198523,-0.073016],[0.198395,-0.072748],[0.198325,-0.072507],[0.198255,-0.072266],[0.198229,-0.072094],[0.198191,-0.071944],[0.198043,-0.071718],[0.197909,-0.071571],[0.197748,-0.071605],[0.197594,-0.071567],[0.197491,-0.071488],[0.197258,-0.071492],[0.197056,-0.071385],[0.196768,-0.07128]]]]}},{"type":"Feature","id":50,"properties":{"Name":"Eye of the Needle","Mapttitle":"Dark Ocean","SpecialFeatures":"Danger is doubled when transiting through this region instead of into or out of it.","AreaDescription":null,"FirstEvasion":0,"SecondEvasion":6,"FishHarvest":3,"WhaleHarvest":0,"Danger":9},"geometry":{"type":"MultiPolygon","coordinates":[[[[0.187785,-0.06499],[0.188218,-0.065336],[0.188243,-0.065355],[0.18869,-0.06569],[0.189222,-0.066076],[0.189829,-0.066527],[0.190229,-0.066852],[0.190648,-0.067003],[0.191557,-0.067224],[0.192027,-0.067309],[0.192059,-0.06738],[0.192072,-0.067291],[0.19229,-0.06724],[0.192717,-0.067307],[0.192934,-0.067383],[0.193336,-0.067684],[0.193587,-0.067935],[0.193922,-0.068127],[0.195035,-0.068144],[0.195913,-0.068161],[0.196568,-0.068174],[0.196863,-0.068174],[0.19697,-0.068276],[0.197029,-0.068276],[0.197131,-0.068238],[0.197216,-0.068335],[0.197281,-0.068517],[0.197479,-0.06887],[0.197602,-0.069068],[0.197602,-0.069256],[0.197736,-0.069374],[0.198347,-0.0697],[0.198582,-0.069893],[0.198941,-0.070209],[0.198936,-0.070493],[0.198909,-0.070718],[0.198855,-0.070927],[0.19885,-0.071152],[0.198909,-0.071494],[0.198995,-0.071875],[0.199128,-0.072309],[0.199198,-0.072512],[0.199359,-0.072732],[0.199514,-0.07293],[0.199659,-0.073068],[0.199813,-0.071687],[0.199466,-0.070998],[0.199433,-0.070615],[0.199345,-0.069795],[0.19878,-0.068765],[0.197966,-0.067631],[0.197636,-0.066954],[0.197175,-0.066522],[0.196992,-0.065787],[0.196674,-0.065259],[0.196639,-0.06527],[0.195468,-0.06352],[0.195261,-0.063416],[0.19511,-0.063129],[0.195002,-0.062828],[0.194795,-0.062418],[0.19472,-0.062315],[0.194682,-0.062263],[0.187785,-0.06499]]]]}},{"type":"Feature","id":51,"properties":{"Name":"Waking Deep","Mapttitle":"Sea","SpecialFeatures":null,"AreaDescription":null,"FirstEvasion":0,"SecondEvasion":0,"FishHarvest":12,"WhaleHarvest":1,"Danger":0},"geometry":{"type":"MultiPolygon","coordinates":[[[[0.18633,-0.065318],[0.186485,-0.065092],[0.186633,-0.064866],[0.186868,-0.064536],[0.187428,-0.064677],[0.187767,-0.064979],[0.188218,-0.065336],[0.187785,-0.06499],[0.194682,-0.062263],[0.19472,-0.062315],[0.194682,-0.062263],[0.194489,-0.062089],[0.194386,-0.061896],[0.194687,-0.06151],[0.195022,-0.061361],[0.195174,-0.061276],[0.193491,-0.059449],[0.191695,-0.057734],[0.189794,-0.056135],[0.187796,-0.054661],[0.185707,-0.053316],[0.183537,-0.052108],[0.181295,-0.051039],[0.17899,-0.050115],[0.176631,-0.049339],[0.174227,-0.048715],[0.171788,-0.048245],[0.177083,-0.06259],[0.177362,-0.062525],[0.177602,-0.062563],[0.177866,-0.062699],[0.178171,-0.062845],[0.178397,-0.062962],[0.178755,-0.063226],[0.178807,-0.063423],[0.178957,-0.063499],[0.179206,-0.063569],[0.179279,-0.063519],[0.179338,-0.063502],[0.179406,-0.06345],[0.179602,-0.063317],[0.179914,-0.063159],[0.180071,-0.063118],[0.180486,-0.063118],[0.18063,-0.063111],[0.180822,-0.063008],[0.180925,-0.062946],[0.181168,-0.062868],[0.181374,-0.06283],[0.181586,-0.062789],[0.181836,-0.062756],[0.182023,-0.062682],[0.182227,-0.062598],[0.182385,-0.062557],[0.182584,-0.062469],[0.182701,-0.062405],[0.182874,-0.062331],[0.183168,-0.062311],[0.183436,-0.062447],[0.18348,-0.062453],[0.183598,-0.062581],[0.183824,-0.062688],[0.183953,-0.062741],[0.184252,-0.062872],[0.184418,-0.062925],[0.184783,-0.063092],[0.184973,-0.063169],[0.185094,-0.063188],[0.185292,-0.063248],[0.185471,-0.063245],[0.185575,-0.063199],[0.185675,-0.063177],[0.185807,-0.063155],[0.185897,-0.063133],[0.185961,-0.063112],[0.186066,-0.063092],[0.186156,-0.063065],[0.186239,-0.063026],[0.186294,-0.062993],[0.186353,-0.063013],[0.18634,-0.063087],[0.186138,-0.063355],[0.185932,-0.063596],[0.18584,-0.063737],[0.185689,-0.063866],[0.185629,-0.063906],[0.185297,-0.06412],[0.18633,-0.065318]]]]}},{"type":"Feature","id":52,"properties":{"Name":"Edge of the World","Mapttitle":"Sea","SpecialFeatures":null,"AreaDescription":null,"FirstEvasion":0,"SecondEvasion":0,"FishHarvest":12,"WhaleHarvest":1,"Danger":0},"geometry":{"type":"MultiPolygon","coordinates":[[[[0.171786,-0.048243],[0.172919,-0.048443],[0.175242,-0.048959],[0.177528,-0.049615],[0.179771,-0.050409],[0.181961,-0.051338],[0.18409,-0.052398],[0.186151,-0.053587],[0.188136,-0.054898],[0.190037,-0.056328],[0.191848,-0.057871],[0.193561,-0.059521],[0.195171,-0.061272],[0.195202,-0.06128],[0.194195,-0.053772],[0.193983,-0.043909],[0.194195,-0.037969],[0.195574,-0.035318],[0.189741,-0.035848],[0.181893,-0.031924],[0.178422,-0.025342],[0.17835,-0.025481],[0.176603,-0.027185],[0.176311,-0.027608],[0.176331,-0.027927],[0.176371,-0.028055],[0.176387,-0.028238],[0.17634,-0.028278],[0.176241,-0.028355],[0.176092,-0.028468],[0.176024,-0.028527],[0.175883,-0.028599],[0.175561,-0.028759],[0.17547,-0.0288],[0.174991,-0.028992],[0.174556,-0.029169],[0.174078,-0.029305],[0.173764,-0.029368],[0.173657,-0.029374],[0.173558,-0.02944],[0.173483,-0.02944],[0.17343,-0.029407],[0.173384,-0.029374],[0.173364,-0.029359],[0.173317,-0.029328],[0.165446,-0.037694],[0.165512,-0.037742],[0.165849,-0.038079],[0.166207,-0.038532],[0.166523,-0.03888],[0.16706,-0.039712],[0.167597,-0.040217],[0.168029,-0.04048],[0.169219,-0.040744],[0.170146,-0.041102],[0.170441,-0.041428],[0.170809,-0.042028],[0.171399,-0.04266],[0.172315,-0.043334],[0.172304,-0.04385],[0.17222,-0.044356],[0.172062,-0.044766],[0.17194,-0.045015],[0.171833,-0.045232],[0.172197,-0.045619],[0.172201,-0.046132],[0.171786,-0.048243]]]]}},{"type":"Feature","id":53,"properties":{"Name":"Blind Strait","Mapttitle":"Sea","SpecialFeatures":null,"AreaDescription":null,"FirstEvasion":-3,"SecondEvasion":4,"FishHarvest":3,"WhaleHarvest":0,"Danger":10},"geometry":{"type":"MultiPolygon","coordinates":[[[[0.165953,-0.062937],[0.165977,-0.063005],[0.166037,-0.063154],[0.166125,-0.063461],[0.166226,-0.063651],[0.166394,-0.06383],[0.166549,-0.063934],[0.166723,-0.064127],[0.166975,-0.064198],[0.167117,-0.064179],[0.167331,-0.064347],[0.167415,-0.064612],[0.167427,-0.064935],[0.167505,-0.0652],[0.167744,-0.065406],[0.168151,-0.065581],[0.168506,-0.065684],[0.168862,-0.065768],[0.169062,-0.065813],[0.169236,-0.066007],[0.169365,-0.066362],[0.169495,-0.066737],[0.169644,-0.066895],[0.169763,-0.066977],[0.169848,-0.066993],[0.169945,-0.067038],[0.170057,-0.067083],[0.170109,-0.067128],[0.170176,-0.067194],[0.170276,-0.067369],[0.170348,-0.067433],[0.17044,-0.067541],[0.170549,-0.067652],[0.170607,-0.067708],[0.170697,-0.067787],[0.170813,-0.06797],[0.170842,-0.068025],[0.170993,-0.068248],[0.171174,-0.06846],[0.171339,-0.068502],[0.171498,-0.068551],[0.171776,-0.068641],[0.171911,-0.06875],[0.172115,-0.068872],[0.172269,-0.068946],[0.172446,-0.069033],[0.172602,-0.069139],[0.172613,-0.06925],[0.172581,-0.069289],[0.172644,-0.069234],[0.172869,-0.06924],[0.173024,-0.06924],[0.17326,-0.069325],[0.173421,-0.069368],[0.173571,-0.069379],[0.173876,-0.069406],[0.174063,-0.069422],[0.174208,-0.069529],[0.174326,-0.069604],[0.174411,-0.069609],[0.17461,-0.069641],[0.174797,-0.069641],[0.174893,-0.069663],[0.175043,-0.069674],[0.175183,-0.069668],[0.175322,-0.069631],[0.175429,-0.069599],[0.175547,-0.069529],[0.175702,-0.069497],[0.175831,-0.069502],[0.17604,-0.069566],[0.176359,-0.069691],[0.176234,-0.069615],[0.176335,-0.069535],[0.176789,-0.069545],[0.177385,-0.069565],[0.177859,-0.069615],[0.178182,-0.069565],[0.178535,-0.069484],[0.178889,-0.069373],[0.179272,-0.06904],[0.179565,-0.068959],[0.179999,-0.068899],[0.180413,-0.068768],[0.180675,-0.068667],[0.180927,-0.068525],[0.1812,-0.068374],[0.181412,-0.068283],[0.181705,-0.068202],[0.181987,-0.068172],[0.1823,-0.068212],[0.182356,-0.068308],[0.182303,-0.068211],[0.182369,-0.068108],[0.182516,-0.068027],[0.182825,-0.067814],[0.183038,-0.06763],[0.183274,-0.067431],[0.183553,-0.067122],[0.183663,-0.066983],[0.183818,-0.066755],[0.184038,-0.066652],[0.184215,-0.066563],[0.184487,-0.06649],[0.184656,-0.066438],[0.185046,-0.066225],[0.185245,-0.066122],[0.185421,-0.066056],[0.185583,-0.065982],[0.185715,-0.065857],[0.185804,-0.065791],[0.185915,-0.065777],[0.18611,-0.065567],[0.186324,-0.065311],[0.185297,-0.06412],[0.185607,-0.06392],[0.185419,-0.064009],[0.185153,-0.064213],[0.184914,-0.064358],[0.184495,-0.064825],[0.18437,-0.064902],[0.184217,-0.064985],[0.184177,-0.065009],[0.184028,-0.065049],[0.183885,-0.065064],[0.183804,-0.065033],[0.183646,-0.065005],[0.183532,-0.064891],[0.183357,-0.064932],[0.183157,-0.065027],[0.183012,-0.065077],[0.182815,-0.065123],[0.182685,-0.065176],[0.182446,-0.065228],[0.182291,-0.065259],[0.182018,-0.065288],[0.182014,-0.065282],[0.181867,-0.065384],[0.181583,-0.065634],[0.181559,-0.06573],[0.181518,-0.065863],[0.181456,-0.065966],[0.18137,-0.066021],[0.181312,-0.066014],[0.181257,-0.066028],[0.181168,-0.066093],[0.181093,-0.066213],[0.181062,-0.066316],[0.181055,-0.066384],[0.181024,-0.06647],[0.180932,-0.06659],[0.18088,-0.066638],[0.180627,-0.066707],[0.180568,-0.066875],[0.180551,-0.067019],[0.180489,-0.067097],[0.18038,-0.067159],[0.18025,-0.067279],[0.180133,-0.067327],[0.179883,-0.067454],[0.179629,-0.067557],[0.179533,-0.06768],[0.179437,-0.0678],[0.179338,-0.067882],[0.179276,-0.067903],[0.179228,-0.067947],[0.179029,-0.067968],[0.178896,-0.067951],[0.178594,-0.067978],[0.178392,-0.068047],[0.178203,-0.068098],[0.178056,-0.068098],[0.177943,-0.068105],[0.177795,-0.068129],[0.177699,-0.068181],[0.17759,-0.068242],[0.177487,-0.068321],[0.177398,-0.068349],[0.177333,-0.068376],[0.177185,-0.06842],[0.177093,-0.068448],[0.176928,-0.068431],[0.176805,-0.0684],[0.176709,-0.0684],[0.176565,-0.068383],[0.176441,-0.068369],[0.176263,-0.068393],[0.176102,-0.068458],[0.175948,-0.06854],[0.17578,-0.068592],[0.175639,-0.068623],[0.175485,-0.068657],[0.175334,-0.068702],[0.175159,-0.068719],[0.174988,-0.068606],[0.174844,-0.068376],[0.174786,-0.068146],[0.174721,-0.067999],[0.174669,-0.067899],[0.174539,-0.067807],[0.174491,-0.067735],[0.174553,-0.067694],[0.17451,-0.067719],[0.174422,-0.067715],[0.174345,-0.067677],[0.174146,-0.067644],[0.17402,-0.067635],[0.173879,-0.067644],[0.173728,-0.067632],[0.17368,-0.067593],[0.173506,-0.067521],[0.173385,-0.067465],[0.173245,-0.06735],[0.173043,-0.067255],[0.172953,-0.067147],[0.17285,-0.066938],[0.17278,-0.066796],[0.172729,-0.066595],[0.17267,-0.066424],[0.172616,-0.066202],[0.172564,-0.066029],[0.172552,-0.06568],[0.172568,-0.065557],[0.172707,-0.065404],[0.172853,-0.065251],[0.172919,-0.065188],[0.173065,-0.064953],[0.173176,-0.064835],[0.173298,-0.06474],[0.173446,-0.064671],[0.173667,-0.064647],[0.173928,-0.064638],[0.173998,-0.064584],[0.174182,-0.064489],[0.174381,-0.064399],[0.174627,-0.064253],[0.174784,-0.064161],[0.174887,-0.064142],[0.174889,-0.064142],[0.175025,-0.06403],[0.175203,-0.063941],[0.175354,-0.063936],[0.175462,-0.063969],[0.175486,-0.063833],[0.175495,-0.063706],[0.175542,-0.06363],[0.1755,-0.063536],[0.17542,-0.063353],[0.175383,-0.063174],[0.175372,-0.063127],[0.165953,-0.062937]]]]}},{"type":"Feature","id":54,"properties":{"Name":"Black River Inlet","Mapttitle":"Sea","SpecialFeatures":null,"AreaDescription":null,"FirstEvasion":0,"SecondEvasion":0,"FishHarvest":3,"WhaleHarvest":0,"Danger":2},"geometry":{"type":"MultiPolygon","coordinates":[[[[0.143271,-0.066104],[0.14319,-0.066074],[0.143013,-0.065988],[0.142773,-0.065949],[0.143271,-0.066104],[0.143271,-0.066104]]],[[[0.142773,-0.065949],[0.142758,-0.065945],[0.142729,-0.065973],[0.142762,-0.065948],[0.142773,-0.065949]]],[[[0.146782,-0.061265],[0.146777,-0.061264],[0.146754,-0.061533],[0.146654,-0.061663],[0.146485,-0.061773],[0.146455,-0.061957],[0.14637,-0.062132],[0.146255,-0.062202],[0.146081,-0.062262],[0.145966,-0.062386],[0.145926,-0.062701],[0.145841,-0.06297],[0.145726,-0.063185],[0.145522,-0.063424],[0.145352,-0.063544],[0.144913,-0.063809],[0.144904,-0.063782],[0.144894,-0.064095],[0.144868,-0.064269],[0.144752,-0.064432],[0.144606,-0.064611],[0.144452,-0.064783],[0.144248,-0.064941],[0.144022,-0.065085],[0.143845,-0.065253],[0.143615,-0.065534],[0.143443,-0.065818],[0.143271,-0.066104],[0.143336,-0.066128],[0.143433,-0.066167],[0.143473,-0.066232],[0.14356,-0.066408],[0.14364,-0.066657],[0.143743,-0.066764],[0.143868,-0.066962],[0.143873,-0.067143],[0.143904,-0.067377],[0.143976,-0.067661],[0.144242,-0.068047],[0.144432,-0.068172],[0.144508,-0.068049],[0.144563,-0.068074],[0.144537,-0.068058],[0.144639,-0.067854],[0.14478,-0.067645],[0.144997,-0.06734],[0.145263,-0.066968],[0.145607,-0.066429],[0.145971,-0.06601],[0.146037,-0.065959],[0.14607,-0.066004],[0.146092,-0.066102],[0.14616,-0.066259],[0.146332,-0.066468],[0.146519,-0.066618],[0.146689,-0.066787],[0.146698,-0.067062],[0.146698,-0.067209],[0.146673,-0.067372],[0.146692,-0.067519],[0.146714,-0.067679],[0.14673,-0.067826],[0.146753,-0.067906],[0.1469,-0.068556],[0.146976,-0.068693],[0.147063,-0.068885],[0.147229,-0.069083],[0.147471,-0.069169],[0.147666,-0.069223],[0.147806,-0.069332],[0.15168,-0.069017],[0.151856,-0.068729],[0.152016,-0.068428],[0.15211,-0.068056],[0.152186,-0.067778],[0.152416,-0.067425],[0.152647,-0.067062],[0.152779,-0.066874],[0.152873,-0.066596],[0.153057,-0.066431],[0.15334,-0.066106],[0.153448,-0.065983],[0.153589,-0.065771],[0.153669,-0.065555],[0.153646,-0.065442],[0.153843,-0.065164],[0.154103,-0.065079],[0.153895,-0.065216],[0.153768,-0.065371],[0.153773,-0.06555],[0.153801,-0.065847],[0.153825,-0.066186],[0.153933,-0.066544],[0.154055,-0.066817],[0.154211,-0.067001],[0.154555,-0.067081],[0.154567,-0.067094],[0.154662,-0.067051],[0.154825,-0.066884],[0.155145,-0.066709],[0.15525,-0.066581],[0.155482,-0.066437],[0.155746,-0.066301],[0.155811,-0.066226],[0.156105,-0.066024],[0.156224,-0.065875],[0.156307,-0.065761],[0.156456,-0.06563],[0.156575,-0.065353],[0.156829,-0.065138],[0.157031,-0.065108],[0.157403,-0.064954],[0.157693,-0.064853],[0.158026,-0.064757],[0.158307,-0.064766],[0.158438,-0.064608],[0.158469,-0.064424],[0.158592,-0.064235],[0.158846,-0.064051],[0.158987,-0.064279],[0.159074,-0.064432],[0.159276,-0.064639],[0.159327,-0.064671],[0.159481,-0.064588],[0.159941,-0.064437],[0.160102,-0.064369],[0.160491,-0.064268],[0.160819,-0.06413],[0.160954,-0.064006],[0.161142,-0.063784],[0.161449,-0.063604],[0.161809,-0.063416],[0.162047,-0.063368],[0.162206,-0.063408],[0.162336,-0.063479],[0.162468,-0.063662],[0.162603,-0.063659],[0.162889,-0.063691],[0.163016,-0.063633],[0.163106,-0.063599],[0.163275,-0.063514],[0.1636,-0.063538],[0.163746,-0.063503],[0.163902,-0.063464],[0.164066,-0.063485],[0.164201,-0.063466],[0.164368,-0.063395],[0.164516,-0.06318],[0.164616,-0.063046],[0.164712,-0.062934],[0.164971,-0.062744],[0.165389,-0.06249],[0.165563,-0.062387],[0.164732,-0.061557],[0.163429,-0.061427],[0.158564,-0.061862],[0.155045,-0.061862],[0.151222,-0.061601],[0.146782,-0.061265]]]]}},{"type":"Feature","id":55,"properties":{"Name":"The Narrow Sea","Mapttitle":"Sea","SpecialFeatures":null,"AreaDescription":null,"FirstEvasion":2,"SecondEvasion":-1,"FishHarvest":12,"WhaleHarvest":0,"Danger":0},"geometry":{"type":"MultiPolygon","coordinates":[[[[0.124302,-0.056538],[0.125415,-0.057011],[0.125615,-0.057093],[0.126172,-0.057447],[0.126172,-0.057448],[0.12646,-0.057591],[0.126737,-0.057714],[0.126961,-0.057828],[0.127325,-0.058044],[0.127641,-0.058123],[0.127936,-0.058105],[0.128116,-0.058074],[0.128344,-0.058057],[0.128471,-0.058114],[0.128788,-0.05825],[0.12949,-0.058509],[0.129489,-0.058531],[0.129872,-0.058821],[0.130597,-0.059093],[0.130777,-0.059229],[0.130979,-0.059282],[0.131111,-0.059181],[0.131317,-0.059234],[0.131458,-0.05948],[0.131673,-0.059923],[0.131778,-0.060235],[0.131914,-0.060902],[0.131971,-0.061232],[0.132103,-0.061579],[0.132507,-0.061917],[0.13267,-0.062154],[0.132929,-0.062418],[0.132993,-0.062554],[0.133288,-0.062465],[0.133686,-0.062318],[0.134072,-0.062267],[0.134373,-0.062369],[0.134651,-0.062585],[0.135043,-0.062795],[0.135463,-0.062868],[0.136008,-0.062744],[0.136764,-0.062417],[0.137061,-0.062309],[0.137454,-0.062157],[0.137758,-0.062082],[0.137964,-0.061979],[0.13796,-0.061976],[0.138139,-0.061922],[0.138337,-0.061849],[0.138474,-0.061801],[0.138631,-0.061718],[0.138835,-0.06158],[0.138922,-0.061536],[0.139027,-0.061453],[0.139068,-0.061373],[0.139088,-0.061226],[0.139078,-0.061092],[0.139075,-0.060807],[0.139081,-0.060686],[0.1391,-0.060482],[0.139097,-0.060284],[0.139021,-0.060127],[0.138918,-0.060006],[0.138816,-0.059907],[0.138842,-0.059699],[0.138877,-0.059498],[0.138969,-0.059517],[0.139033,-0.059581],[0.139091,-0.059629],[0.139183,-0.059664],[0.139282,-0.059715],[0.139375,-0.05975],[0.139509,-0.059833],[0.139595,-0.05991],[0.139685,-0.060051],[0.139867,-0.060245],[0.139995,-0.060405],[0.140186,-0.060552],[0.140362,-0.06077],[0.140492,-0.060964],[0.140656,-0.061139],[0.140796,-0.061264],[0.140905,-0.0613],[0.141089,-0.061354],[0.141174,-0.061375],[0.141245,-0.061404],[0.141304,-0.061434],[0.141396,-0.061428],[0.141449,-0.061396],[0.141536,-0.061383],[0.141682,-0.061388],[0.141795,-0.061415],[0.142013,-0.061439],[0.142145,-0.061468],[0.142217,-0.061445],[0.142322,-0.061418],[0.142466,-0.061419],[0.14265,-0.061418],[0.142855,-0.061389],[0.143048,-0.06133],[0.143164,-0.061273],[0.143311,-0.061241],[0.143405,-0.061236],[0.143507,-0.06124],[0.143679,-0.061274],[0.14373,-0.061184],[0.144149,-0.060575],[0.144314,-0.06034],[0.144499,-0.060036],[0.144549,-0.059702],[0.144698,-0.059347],[0.144868,-0.059053],[0.145392,-0.058808],[0.145577,-0.058803],[0.145472,-0.059143],[0.145452,-0.059542],[0.145636,-0.059906],[0.145946,-0.060335],[0.146265,-0.06054],[0.14649,-0.060725],[0.146485,-0.060899],[0.146779,-0.061239],[0.146777,-0.061264],[0.146782,-0.061265],[0.151222,-0.061601],[0.155045,-0.061862],[0.158564,-0.061862],[0.163429,-0.061427],[0.164732,-0.061557],[0.165562,-0.062385],[0.165577,-0.062376],[0.165598,-0.062453],[0.165754,-0.062474],[0.165815,-0.062485],[0.165905,-0.062667],[0.165945,-0.062926],[0.165977,-0.063005],[0.165953,-0.062937],[0.175372,-0.063127],[0.175383,-0.063174],[0.175373,-0.063127],[0.175476,-0.062976],[0.175688,-0.062845],[0.175947,-0.062708],[0.176271,-0.062605],[0.176709,-0.062605],[0.177061,-0.062595],[0.177083,-0.06259],[0.171788,-0.048245],[0.171802,-0.048247],[0.171817,-0.048249],[0.171831,-0.048252],[0.171846,-0.048254],[0.171861,-0.048256],[0.171875,-0.048259],[0.17189,-0.048261],[0.171786,-0.048243],[0.172201,-0.046132],[0.172197,-0.045619],[0.171834,-0.045233],[0.17182,-0.045261],[0.171546,-0.045693],[0.171115,-0.045893],[0.170662,-0.046262],[0.170377,-0.046609],[0.170198,-0.046936],[0.169925,-0.047325],[0.169714,-0.04762],[0.169324,-0.04802],[0.168977,-0.048315],[0.168977,-0.048673],[0.168977,-0.048905],[0.168829,-0.048979],[0.168619,-0.049031],[0.168292,-0.0492],[0.168008,-0.049379],[0.167555,-0.049368],[0.166923,-0.049558],[0.16627,-0.050021],[0.165744,-0.050579],[0.165091,-0.051243],[0.165117,-0.051267],[0.162204,-0.053374],[0.161664,-0.053914],[0.161124,-0.054351],[0.160198,-0.054762],[0.159093,-0.055019],[0.158193,-0.055071],[0.157987,-0.054685],[0.157254,-0.054809],[0.155839,-0.054842],[0.155181,-0.054497],[0.154177,-0.053871],[0.153799,-0.052966],[0.152729,-0.053115],[0.150837,-0.053509],[0.15031,-0.053378],[0.149965,-0.052983],[0.149734,-0.052917],[0.148616,-0.052588],[0.147743,-0.052127],[0.147365,-0.051765],[0.146361,-0.051584],[0.145506,-0.051601],[0.144453,-0.052193],[0.143597,-0.052341],[0.142527,-0.051864],[0.141557,-0.051091],[0.141228,-0.050153],[0.140207,-0.049922],[0.139039,-0.049182],[0.138644,-0.048557],[0.138002,-0.048376],[0.137196,-0.047816],[0.1369,-0.047421],[0.136061,-0.047026],[0.13588,-0.046451],[0.135929,-0.045743],[0.135633,-0.045381],[0.135255,-0.045216],[0.134745,-0.044312],[0.134432,-0.043867],[0.13384,-0.042896],[0.133313,-0.041629],[0.133154,-0.041796],[0.132998,-0.041961],[0.124302,-0.056538]]]]}},{"type":"Feature","id":56,"properties":{"Name":"Dawnsea","Mapttitle":"Sea","SpecialFeatures":null,"AreaDescription":null,"FirstEvasion":1,"SecondEvasion":-1,"FishHarvest":12,"WhaleHarvest":0,"Danger":0},"geometry":{"type":"MultiPolygon","coordinates":[[[[0.11995,-0.033316],[0.119944,-0.03336],[0.119692,-0.033402],[0.119334,-0.033464],[0.118924,-0.033504],[0.118782,-0.033518],[0.118603,-0.03359],[0.11845,-0.033651],[0.118252,-0.033745],[0.118019,-0.03389],[0.117827,-0.033973],[0.117645,-0.034077],[0.117487,-0.034262],[0.117396,-0.034396],[0.117219,-0.034462],[0.116999,-0.034492],[0.1167,-0.034572],[0.116432,-0.034749],[0.116234,-0.035003],[0.115961,-0.035314],[0.115672,-0.035603],[0.115508,-0.035932],[0.115494,-0.035818],[0.115505,-0.03592],[0.115064,-0.036463],[0.114724,-0.036849],[0.114577,-0.037109],[0.11443,-0.037619],[0.114282,-0.038139],[0.114147,-0.03857],[0.113977,-0.039204],[0.113682,-0.039838],[0.113435,-0.040377],[0.113421,-0.040878],[0.113407,-0.041114],[0.11339,-0.041417],[0.113401,-0.041734],[0.113401,-0.042036],[0.113382,-0.042186],[0.113365,-0.042565],[0.113435,-0.042823],[0.113456,-0.04296],[0.113436,-0.043066],[0.11344,-0.043065],[0.113494,-0.043133],[0.113497,-0.043326],[0.113484,-0.04347],[0.113458,-0.043944],[0.113468,-0.04431],[0.113413,-0.044404],[0.113372,-0.044618],[0.113312,-0.044816],[0.113291,-0.045035],[0.113286,-0.045186],[0.113192,-0.045541],[0.11316,-0.045695],[0.113082,-0.045841],[0.112928,-0.046214],[0.112808,-0.046428],[0.112714,-0.046551],[0.112579,-0.046726],[0.112425,-0.046942],[0.112341,-0.047211],[0.112271,-0.047425],[0.112132,-0.047472],[0.112012,-0.047602],[0.112044,-0.047626],[0.112033,-0.047702],[0.111934,-0.047892],[0.111817,-0.048043],[0.111774,-0.048031],[0.111823,-0.048046],[0.111497,-0.0484],[0.111441,-0.048574],[0.111448,-0.048685],[0.111392,-0.048789],[0.111267,-0.048921],[0.111184,-0.049046],[0.111108,-0.049171],[0.111052,-0.049303],[0.111031,-0.049421],[0.111031,-0.049448],[0.110698,-0.049837],[0.110462,-0.050163],[0.110275,-0.050337],[0.110108,-0.05049],[0.110004,-0.050622],[0.109921,-0.050746],[0.109928,-0.050823],[0.109879,-0.050976],[0.10981,-0.051149],[0.109489,-0.051436],[0.109381,-0.051729],[0.109359,-0.051881],[0.109359,-0.051968],[0.109251,-0.052261],[0.109175,-0.052836],[0.109012,-0.053128],[0.108925,-0.053335],[0.108893,-0.053552],[0.108904,-0.053779],[0.108947,-0.053964],[0.109045,-0.054148],[0.10911,-0.054333],[0.109164,-0.054604],[0.109207,-0.054821],[0.109142,-0.054951],[0.10899,-0.055103],[0.108752,-0.055612],[0.108763,-0.055753],[0.108524,-0.056022],[0.108359,-0.056213],[0.108279,-0.056355],[0.108268,-0.056483],[0.1082,-0.056625],[0.108157,-0.056736],[0.108123,-0.056864],[0.108086,-0.056966],[0.108049,-0.057068],[0.107995,-0.057194],[0.107941,-0.05733],[0.107756,-0.057674],[0.107719,-0.057754],[0.107688,-0.057941],[0.107671,-0.05803],[0.107688,-0.058103],[0.107728,-0.058214],[0.107772,-0.058304],[0.107847,-0.058575],[0.107843,-0.058811],[0.107794,-0.05894],[0.107723,-0.059126],[0.107594,-0.059477],[0.10747,-0.059859],[0.107425,-0.059931],[0.107359,-0.060064],[0.10735,-0.060148],[0.107283,-0.060393],[0.107212,-0.060584],[0.10719,-0.06069],[0.107123,-0.06077],[0.106812,-0.061072],[0.106501,-0.061419],[0.106135,-0.061715],[0.10615,-0.061703],[0.106574,-0.061522],[0.106617,-0.061503],[0.107377,-0.061219],[0.107612,-0.061175],[0.107967,-0.061046],[0.108332,-0.060912],[0.108371,-0.060909],[0.109061,-0.060604],[0.109289,-0.060397],[0.109377,-0.060204],[0.109702,-0.059827],[0.109948,-0.05966],[0.110136,-0.059379],[0.110409,-0.05922],[0.110743,-0.058979],[0.111458,-0.058715],[0.112179,-0.058456],[0.112701,-0.058289],[0.112973,-0.058092],[0.113312,-0.057982],[0.113558,-0.057947],[0.113786,-0.057776],[0.114186,-0.057591],[0.114449,-0.057503],[0.114932,-0.057354],[0.1152,-0.057244],[0.115472,-0.057183],[0.115696,-0.057183],[0.115942,-0.057082],[0.116179,-0.056924],[0.116408,-0.056827],[0.116713,-0.056928],[0.116681,-0.056904],[0.116684,-0.056643],[0.116816,-0.056489],[0.117097,-0.056419],[0.117229,-0.056392],[0.117809,-0.056225],[0.118204,-0.056063],[0.118516,-0.055993],[0.118814,-0.055975],[0.119245,-0.055997],[0.119772,-0.055988],[0.120215,-0.055918],[0.120733,-0.055962],[0.121555,-0.056015],[0.12206,-0.056344],[0.12227,-0.056485],[0.122494,-0.056827],[0.12292,-0.057091],[0.123234,-0.057196],[0.123288,-0.057114],[0.123524,-0.057007],[0.123738,-0.056825],[0.12376,-0.056664],[0.123964,-0.056535],[0.124304,-0.056535],[0.132998,-0.041961],[0.133154,-0.041796],[0.132984,-0.041975],[0.133083,-0.041317],[0.133395,-0.040247],[0.133461,-0.039622],[0.134366,-0.037565],[0.13489,-0.037053],[0.135036,-0.036917],[0.11995,-0.033316]]],[[[0.119947,-0.033315],[0.11995,-0.033316],[0.119952,-0.033301],[0.119891,-0.03306],[0.119829,-0.032955],[0.119668,-0.032797],[0.119666,-0.032797],[0.119947,-0.033315]]]]}},{"type":"Feature","id":57,"properties":{"Name":"Hearthsea","Mapttitle":"Sea","SpecialFeatures":null,"AreaDescription":null,"FirstEvasion":-2,"SecondEvasion":1,"FishHarvest":6,"WhaleHarvest":0,"Danger":0},"geometry":{"type":"MultiPolygon","coordinates":[[[[0.120491,-0.028953],[0.120473,-0.028964],[0.120493,-0.028963],[0.120571,-0.028964],[0.120623,-0.028966],[0.120692,-0.028978],[0.120727,-0.029039],[0.120665,-0.02902],[0.120539,-0.029056],[0.120485,-0.029076],[0.120431,-0.0291],[0.12038,-0.029127],[0.120331,-0.029158],[0.120284,-0.029192],[0.12024,-0.02923],[0.120198,-0.02927],[0.120159,-0.029314],[0.120124,-0.02936],[0.120085,-0.029502],[0.120074,-0.029581],[0.120056,-0.0297],[0.119972,-0.029826],[0.119869,-0.029908],[0.119759,-0.029974],[0.119698,-0.030058],[0.119647,-0.030137],[0.119636,-0.030305],[0.119607,-0.030402],[0.119537,-0.030479],[0.119468,-0.030578],[0.119409,-0.030656],[0.11931,-0.030776],[0.119283,-0.030878],[0.119299,-0.030937],[0.119299,-0.031015],[0.119278,-0.031068],[0.119245,-0.031199],[0.119232,-0.031389],[0.119259,-0.031625],[0.119243,-0.031826],[0.119275,-0.032061],[0.119264,-0.032144],[0.119213,-0.032217],[0.119128,-0.032235],[0.119023,-0.032297],[0.118897,-0.032495],[0.118855,-0.032666],[0.118927,-0.032755],[0.118962,-0.032779],[0.119069,-0.032779],[0.119165,-0.032784],[0.119361,-0.032781],[0.119513,-0.032773],[0.119666,-0.032797],[0.119668,-0.032797],[0.119829,-0.032955],[0.119891,-0.03306],[0.119952,-0.033301],[0.11995,-0.033316],[0.135031,-0.036916],[0.13509,-0.036858],[0.135831,-0.036726],[0.136785,-0.036167],[0.13797,-0.035443],[0.138858,-0.034965],[0.140767,-0.034274],[0.141006,-0.034075],[0.141132,-0.033731],[0.131424,-0.028454],[0.121978,-0.026092],[0.120491,-0.028953]]]]}},{"type":"Feature","id":58,"properties":{"Name":"Silent Divide","Mapttitle":"Sea","SpecialFeatures":null,"AreaDescription":null,"FirstEvasion":1,"SecondEvasion":-1,"FishHarvest":12,"WhaleHarvest":0,"Danger":0},"geometry":{"type":"MultiPolygon","coordinates":[[[[0.13142,-0.028452],[0.133398,-0.029527],[0.141132,-0.033731],[0.141006,-0.034075],[0.14126,-0.033863],[0.143416,-0.033238],[0.144617,-0.033287],[0.14563,-0.033235],[0.147799,-0.034004],[0.149242,-0.033835],[0.151896,-0.034004],[0.153591,-0.034046],[0.155792,-0.034141],[0.15614,-0.034025],[0.156498,-0.033856],[0.156814,-0.03372],[0.157193,-0.033604],[0.157519,-0.033614],[0.158362,-0.033783],[0.158667,-0.034004],[0.159036,-0.034246],[0.160331,-0.034815],[0.160742,-0.034846],[0.161152,-0.034846],[0.161468,-0.035067],[0.161595,-0.035099],[0.161816,-0.035036],[0.162153,-0.034899],[0.1623,-0.034804],[0.162448,-0.034783],[0.162606,-0.034752],[0.162764,-0.034646],[0.163006,-0.034583],[0.163132,-0.034709],[0.163122,-0.035204],[0.163259,-0.035615],[0.163427,-0.036005],[0.164038,-0.036637],[0.16468,-0.037132],[0.165446,-0.037694],[0.173317,-0.029328],[0.173364,-0.029359],[0.173346,-0.029345],[0.173318,-0.029328],[0.173292,-0.029307],[0.173269,-0.029289],[0.173223,-0.029246],[0.173177,-0.029202],[0.173116,-0.029151],[0.173083,-0.029072],[0.173057,-0.029008],[0.173062,-0.028934],[0.173014,-0.028871],[0.172868,-0.028659],[0.172733,-0.028436],[0.172766,-0.028156],[0.172735,-0.028046],[0.172748,-0.02777],[0.172707,-0.027433],[0.172807,-0.027201],[0.172929,-0.026749],[0.173085,-0.026269],[0.173106,-0.026136],[0.173106,-0.025993],[0.173149,-0.025789],[0.173172,-0.025592],[0.173198,-0.02538],[0.173113,-0.025352],[0.173078,-0.025309],[0.173006,-0.025181],[0.173016,-0.025109],[0.172968,-0.025112],[0.172906,-0.02503],[0.172825,-0.024941],[0.172615,-0.024711],[0.172416,-0.02452],[0.17223,-0.024372],[0.172056,-0.02418],[0.171821,-0.024024],[0.171625,-0.023866],[0.171466,-0.023766],[0.171285,-0.023672],[0.171106,-0.023585],[0.170861,-0.023531],[0.170619,-0.023417],[0.170361,-0.023322],[0.169998,-0.023187],[0.169922,-0.023156],[0.16986,-0.023123],[0.169766,-0.02308],[0.169636,-0.023028],[0.169482,-0.02298],[0.16927,-0.023044],[0.168923,-0.023411],[0.168573,-0.023802],[0.168423,-0.023927],[0.168167,-0.0242],[0.168109,-0.024223],[0.167996,-0.024315],[0.167708,-0.024433],[0.167396,-0.024563],[0.167228,-0.024658],[0.167172,-0.024742],[0.167077,-0.024826],[0.167016,-0.024926],[0.166809,-0.025135],[0.166722,-0.025457],[0.166648,-0.025712],[0.166643,-0.026223],[0.166671,-0.026297],[0.166681,-0.026384],[0.166776,-0.026509],[0.166888,-0.026749],[0.166995,-0.027019],[0.167082,-0.027234],[0.16721,-0.027459],[0.167312,-0.027553],[0.167343,-0.02764],[0.167391,-0.027663],[0.167519,-0.02787],[0.167598,-0.028135],[0.167605,-0.02859],[0.167544,-0.028776],[0.167498,-0.029004],[0.167434,-0.029323],[0.167343,-0.02967],[0.167324,-0.029816],[0.167225,-0.029989],[0.167052,-0.030176],[0.166857,-0.030309],[0.166684,-0.030392],[0.166431,-0.030485],[0.166125,-0.030598],[0.165723,-0.030807],[0.165294,-0.030993],[0.165054,-0.031101],[0.164835,-0.031243],[0.16458,-0.031371],[0.164267,-0.031431],[0.163869,-0.031497],[0.163439,-0.031491],[0.163294,-0.031444],[0.162655,-0.031313],[0.162433,-0.031251],[0.16214,-0.031181],[0.161903,-0.031143],[0.161627,-0.031063],[0.161168,-0.030895],[0.160656,-0.030566],[0.160295,-0.03054],[0.160169,-0.03058],[0.159954,-0.030669],[0.159947,-0.030586],[0.159182,-0.030579],[0.158661,-0.030369],[0.158439,-0.030265],[0.15788,-0.030229],[0.157597,-0.030262],[0.15738,-0.030433],[0.157137,-0.030808],[0.157083,-0.030494],[0.156989,-0.030372],[0.156946,-0.030303],[0.156939,-0.03021],[0.156482,-0.030164],[0.15528,-0.030042],[0.153504,-0.02969],[0.152804,-0.02957],[0.152641,-0.029522],[0.152429,-0.029473],[0.15213,-0.029402],[0.151898,-0.029363],[0.151691,-0.029271],[0.151377,-0.029218],[0.151137,-0.029126],[0.150894,-0.029042],[0.150652,-0.028947],[0.150409,-0.028795],[0.150303,-0.028708],[0.150162,-0.028648],[0.150079,-0.028619],[0.150051,-0.028517],[0.149963,-0.027929],[0.149709,-0.027377],[0.149,-0.027203],[0.148709,-0.027068],[0.148111,-0.026912],[0.14758,-0.026813],[0.147072,-0.026746],[0.146699,-0.026708],[0.146306,-0.026672],[0.145775,-0.026618],[0.145195,-0.026588],[0.144506,-0.026483],[0.144107,-0.026322],[0.143778,-0.026187],[0.14352,-0.026095],[0.14218,-0.026098],[0.141692,-0.026172],[0.141365,-0.026225],[0.141105,-0.026248],[0.140684,-0.026381],[0.140434,-0.026458],[0.140142,-0.02663],[0.139795,-0.026726],[0.13938,-0.02687],[0.139153,-0.027049],[0.139025,-0.027137],[0.138973,-0.027249],[0.138534,-0.027564],[0.138482,-0.027556],[0.138227,-0.027744],[0.137341,-0.027767],[0.136882,-0.027728],[0.136567,-0.027436],[0.136264,-0.027117],[0.135921,-0.026934],[0.135482,-0.026838],[0.135139,-0.026738],[0.134812,-0.026654],[0.134465,-0.026614],[0.134289,-0.026555],[0.134082,-0.026475],[0.133966,-0.026431],[0.133882,-0.026339],[0.133735,-0.026335],[0.133595,-0.026268],[0.133391,-0.026133],[0.13142,-0.028452]]]]}},{"type":"Feature","id":59,"properties":{"Name":"Charsea South","Mapttitle":"Dark Ocean","SpecialFeatures":null,"AreaDescription":null,"FirstEvasion":null,"SecondEvasion":null,"FishHarvest":null,"WhaleHarvest":null,"Danger":null},"geometry":{"type":"MultiPolygon","coordinates":[[[[0.195503,-0.035305],[0.197178,-0.026691],[0.200737,-0.023911],[0.203073,-0.017683],[0.202183,-0.011344],[0.199291,-0.00734],[0.195065,-0.005005],[0.190617,-0.001779],[0.189282,-0.000778],[0.181271,-0.0105],[0.181256,-0.010861],[0.181252,-0.010965],[0.181688,-0.011258],[0.182243,-0.012287],[0.182704,-0.013571],[0.182611,-0.013945],[0.182168,-0.015771],[0.182174,-0.01665],[0.181775,-0.017205],[0.180921,-0.018271],[0.180578,-0.018732],[0.17935,-0.020927],[0.178877,-0.02165],[0.178708,-0.022092],[0.178584,-0.022778],[0.178521,-0.023059],[0.178354,-0.024185],[0.178318,-0.024468],[0.178334,-0.024648],[0.178474,-0.024711],[0.17847,-0.02519],[0.178422,-0.025342],[0.181893,-0.031924],[0.189741,-0.035848],[0.194333,-0.035431],[0.195503,-0.035305]]]]}},{"type":"Feature","id":60,"properties":{"Name":"Charsea North","Mapttitle":"Dark Ocean","SpecialFeatures":null,"AreaDescription":null,"FirstEvasion":null,"SecondEvasion":null,"FishHarvest":null,"WhaleHarvest":null,"Danger":null},"geometry":{"type":"MultiPolygon","coordinates":[[[[0.189283,-0.000779],[0.183775,0.003488],[0.163704,0.004484],[0.152743,0.004698],[0.144344,0.004911],[0.146893,-0.010409],[0.146941,-0.010418],[0.146966,-0.010423],[0.147061,-0.010518],[0.147156,-0.010582],[0.147221,-0.010661],[0.147367,-0.010884],[0.148101,-0.011422],[0.148525,-0.011545],[0.150424,-0.011559],[0.150636,-0.011577],[0.150863,-0.011648],[0.151368,-0.011842],[0.151534,-0.011857],[0.151642,-0.011743],[0.151707,-0.011696],[0.151782,-0.011648],[0.15197,-0.011434],[0.152085,-0.011295],[0.152252,-0.011151],[0.152478,-0.010951],[0.152605,-0.010868],[0.152765,-0.010696],[0.152801,-0.010612],[0.153292,-0.010305],[0.15395,-0.010054],[0.154809,-0.009826],[0.15535,-0.00965],[0.155797,-0.009446],[0.156023,-0.00934],[0.156175,-0.009253],[0.156777,-0.008647],[0.156954,-0.008429],[0.157045,-0.008315],[0.157163,-0.008196],[0.157482,-0.007982],[0.15793,-0.007835],[0.158518,-0.007688],[0.158886,-0.007602],[0.159494,-0.007354],[0.160002,-0.007272],[0.160684,-0.007165],[0.161916,-0.007125],[0.16238,-0.007195],[0.163024,-0.007365],[0.16349,-0.007422],[0.164392,-0.007496],[0.164796,-0.007553],[0.165016,-0.007591],[0.165201,-0.00761],[0.165327,-0.007659],[0.165469,-0.007666],[0.165794,-0.007801],[0.166008,-0.007808],[0.166343,-0.007916],[0.166469,-0.007944],[0.166659,-0.008038],[0.166842,-0.008087],[0.16709,-0.008195],[0.167289,-0.008247],[0.167556,-0.008306],[0.168895,-0.008804],[0.16901,-0.008906],[0.169268,-0.008893],[0.169436,-0.008947],[0.169699,-0.009064],[0.170016,-0.009386],[0.170118,-0.009616],[0.170305,-0.010017],[0.170897,-0.010137],[0.171225,-0.010258],[0.171603,-0.010357],[0.171959,-0.010484],[0.172283,-0.010573],[0.172469,-0.010565],[0.172794,-0.010584],[0.173307,-0.010714],[0.174018,-0.011075],[0.174456,-0.011532],[0.17543,-0.011864],[0.177008,-0.012058],[0.17834,-0.0121],[0.179805,-0.011077],[0.180179,-0.010978],[0.180566,-0.010946],[0.18127,-0.010498],[0.181256,-0.010861],[0.181271,-0.0105],[0.187614,-0.002803],[0.189283,-0.000779]]]]}},{"type":"Feature","id":61,"properties":{"Name":"Embersea North","Mapttitle":"Dark Ocean","SpecialFeatures":null,"AreaDescription":null,"FirstEvasion":null,"SecondEvasion":null,"FishHarvest":null,"WhaleHarvest":null,"Danger":null},"geometry":{"type":"MultiPolygon","coordinates":[[[[0.144269,-0.010863],[0.144758,-0.010817],[0.145117,-0.010815],[0.145272,-0.010792],[0.146034,-0.010797],[0.146209,-0.010705],[0.146442,-0.010607],[0.14664,-0.010517],[0.146782,-0.010432],[0.146893,-0.010409],[0.146893,-0.010409],[0.144346,0.004897],[0.144344,0.004911],[0.098422,0.010454],[0.098978,0.005672],[0.118711,-0.009298],[0.118792,-0.009173],[0.118987,-0.008993],[0.119084,-0.008986],[0.119352,-0.008796],[0.119523,-0.008649],[0.119705,-0.008495],[0.119951,-0.008282],[0.120125,-0.008204],[0.120399,-0.008044],[0.120601,-0.007895],[0.120943,-0.007774],[0.121335,-0.007675],[0.121438,-0.007654],[0.121545,-0.007549],[0.12165,-0.007465],[0.121866,-0.007362],[0.122061,-0.007302],[0.122225,-0.007251],[0.122385,-0.007214],[0.122491,-0.007243],[0.12282,-0.007439],[0.123125,-0.007664],[0.123515,-0.007834],[0.123805,-0.007936],[0.124185,-0.008022],[0.124699,-0.008017],[0.124998,-0.008008],[0.125292,-0.007978],[0.125512,-0.007926],[0.125856,-0.007817],[0.126207,-0.007688],[0.126511,-0.007583],[0.126996,-0.007578],[0.127392,-0.007587],[0.127449,-0.00762],[0.127705,-0.00762],[0.127903,-0.007649],[0.128119,-0.007689],[0.128564,-0.007751],[0.129055,-0.007861],[0.129417,-0.007926],[0.129659,-0.008007],[0.129956,-0.008109],[0.129998,-0.008131],[0.130124,-0.008143],[0.130188,-0.008211],[0.130454,-0.008326],[0.130694,-0.00843],[0.130801,-0.008512],[0.131107,-0.008641],[0.131357,-0.008828],[0.131409,-0.00886],[0.131411,-0.008905],[0.131456,-0.00893],[0.131663,-0.009088],[0.13203,-0.009407],[0.132279,-0.009634],[0.132443,-0.009701],[0.132809,-0.009926],[0.13292,-0.009955],[0.133026,-0.009971],[0.133276,-0.010107],[0.13371,-0.010233],[0.134032,-0.010332],[0.134143,-0.010386],[0.134346,-0.01041],[0.135273,-0.010391],[0.13553,-0.010319],[0.135757,-0.010232],[0.135867,-0.010163],[0.13605,-0.010082],[0.136171,-0.009981],[0.136398,-0.009887],[0.136626,-0.009787],[0.136778,-0.009711],[0.136932,-0.009689],[0.137246,-0.009694],[0.137736,-0.009726],[0.138838,-0.009719],[0.139139,-0.009679],[0.139704,-0.009619],[0.140018,-0.009503],[0.140145,-0.009444],[0.140249,-0.00944],[0.142841,-0.00999],[0.142839,-0.009977],[0.143004,-0.009856],[0.143086,-0.009725],[0.143119,-0.009626],[0.143228,-0.009528],[0.143272,-0.009462],[0.143321,-0.009413],[0.143469,-0.009358],[0.143623,-0.009402],[0.143699,-0.009467],[0.143836,-0.009703],[0.143902,-0.009895],[0.143929,-0.010196],[0.14387,-0.010247],[0.143814,-0.010301],[0.144269,-0.010863]]]]}},{"type":"Feature","id":62,"properties":{"Name":"Blasted Isles","Mapttitle":"Dark Ocean","SpecialFeatures":null,"AreaDescription":null,"FirstEvasion":null,"SecondEvasion":null,"FishHarvest":null,"WhaleHarvest":null,"Danger":null},"geometry":{"type":"MultiPolygon","coordinates":[[[[0.132833,-0.016401],[0.133013,-0.016369],[0.133192,-0.016449],[0.133328,-0.016672],[0.133467,-0.01692],[0.133575,-0.017107],[0.133703,-0.017351],[0.133894,-0.01753],[0.134122,-0.017782],[0.134281,-0.017933],[0.134644,-0.018165],[0.134844,-0.0183],[0.135123,-0.018599],[0.135311,-0.018723],[0.135941,-0.018735],[0.136156,-0.018751],[0.136332,-0.018819],[0.136583,-0.018907],[0.136755,-0.01899],[0.136807,-0.018835],[0.136847,-0.018659],[0.136982,-0.01854],[0.137218,-0.018452],[0.137457,-0.018392],[0.1377,-0.018276],[0.137904,-0.018137],[0.138015,-0.018077],[0.138231,-0.017985],[0.138327,-0.018009],[0.138363,-0.018081],[0.138355,-0.018133],[0.138367,-0.018248],[0.138402,-0.018296],[0.138494,-0.01842],[0.138554,-0.018564],[0.13863,-0.018651],[0.138718,-0.018723],[0.138981,-0.018923],[0.139316,-0.01911],[0.140138,-0.019449],[0.140696,-0.019716],[0.14102,-0.01978],[0.141399,-0.019948],[0.141806,-0.020143],[0.142169,-0.020351],[0.142388,-0.020546],[0.142667,-0.020546],[0.142819,-0.020287],[0.143038,-0.019864],[0.143058,-0.019621],[0.143091,-0.019398],[0.143124,-0.019255],[0.143117,-0.019183],[0.143053,-0.01902],[0.142966,-0.018877],[0.142815,-0.018228],[0.142685,-0.017462],[0.142698,-0.016712],[0.142586,-0.016017],[0.142402,-0.015246],[0.142358,-0.015008],[0.142376,-0.014633],[0.14242,-0.014357],[0.142522,-0.013831],[0.142736,-0.013318],[0.143084,-0.012739],[0.143448,-0.012159],[0.143598,-0.011876],[0.143789,-0.011497],[0.14395,-0.011283],[0.144128,-0.011078],[0.14429,-0.010869],[0.144311,-0.010859],[0.144269,-0.010863],[0.143814,-0.010301],[0.14387,-0.010247],[0.143814,-0.010295],[0.142883,-0.010333],[0.142841,-0.00999],[0.140249,-0.00944],[0.140237,-0.00944],[0.140047,-0.009792],[0.139516,-0.010771],[0.139451,-0.011073],[0.139385,-0.011248],[0.139211,-0.011515],[0.138976,-0.011592],[0.138858,-0.011642],[0.138699,-0.011736],[0.138467,-0.011907],[0.138163,-0.012235],[0.138017,-0.012305],[0.137928,-0.012388],[0.13783,-0.012463],[0.137393,-0.012663],[0.137094,-0.012809],[0.136929,-0.012886],[0.136722,-0.013006],[0.136378,-0.013195],[0.136121,-0.013364],[0.135984,-0.013449],[0.135669,-0.01378],[0.13555,-0.013901],[0.135521,-0.013966],[0.135412,-0.014139],[0.135293,-0.014378],[0.135172,-0.01456],[0.134984,-0.014779],[0.134442,-0.014805],[0.133861,-0.014835],[0.13313,-0.014859],[0.132715,-0.014882],[0.132833,-0.016401]]]]}},{"type":"Feature","id":63,"properties":{"Name":"Blackened Isles","Mapttitle":"Dark Ocean","SpecialFeatures":null,"AreaDescription":null,"FirstEvasion":null,"SecondEvasion":null,"FishHarvest":null,"WhaleHarvest":null,"Danger":null},"geometry":{"type":"MultiPolygon","coordinates":[[[[0.133136,-0.01912],[0.13304,-0.018428],[0.132801,-0.017913],[0.132562,-0.017359],[0.132554,-0.016888],[0.13259,-0.016688],[0.132661,-0.016537],[0.132805,-0.016381],[0.132831,-0.01638],[0.132715,-0.014882],[0.132442,-0.014897],[0.13115,-0.014886],[0.130707,-0.014935],[0.129866,-0.01505],[0.128932,-0.01539],[0.128698,-0.015481],[0.128293,-0.015671],[0.127642,-0.015809],[0.127137,-0.015794],[0.126804,-0.015804],[0.126643,-0.015742],[0.126452,-0.015613],[0.1263,-0.015509],[0.12618,-0.015419],[0.126001,-0.015255],[0.12573,-0.015156],[0.125559,-0.015055],[0.125485,-0.015001],[0.125336,-0.014947],[0.125016,-0.01481],[0.124924,-0.01475],[0.124819,-0.014682],[0.124741,-0.014673],[0.124718,-0.014655],[0.124673,-0.014598],[0.124619,-0.014592],[0.124521,-0.014547],[0.124453,-0.014511],[0.124348,-0.01449],[0.124262,-0.014461],[0.123964,-0.014312],[0.123702,-0.014133],[0.123486,-0.013934],[0.123152,-0.013663],[0.122848,-0.013475],[0.122756,-0.013401],[0.122682,-0.013298],[0.122542,-0.01317],[0.122368,-0.013061],[0.122227,-0.013007],[0.122034,-0.013025],[0.121669,-0.013057],[0.121407,-0.013132],[0.121186,-0.013195],[0.121,-0.013193],[0.120695,-0.012971],[0.120435,-0.01286],[0.120152,-0.012749],[0.119523,-0.012769],[0.119136,-0.012845],[0.11883,-0.012906],[0.118077,-0.012916],[0.117447,-0.012893],[0.116879,-0.012908],[0.116711,-0.012946],[0.116482,-0.012956],[0.116382,-0.012952],[0.11627,-0.012919],[0.113578,-0.016106],[0.113689,-0.016139],[0.113839,-0.016181],[0.11403,-0.016247],[0.114562,-0.016312],[0.115383,-0.016303],[0.115844,-0.016284],[0.116553,-0.016195],[0.117482,-0.016088],[0.11778,-0.016163],[0.118638,-0.016774],[0.119198,-0.017772],[0.119301,-0.017945],[0.119562,-0.01801],[0.119963,-0.018019],[0.120593,-0.018007],[0.120672,-0.018065],[0.121904,-0.018048],[0.12207,-0.018078],[0.122567,-0.018088],[0.122945,-0.018206],[0.123402,-0.018542],[0.123815,-0.018875],[0.124487,-0.019117],[0.125171,-0.019324],[0.125611,-0.01949],[0.125733,-0.0195],[0.125861,-0.019509],[0.126048,-0.019542],[0.12618,-0.019586],[0.126579,-0.019742],[0.126872,-0.019903],[0.127069,-0.019973],[0.127479,-0.019949],[0.127824,-0.019868],[0.128228,-0.019721],[0.128494,-0.019658],[0.12884,-0.019626],[0.129256,-0.019626],[0.129495,-0.019584],[0.129848,-0.019534],[0.129938,-0.019519],[0.130165,-0.019406],[0.133136,-0.01912]]]]}},{"type":"Feature","id":64,"properties":{"Name":"Wintersea","Mapttitle":"Dark Ocean","SpecialFeatures":null,"AreaDescription":null,"FirstEvasion":1,"SecondEvasion":1,"FishHarvest":9,"WhaleHarvest":1,"Danger":2},"geometry":{"type":"MultiPolygon","coordinates":[[[[0.081163,-0.044226],[0.081513,-0.044011],[0.081743,-0.043923],[0.082061,-0.04388],[0.082427,-0.04382],[0.083057,-0.043836],[0.083488,-0.04396],[0.083693,-0.044084],[0.084161,-0.044375],[0.084619,-0.044634],[0.084948,-0.044951],[0.08561,-0.045738],[0.085826,-0.045948],[0.0861,-0.046147],[0.086413,-0.046298],[0.086768,-0.046427],[0.087097,-0.046589],[0.08742,-0.046788],[0.087808,-0.047046],[0.088093,-0.047294],[0.088395,-0.047617],[0.088712,-0.047967],[0.088955,-0.048108],[0.088977,-0.048128],[0.08896,-0.04811],[0.089076,-0.048063],[0.089341,-0.047844],[0.089589,-0.047584],[0.089707,-0.047318],[0.089817,-0.047204],[0.090009,-0.046943],[0.090204,-0.04669],[0.0904,-0.046413],[0.09071,-0.045883],[0.090918,-0.045573],[0.091036,-0.045422],[0.091293,-0.045153],[0.09148,-0.045035],[0.091631,-0.044925],[0.091749,-0.044831],[0.091823,-0.044721],[0.092206,-0.044081],[0.092398,-0.043739],[0.092752,-0.043172],[0.092879,-0.042952],[0.092964,-0.04276],[0.093376,-0.042075],[0.093686,-0.041623],[0.093898,-0.04135],[0.094383,-0.040734],[0.094583,-0.040485],[0.094803,-0.040302],[0.095015,-0.040098],[0.095113,-0.040037],[0.095243,-0.03987],[0.095278,-0.039882],[0.095252,-0.039863],[0.09553,-0.039501],[0.096041,-0.039061],[0.096329,-0.038864],[0.09675,-0.038594],[0.097131,-0.038212],[0.097606,-0.037829],[0.097972,-0.037568],[0.098466,-0.037312],[0.098894,-0.037036],[0.099351,-0.036866],[0.099698,-0.036722],[0.100188,-0.036494],[0.100587,-0.036311],[0.100743,-0.036239],[0.101024,-0.036115],[0.10126,-0.036036],[0.101567,-0.035912],[0.101684,-0.035827],[0.1018,-0.035793],[0.101884,-0.035795],[0.101985,-0.03585],[0.102196,-0.035928],[0.102352,-0.036029],[0.102488,-0.036045],[0.102694,-0.036056],[0.102964,-0.036065],[0.103247,-0.036095],[0.103632,-0.036103],[0.104151,-0.036121],[0.104556,-0.036121],[0.104958,-0.03611],[0.105246,-0.036006],[0.105497,-0.035915],[0.105601,-0.035972],[0.105512,-0.035891],[0.105616,-0.035758],[0.105746,-0.03572],[0.106056,-0.03549],[0.106516,-0.035335],[0.107085,-0.035159],[0.107461,-0.034984],[0.107758,-0.034854],[0.108047,-0.034653],[0.108256,-0.034474],[0.108394,-0.034352],[0.108565,-0.034281],[0.108783,-0.034223],[0.109147,-0.034051],[0.109301,-0.034001],[0.109439,-0.033926],[0.10972,-0.033779],[0.109891,-0.033733],[0.109992,-0.033716],[0.110029,-0.033754],[0.110046,-0.033792],[0.110104,-0.033842],[0.110155,-0.033875],[0.110238,-0.033926],[0.110339,-0.03398],[0.110552,-0.034072],[0.110703,-0.034105],[0.110828,-0.034193],[0.111,-0.034189],[0.111204,-0.034114],[0.111472,-0.034101],[0.111727,-0.034093],[0.111907,-0.033963],[0.112129,-0.03388],[0.112434,-0.033817],[0.112806,-0.0337],[0.11297,-0.03367],[0.113124,-0.033599],[0.113296,-0.033419],[0.113392,-0.033357],[0.113397,-0.033361],[0.11342,-0.033326],[0.113662,-0.033183],[0.113831,-0.033113],[0.113943,-0.033089],[0.114198,-0.032904],[0.114315,-0.032824],[0.114508,-0.032765],[0.114787,-0.032661],[0.115101,-0.032486],[0.115353,-0.032452],[0.115589,-0.03246],[0.115738,-0.032457],[0.115959,-0.032414],[0.116173,-0.032304],[0.116355,-0.032169],[0.116518,-0.032063],[0.116727,-0.031957],[0.116811,-0.031863],[0.116981,-0.031753],[0.11706,-0.031675],[0.117259,-0.03157],[0.117518,-0.03146],[0.117559,-0.031395],[0.117583,-0.031341],[0.11759,-0.031262],[0.117602,-0.031217],[0.117642,-0.031139],[0.117689,-0.031034],[0.117731,-0.030976],[0.11783,-0.030939],[0.117893,-0.030921],[0.117958,-0.03087],[0.117986,-0.030826],[0.118025,-0.030758],[0.118068,-0.030688],[0.118126,-0.030654],[0.118225,-0.030598],[0.1183,-0.030556],[0.118433,-0.030511],[0.118485,-0.030444],[0.11851,-0.030366],[0.118538,-0.030301],[0.118634,-0.030224],[0.118719,-0.030118],[0.118839,-0.029961],[0.118945,-0.029907],[0.119093,-0.029825],[0.119195,-0.029746],[0.11931,-0.029644],[0.119381,-0.029568],[0.11947,-0.02946],[0.11958,-0.029472],[0.11975,-0.029398],[0.119903,-0.02932],[0.119959,-0.029237],[0.120058,-0.029116],[0.120139,-0.029035],[0.120258,-0.029],[0.120395,-0.02897],[0.120473,-0.028964],[0.120491,-0.028953],[0.121871,-0.026298],[0.121976,-0.026096],[0.080731,-0.027641],[0.081163,-0.044226]]]]}},{"type":"Feature","id":65,"properties":{"Name":"Embersea South","Mapttitle":"Dark Ocean","SpecialFeatures":null,"AreaDescription":null,"FirstEvasion":null,"SecondEvasion":null,"FishHarvest":null,"WhaleHarvest":null,"Danger":null},"geometry":{"type":"MultiPolygon","coordinates":[[[[0.100593,-0.026916],[0.102971,-0.026808],[0.121976,-0.026096],[0.121871,-0.026298],[0.121978,-0.026092],[0.131424,-0.028454],[0.13142,-0.028452],[0.133391,-0.026133],[0.133451,-0.026173],[0.133376,-0.026108],[0.133332,-0.02594],[0.133312,-0.025082],[0.133228,-0.024967],[0.133096,-0.024688],[0.133068,-0.024504],[0.132945,-0.024201],[0.132845,-0.023965],[0.132785,-0.023606],[0.132781,-0.022338],[0.132997,-0.021101],[0.133172,-0.02006],[0.133144,-0.019178],[0.133136,-0.01912],[0.130165,-0.019406],[0.129477,-0.019902],[0.128861,-0.020319],[0.12853,-0.020497],[0.127953,-0.020804],[0.126434,-0.021193],[0.125429,-0.021447],[0.124594,-0.021678],[0.123369,-0.021859],[0.121354,-0.021851],[0.120549,-0.021832],[0.119747,-0.021919],[0.118047,-0.021904],[0.117542,-0.022042],[0.117132,-0.022195],[0.116659,-0.022331],[0.115933,-0.022572],[0.115538,-0.022765],[0.11505,-0.022957],[0.114595,-0.02333],[0.114197,-0.023635],[0.113649,-0.023802],[0.112706,-0.023839],[0.111481,-0.023874],[0.111189,-0.023919],[0.110898,-0.023992],[0.110636,-0.024047],[0.110221,-0.024173],[0.110082,-0.02416],[0.109807,-0.024016],[0.109662,-0.023906],[0.10934,-0.023819],[0.109006,-0.023735],[0.108857,-0.023711],[0.108726,-0.02368],[0.108594,-0.023643],[0.108416,-0.023596],[0.107928,-0.023601],[0.107835,-0.023707],[0.107791,-0.023878],[0.10771,-0.024033],[0.107653,-0.024117],[0.107562,-0.024169],[0.10746,-0.024233],[0.107373,-0.024281],[0.107241,-0.024371],[0.106828,-0.024363],[0.10672,-0.024268],[0.106589,-0.024174],[0.106461,-0.024045],[0.106373,-0.023934],[0.106302,-0.023827],[0.105769,-0.023845],[0.105579,-0.02391],[0.105431,-0.02385],[0.105252,-0.023746],[0.105,-0.023631],[0.104846,-0.023643],[0.104749,-0.023662],[0.104324,-0.023431],[0.104174,-0.023341],[0.10407,-0.023287],[0.103952,-0.023207],[0.103728,-0.023079],[0.103607,-0.022973],[0.103389,-0.022765],[0.102794,-0.022764],[0.102638,-0.022814],[0.10225,-0.02319],[0.101948,-0.023488],[0.101905,-0.023517],[0.101549,-0.023727],[0.100593,-0.026916]]]]}},{"type":"Feature","id":66,"properties":{"Name":"Embersea West","Mapttitle":"Dark Ocean","SpecialFeatures":null,"AreaDescription":null,"FirstEvasion":null,"SecondEvasion":null,"FishHarvest":null,"WhaleHarvest":null,"Danger":null},"geometry":{"type":"MultiPolygon","coordinates":[[[[0.098967,0.005669],[0.080732,-0.027641],[0.080775,-0.02764],[0.100599,-0.026897],[0.101549,-0.023727],[0.101554,-0.023724],[0.101615,-0.023473],[0.101833,-0.023157],[0.102065,-0.022898],[0.102307,-0.022607],[0.102504,-0.022344],[0.10273,-0.022093],[0.10307,-0.021755],[0.103428,-0.021456],[0.103759,-0.021345],[0.103978,-0.021317],[0.104201,-0.021288],[0.104516,-0.021235],[0.104796,-0.021135],[0.105086,-0.020895],[0.105308,-0.020618],[0.105554,-0.020338],[0.105774,-0.020046],[0.106036,-0.01973],[0.106298,-0.019399],[0.106755,-0.018931],[0.106805,-0.018921],[0.106834,-0.018833],[0.106927,-0.018705],[0.107187,-0.018393],[0.107424,-0.018151],[0.107544,-0.018031],[0.10768,-0.017942],[0.107886,-0.017757],[0.108055,-0.017644],[0.108261,-0.017538],[0.108548,-0.017368],[0.108816,-0.017261],[0.109093,-0.017118],[0.109447,-0.016984],[0.109695,-0.01687],[0.109815,-0.016778],[0.109882,-0.016741],[0.110048,-0.016621],[0.110427,-0.016412],[0.11069,-0.01626],[0.110847,-0.016206],[0.111017,-0.016144],[0.111606,-0.016113],[0.113577,-0.016107],[0.113689,-0.016139],[0.113578,-0.016106],[0.11627,-0.012919],[0.116321,-0.012717],[0.116562,-0.012385],[0.116677,-0.012258],[0.116916,-0.01213],[0.117084,-0.011997],[0.117252,-0.011806],[0.117445,-0.011462],[0.117747,-0.011074],[0.117775,-0.010957],[0.117961,-0.010776],[0.118171,-0.010504],[0.118268,-0.010365],[0.11848,-0.009954],[0.11865,-0.009603],[0.118677,-0.009475],[0.118708,-0.009303],[0.118711,-0.009298],[0.116087,-0.007308],[0.098967,0.005669]]]]}},{"type":"Feature","id":67,"properties":{"Name":"Shadowed Sea North","Mapttitle":"Dark Ocean","SpecialFeatures":null,"AreaDescription":null,"FirstEvasion":1,"SecondEvasion":1,"FishHarvest":9,"WhaleHarvest":1,"Danger":8},"geometry":{"type":"MultiPolygon","coordinates":[[[[0.047366,-0.044348],[0.047678,-0.045482],[0.047684,-0.045599],[0.047702,-0.045884],[0.048005,-0.046205],[0.048219,-0.046722],[0.048433,-0.047132],[0.048594,-0.047542],[0.048736,-0.047988],[0.049004,-0.048522],[0.0492,-0.048718],[0.049521,-0.048879],[0.049931,-0.049503],[0.050376,-0.049877],[0.050572,-0.050109],[0.05084,-0.050644],[0.050804,-0.050893],[0.050719,-0.050922],[0.050898,-0.050942],[0.051089,-0.051034],[0.05134,-0.051215],[0.051586,-0.051641],[0.051991,-0.052144],[0.052313,-0.052592],[0.052494,-0.052832],[0.053018,-0.0531],[0.053248,-0.053204],[0.053548,-0.053248],[0.053832,-0.053444],[0.054494,-0.053925],[0.054693,-0.054212],[0.054886,-0.054387],[0.055056,-0.054801],[0.055043,-0.05504],[0.055092,-0.055296],[0.055181,-0.055542],[0.055181,-0.055564],[0.05521,-0.055449],[0.055509,-0.055278],[0.056013,-0.055074],[0.056388,-0.054945],[0.056739,-0.054817],[0.056978,-0.054621],[0.057046,-0.054348],[0.057072,-0.05416],[0.057157,-0.053938],[0.057276,-0.053776],[0.057575,-0.053554],[0.05778,-0.053323],[0.05784,-0.053152],[0.057942,-0.053084],[0.058164,-0.053007],[0.058301,-0.052845],[0.058489,-0.052768],[0.058643,-0.052691],[0.058771,-0.052435],[0.058848,-0.051906],[0.058976,-0.051376],[0.058997,-0.051359],[0.058929,-0.051093],[0.058809,-0.050536],[0.058829,-0.050035],[0.058837,-0.049872],[0.058945,-0.049004],[0.058853,-0.048252],[0.058769,-0.047616],[0.058734,-0.04719],[0.058527,-0.046768],[0.058383,-0.046386],[0.058212,-0.046096],[0.057914,-0.045375],[0.057799,-0.045065],[0.057799,-0.044954],[0.057695,-0.044938],[0.057651,-0.04479],[0.0575,-0.044675],[0.057317,-0.044528],[0.057166,-0.044556],[0.057186,-0.044428],[0.057041,-0.044061],[0.056901,-0.043877],[0.056738,-0.043549],[0.056636,-0.043228],[0.056555,-0.042925],[0.056412,-0.042576],[0.056201,-0.04211],[0.056072,-0.041838],[0.055915,-0.041662],[0.055705,-0.041471],[0.05554,-0.041295],[0.055394,-0.041267],[0.055203,-0.041272],[0.055079,-0.041218],[0.055042,-0.041184],[0.055113,-0.041132],[0.055182,-0.041104],[0.055392,-0.041096],[0.055609,-0.041142],[0.055729,-0.041214],[0.055907,-0.041347],[0.056127,-0.041393],[0.056406,-0.04146],[0.057202,-0.041676],[0.05732,-0.041701],[0.057786,-0.041863],[0.058016,-0.042093],[0.058221,-0.042441],[0.058507,-0.042783],[0.058669,-0.042932],[0.058831,-0.043026],[0.059334,-0.043218],[0.060012,-0.043672],[0.060472,-0.04407],[0.060826,-0.0444],[0.061218,-0.045009],[0.061436,-0.045562],[0.061585,-0.046085],[0.061846,-0.046644],[0.061939,-0.046781],[0.062064,-0.046843],[0.06212,-0.046967],[0.062244,-0.047154],[0.062474,-0.047297],[0.062617,-0.047409],[0.062654,-0.04754],[0.062748,-0.047832],[0.062878,-0.048037],[0.062959,-0.048304],[0.062996,-0.048914],[0.063077,-0.04905],[0.063202,-0.049759],[0.063208,-0.050238],[0.063152,-0.051114],[0.062996,-0.051152],[0.063168,-0.051112],[0.063179,-0.051316],[0.06317,-0.05192],[0.063215,-0.052513],[0.063237,-0.053165],[0.063219,-0.05389],[0.063237,-0.054304],[0.0633,-0.054669],[0.06334,-0.055006],[0.063372,-0.055313],[0.063342,-0.055621],[0.06334,-0.05594],[0.063364,-0.056238],[0.063378,-0.056595],[0.063466,-0.056895],[0.063563,-0.057168],[0.063659,-0.057393],[0.063684,-0.057615],[0.063715,-0.057926],[0.063822,-0.05812],[0.063835,-0.058345],[0.063796,-0.058598],[0.063936,-0.058319],[0.064015,-0.0581],[0.064313,-0.057857],[0.064598,-0.057742],[0.065109,-0.05759],[0.065851,-0.057419],[0.066531,-0.057249],[0.067115,-0.057103],[0.067413,-0.056982],[0.06768,-0.056775],[0.067887,-0.056647],[0.067966,-0.056471],[0.068094,-0.056289],[0.068209,-0.056228],[0.068398,-0.056076],[0.068629,-0.055815],[0.068811,-0.055486],[0.068896,-0.055486],[0.06917,-0.055468],[0.069346,-0.055334],[0.069437,-0.055237],[0.069552,-0.054988],[0.069717,-0.054806],[0.069893,-0.054647],[0.070112,-0.054483],[0.070306,-0.054204],[0.070355,-0.054009],[0.070598,-0.053638],[0.070659,-0.053322],[0.070872,-0.052854],[0.071273,-0.052391],[0.07132,-0.052153],[0.07151,-0.051716],[0.071586,-0.051555],[0.071738,-0.05108],[0.07178,-0.051117],[0.071894,-0.05082],[0.072025,-0.050551],[0.072005,-0.050066],[0.071991,-0.049638],[0.072295,-0.049195],[0.072323,-0.048559],[0.072254,-0.047957],[0.072337,-0.047501],[0.072433,-0.046954],[0.072461,-0.046546],[0.072371,-0.046173],[0.072468,-0.045668],[0.072503,-0.045232],[0.072731,-0.044907],[0.073014,-0.044527],[0.073263,-0.04526],[0.073754,-0.046062],[0.074045,-0.046422],[0.074391,-0.046747],[0.074328,-0.046947],[0.074411,-0.047286],[0.074522,-0.047535],[0.074743,-0.047812],[0.075117,-0.048047],[0.075532,-0.048317],[0.076002,-0.048531],[0.076376,-0.048718],[0.076542,-0.048967],[0.076708,-0.049153],[0.076894,-0.04925],[0.077157,-0.049264],[0.07733,-0.049236],[0.077724,-0.049271],[0.077953,-0.048987],[0.078112,-0.048552],[0.078142,-0.048413],[0.078092,-0.048372],[0.078161,-0.048378],[0.078063,-0.048364],[0.077747,-0.047623],[0.077687,-0.047504],[0.07765,-0.04737],[0.077655,-0.047192],[0.07765,-0.047052],[0.077655,-0.046842],[0.07765,-0.046739],[0.077698,-0.046589],[0.077827,-0.046416],[0.07794,-0.04633],[0.078274,-0.046255],[0.078662,-0.046045],[0.079206,-0.045711],[0.079799,-0.045161],[0.080725,-0.044418],[0.080838,-0.044278],[0.08108,-0.044133],[0.08116,-0.044111],[0.080759,-0.028724],[0.080731,-0.027641],[0.049026,-0.039029],[0.049197,-0.039011],[0.049549,-0.039245],[0.049789,-0.039427],[0.049912,-0.039708],[0.049883,-0.040148],[0.049836,-0.040423],[0.04959,-0.04084],[0.049385,-0.04108],[0.049244,-0.041279],[0.049063,-0.041385],[0.048898,-0.041461],[0.048828,-0.041625],[0.048646,-0.042012],[0.048535,-0.042205],[0.048312,-0.04234],[0.047908,-0.042528],[0.047882,-0.042525],[0.047694,-0.042494],[0.047366,-0.044348]]]]}},{"type":"Feature","id":68,"properties":{"Name":"Shadowed Deep","Mapttitle":"Dark Ocean","SpecialFeatures":null,"AreaDescription":null,"FirstEvasion":1,"SecondEvasion":1,"FishHarvest":6,"WhaleHarvest":1,"Danger":5},"geometry":{"type":"MultiPolygon","coordinates":[[[[0.048918,-0.039042],[0.030993,-0.038249],[0.028528,-0.053348],[0.028535,-0.053351],[0.028837,-0.053459],[0.029027,-0.053564],[0.029237,-0.053655],[0.029456,-0.053723],[0.029575,-0.053714],[0.030134,-0.05378],[0.030548,-0.053828],[0.030736,-0.053797],[0.031147,-0.05387],[0.031431,-0.053916],[0.031562,-0.053938],[0.031627,-0.053924],[0.031729,-0.053879],[0.031828,-0.053831],[0.031987,-0.053765],[0.03199,-0.053794],[0.031919,-0.053862],[0.031681,-0.053984],[0.031576,-0.053981],[0.031334,-0.054021],[0.031079,-0.054214],[0.031048,-0.05435],[0.031156,-0.054506],[0.031275,-0.054537],[0.031479,-0.054736],[0.031772,-0.054895],[0.031987,-0.055034],[0.03226,-0.055204],[0.03262,-0.055247],[0.032896,-0.05538],[0.032992,-0.05544],[0.033037,-0.055559],[0.033029,-0.055698],[0.032989,-0.055834],[0.032949,-0.056002],[0.032944,-0.056115],[0.032981,-0.056263],[0.033057,-0.056405],[0.032828,-0.056364],[0.033058,-0.056405],[0.033182,-0.056492],[0.033235,-0.056578],[0.033304,-0.056698],[0.03336,-0.056821],[0.033456,-0.056941],[0.033488,-0.057038],[0.033505,-0.057125],[0.033505,-0.057171],[0.033626,-0.057165],[0.033739,-0.057165],[0.033996,-0.057188],[0.034125,-0.057219],[0.034343,-0.057204],[0.034585,-0.057145],[0.034776,-0.057087],[0.03506,-0.057028],[0.035158,-0.057036],[0.03538,-0.057133],[0.035594,-0.057223],[0.035754,-0.057219],[0.03591,-0.057165],[0.036113,-0.057114],[0.03623,-0.057161],[0.038508,-0.055967],[0.038485,-0.055916],[0.038269,-0.055515],[0.038207,-0.05532],[0.038202,-0.054954],[0.038284,-0.05464],[0.038413,-0.054439],[0.038614,-0.054336],[0.03883,-0.054197],[0.039021,-0.054011],[0.039093,-0.053867],[0.039253,-0.053651],[0.039459,-0.053548],[0.039799,-0.053465],[0.040298,-0.053548],[0.040633,-0.053635],[0.041051,-0.053738],[0.04136,-0.053918],[0.041545,-0.054191],[0.041767,-0.05449],[0.046572,-0.053449],[0.046609,-0.053228],[0.046662,-0.052922],[0.046865,-0.052688],[0.046935,-0.05251],[0.047012,-0.052268],[0.047216,-0.052029],[0.047168,-0.052034],[0.04715,-0.051963],[0.047257,-0.051357],[0.047328,-0.050733],[0.047274,-0.049984],[0.047292,-0.049307],[0.04731,-0.04879],[0.047185,-0.048308],[0.046989,-0.047702],[0.046865,-0.046526],[0.047114,-0.045403],[0.047078,-0.044904],[0.047364,-0.044369],[0.047375,-0.04438],[0.047366,-0.044348],[0.047694,-0.042494],[0.047697,-0.042495],[0.047586,-0.042422],[0.047474,-0.042129],[0.04748,-0.041637],[0.047685,-0.041344],[0.048054,-0.040886],[0.048312,-0.040675],[0.048377,-0.040377],[0.048412,-0.039849],[0.04861,-0.039516],[0.048729,-0.039205],[0.048866,-0.039087],[0.048918,-0.039042]]]]}},{"type":"Feature","id":69,"properties":{"Name":"Shadowed Sea South","Mapttitle":"Dark Ocean","SpecialFeatures":null,"AreaDescription":null,"FirstEvasion":1,"SecondEvasion":1,"FishHarvest":9,"WhaleHarvest":1,"Danger":8},"geometry":{"type":"MultiPolygon","coordinates":[[[[0.024137,-0.059864],[0.024012,-0.061224],[0.023977,-0.062589],[0.024035,-0.063954],[0.024183,-0.065312],[0.024422,-0.066656],[0.02475,-0.067982],[0.025166,-0.069283],[0.025668,-0.070553],[0.026254,-0.071787],[0.026921,-0.072979],[0.027667,-0.074123],[0.028487,-0.075216],[0.029378,-0.07625],[0.029524,-0.076122],[0.029528,-0.076119],[0.029879,-0.075935],[0.03029,-0.075846],[0.030546,-0.075835],[0.030841,-0.075751],[0.030797,-0.075946],[0.030914,-0.076007],[0.031058,-0.076157],[0.031103,-0.076252],[0.031131,-0.077076],[0.031231,-0.077376],[0.030949,-0.077825],[0.03405,-0.076927],[0.037037,-0.076129],[0.046471,-0.074023],[0.046432,-0.073681],[0.046382,-0.07298],[0.046159,-0.072089],[0.045937,-0.071029],[0.045838,-0.070435],[0.045747,-0.070192],[0.045617,-0.069922],[0.045493,-0.06974],[0.045464,-0.069452],[0.045477,-0.06931],[0.045416,-0.069075],[0.045361,-0.068893],[0.045387,-0.068668],[0.045335,-0.068418],[0.045335,-0.068138],[0.045358,-0.067927],[0.045437,-0.067707],[0.045451,-0.067549],[0.045701,-0.067482],[0.045442,-0.067544],[0.045533,-0.067212],[0.045523,-0.066809],[0.045593,-0.066446],[0.045573,-0.066164],[0.045553,-0.065188],[0.045593,-0.064845],[0.045613,-0.064211],[0.045754,-0.063919],[0.045875,-0.063556],[0.045976,-0.062972],[0.045956,-0.06264],[0.045865,-0.062117],[0.045794,-0.061573],[0.045956,-0.060616],[0.045946,-0.060294],[0.046036,-0.05977],[0.046086,-0.059166],[0.046227,-0.058955],[0.046227,-0.058713],[0.046157,-0.058361],[0.046137,-0.058149],[0.046137,-0.057974],[0.04613,-0.057892],[0.046218,-0.057591],[0.046368,-0.057161],[0.046445,-0.056804],[0.046627,-0.056374],[0.046638,-0.056105],[0.046641,-0.055769],[0.046582,-0.055668],[0.046505,-0.055507],[0.046445,-0.05522],[0.046438,-0.054856],[0.046477,-0.054465],[0.046557,-0.054059],[0.046554,-0.05387],[0.046536,-0.053646],[0.046571,-0.053449],[0.041767,-0.05449],[0.041787,-0.054799],[0.041411,-0.055124],[0.041298,-0.05517],[0.040999,-0.055289],[0.040803,-0.055371],[0.040664,-0.055624],[0.040566,-0.055799],[0.040463,-0.05584],[0.040608,-0.056025],[0.040551,-0.056108],[0.040355,-0.05585],[0.040144,-0.055732],[0.040025,-0.055711],[0.039871,-0.055649],[0.039747,-0.055665],[0.039366,-0.05568],[0.039021,-0.055768],[0.038748,-0.05601],[0.038619,-0.056067],[0.038511,-0.055964],[0.038485,-0.055916],[0.038508,-0.055967],[0.03623,-0.057161],[0.036195,-0.057352],[0.036023,-0.057562],[0.035848,-0.057874],[0.03575,-0.058003],[0.035555,-0.058237],[0.035337,-0.058467],[0.035177,-0.058595],[0.03501,-0.058712],[0.034846,-0.058802],[0.034608,-0.058962],[0.034382,-0.059305],[0.034277,-0.059546],[0.033521,-0.060154],[0.033365,-0.060501],[0.033283,-0.060758],[0.033228,-0.060926],[0.03308,-0.061101],[0.032924,-0.061207],[0.032784,-0.061359],[0.032675,-0.061495],[0.032457,-0.061639],[0.032199,-0.061897],[0.032102,-0.061994],[0.031923,-0.062099],[0.031716,-0.062197],[0.031556,-0.062236],[0.031283,-0.06229],[0.031085,-0.062181],[0.030621,-0.061924],[0.030079,-0.061651],[0.029744,-0.061347],[0.029483,-0.060895],[0.029377,-0.060626],[0.02938,-0.060625],[0.02918,-0.060518],[0.028982,-0.060398],[0.02874,-0.060373],[0.028632,-0.06014],[0.02859,-0.060075],[0.028451,-0.059944],[0.028255,-0.059987],[0.027858,-0.060401],[0.027548,-0.060722],[0.027363,-0.060766],[0.027105,-0.060814],[0.026786,-0.061036],[0.026587,-0.061111],[0.02617,-0.061134],[0.025691,-0.061041],[0.025141,-0.060695],[0.024932,-0.060655],[0.02464,-0.060566],[0.024378,-0.060562],[0.024298,-0.060287],[0.024252,-0.060069],[0.024137,-0.059864]]]]}},{"type":"Feature","id":70,"properties":{"Name":"Marchwaters","Mapttitle":"Dark Ocean","SpecialFeatures":null,"AreaDescription":null,"FirstEvasion":1,"SecondEvasion":2,"FishHarvest":9,"WhaleHarvest":1,"Danger":2},"geometry":{"type":"MultiPolygon","coordinates":[[[[0.030941,-0.07783],[0.034359,-0.08803],[0.034929,-0.08802],[0.034997,-0.088018],[0.035494,-0.088075],[0.035919,-0.088159],[0.036274,-0.088297],[0.036549,-0.088479],[0.037071,-0.088952],[0.037523,-0.089396],[0.037592,-0.089619],[0.037616,-0.08972],[0.055114,-0.08884],[0.055092,-0.088781],[0.055088,-0.08877],[0.055005,-0.088515],[0.054978,-0.088339],[0.054985,-0.08814],[0.054988,-0.08807],[0.054905,-0.088032],[0.054701,-0.087999],[0.054555,-0.087919],[0.054326,-0.087732],[0.054275,-0.087652],[0.054109,-0.08733],[0.054036,-0.087161],[0.053883,-0.086957],[0.053817,-0.086814],[0.053512,-0.086147],[0.053228,-0.085633],[0.053107,-0.085369],[0.052793,-0.084689],[0.05239,-0.084042],[0.052105,-0.083539],[0.052057,-0.083378],[0.052002,-0.083216],[0.051798,-0.082529],[0.05142,-0.081529],[0.051266,-0.081175],[0.051113,-0.080986],[0.050712,-0.080636],[0.050314,-0.080172],[0.050047,-0.079806],[0.04976,-0.079487],[0.049547,-0.079302],[0.049355,-0.078921],[0.049311,-0.07885],[0.049316,-0.078847],[0.049236,-0.078729],[0.048692,-0.077995],[0.048189,-0.077282],[0.047945,-0.076869],[0.047694,-0.076156],[0.047541,-0.075859],[0.047067,-0.075153],[0.046737,-0.074745],[0.046485,-0.074143],[0.046471,-0.074023],[0.035976,-0.076367],[0.030941,-0.07783]]]]}},{"type":"Feature","id":71,"properties":{"Name":"Black Reefs","Mapttitle":"Dark Ocean","SpecialFeatures":null,"AreaDescription":null,"FirstEvasion":1,"SecondEvasion":3,"FishHarvest":6,"WhaleHarvest":1,"Danger":15},"geometry":{"type":"MultiPolygon","coordinates":[[[[0.031595,-0.090904],[0.03165,-0.090679],[0.031662,-0.090629],[0.031804,-0.090286],[0.031889,-0.090075],[0.032038,-0.089877],[0.032341,-0.089659],[0.032604,-0.089562],[0.032859,-0.089473],[0.033065,-0.089388],[0.033356,-0.08938],[0.033505,-0.08936],[0.033748,-0.089332],[0.033833,-0.089263],[0.03395,-0.089105],[0.034108,-0.088814],[0.034168,-0.088588],[0.034201,-0.088374],[0.034197,-0.08822],[0.034181,-0.088103],[0.034229,-0.088018],[0.03431,-0.08803],[0.034447,-0.08803],[0.034929,-0.08802],[0.034359,-0.08803],[0.030942,-0.07783],[0.030775,-0.077899],[0.030313,-0.07741],[0.030224,-0.077337],[0.030029,-0.077209],[0.029879,-0.077109],[0.02979,-0.076976],[0.029422,-0.076536],[0.029378,-0.076252],[0.029524,-0.076122],[0.029378,-0.07625],[0.028466,-0.07519],[0.027629,-0.07407],[0.02687,-0.072894],[0.026194,-0.07167],[0.025603,-0.070402],[0.0251,-0.069097],[0.024688,-0.06776],[0.024369,-0.066399],[0.024143,-0.065018],[0.017667,-0.0843],[0.017924,-0.08426],[0.018202,-0.084232],[0.018402,-0.08426],[0.018618,-0.08431],[0.018879,-0.08452],[0.019234,-0.084965],[0.01939,-0.085286],[0.019634,-0.085575],[0.019856,-0.085814],[0.020395,-0.086236],[0.021594,-0.087263],[0.022476,-0.087879],[0.02272,-0.088029],[0.023165,-0.088145],[0.02352,-0.088095],[0.02377,-0.088012],[0.024214,-0.08784],[0.024541,-0.087884],[0.024819,-0.088095],[0.02503,-0.088295],[0.02513,-0.088473],[0.025152,-0.088689],[0.025124,-0.089072],[0.025096,-0.089405],[0.02508,-0.089655],[0.025008,-0.089866],[0.02495,-0.089873],[0.025014,-0.089953],[0.025006,-0.090335],[0.02498,-0.090656],[0.024928,-0.091202],[0.024977,-0.091431],[0.025005,-0.091566],[0.031595,-0.090904]]]]}},{"type":"Feature","id":72,"properties":{"Name":"Foundered Sea","Mapttitle":"Dark Ocean","SpecialFeatures":null,"AreaDescription":null,"FirstEvasion":1,"SecondEvasion":1,"FishHarvest":9,"WhaleHarvest":1,"Danger":2},"geometry":{"type":"MultiPolygon","coordinates":[[[[0.048798,-0.100762],[0.048958,-0.100756],[0.048966,-0.100757],[0.049025,-0.100777],[0.049086,-0.100799],[0.049236,-0.100796],[0.049519,-0.10073],[0.04986,-0.100641],[0.049963,-0.100619],[0.050093,-0.10058],[0.050273,-0.10038],[0.050545,-0.099842],[0.050573,-0.099703],[0.050606,-0.099487],[0.050567,-0.099434],[0.050512,-0.099384],[0.050451,-0.099284],[0.050579,-0.09929],[0.050698,-0.09932],[0.051061,-0.099298],[0.051247,-0.099292],[0.05135,-0.099326],[0.051464,-0.099367],[0.051577,-0.099434],[0.051686,-0.099514],[0.051769,-0.099623],[0.051883,-0.09975],[0.05193,-0.099872],[0.051955,-0.100044],[0.051963,-0.100189],[0.051955,-0.100289],[0.051982,-0.100555],[0.051949,-0.100904],[0.05191,-0.101088],[0.051944,-0.101296],[0.05206,-0.101446],[0.052227,-0.101498],[0.052568,-0.101659],[0.052776,-0.101748],[0.052718,-0.101878],[0.052693,-0.101938],[0.052777,-0.101745],[0.052859,-0.101743],[0.053027,-0.101679],[0.053104,-0.101606],[0.053174,-0.101506],[0.05335,-0.101349],[0.05342,-0.101343],[0.053403,-0.101337],[0.053639,-0.101226],[0.053825,-0.100988],[0.054044,-0.100799],[0.054399,-0.100558],[0.054621,-0.100483],[0.054882,-0.100477],[0.05522,-0.100472],[0.055354,-0.100483],[0.055465,-0.100527],[0.055662,-0.100608],[0.055781,-0.100671],[0.056011,-0.100785],[0.056208,-0.100838],[0.056652,-0.100885],[0.056913,-0.101007],[0.05711,-0.101068],[0.058533,-0.10109],[0.058753,-0.100927],[0.058927,-0.100863],[0.059129,-0.100968],[0.058927,-0.100849],[0.059008,-0.100746],[0.059191,-0.100763],[0.059446,-0.100774],[0.059679,-0.100777],[0.059837,-0.100738],[0.060132,-0.100688],[0.060392,-0.100624],[0.060767,-0.100533],[0.060956,-0.100502],[0.0611,-0.100452],[0.061327,-0.100363],[0.061409,-0.100309],[0.061521,-0.100268],[0.061624,-0.100272],[0.061709,-0.10025],[0.061885,-0.100185],[0.061997,-0.100096],[0.062198,-0.100041],[0.062315,-0.100026],[0.0624,-0.09998],[0.0625,-0.099929],[0.062647,-0.099918],[0.06278,-0.099922],[0.062887,-0.099927],[0.063091,-0.100009],[0.063219,-0.10006],[0.06332,-0.100129],[0.06338,-0.100206],[0.06348,-0.100282],[0.063576,-0.100334],[0.063853,-0.100483],[0.064023,-0.100561],[0.064295,-0.100675],[0.064545,-0.100755],[0.06479,-0.100877],[0.064975,-0.101033],[0.065239,-0.101222],[0.065738,-0.101682],[0.065946,-0.101834],[0.065977,-0.101845],[0.065982,-0.101829],[0.065991,-0.101799],[0.066009,-0.101806],[0.066027,-0.101813],[0.066046,-0.101821],[0.066064,-0.101828],[0.066083,-0.101835],[0.066101,-0.101842],[0.06612,-0.101849],[0.065988,-0.101796],[0.065986,-0.101484],[0.066036,-0.100833],[0.066029,-0.100241],[0.065961,-0.099801],[0.065821,-0.099302],[0.065781,-0.099085],[0.065678,-0.099],[0.065939,-0.099026],[0.06597,-0.099021],[0.065473,-0.098944],[0.065089,-0.098808],[0.064389,-0.098517],[0.063604,-0.098082],[0.062937,-0.097314],[0.062865,-0.096965],[0.062658,-0.096183],[0.062324,-0.095528],[0.062029,-0.094845],[0.061652,-0.0942],[0.061297,-0.093823],[0.060401,-0.09291],[0.059543,-0.092014],[0.059182,-0.091609],[0.058658,-0.091167],[0.058532,-0.090834],[0.058543,-0.090547],[0.058541,-0.090548],[0.058464,-0.090571],[0.058226,-0.090593],[0.058027,-0.090544],[0.057869,-0.090564],[0.057634,-0.090625],[0.057248,-0.09067],[0.05709,-0.090673],[0.056979,-0.090612],[0.056843,-0.090368],[0.056576,-0.090194],[0.056427,-0.090089],[0.055773,-0.089789],[0.055569,-0.089653],[0.055365,-0.089502],[0.055232,-0.089248],[0.055204,-0.089114],[0.055112,-0.08884],[0.037616,-0.08972],[0.037669,-0.089942],[0.037742,-0.090245],[0.037948,-0.090799],[0.038356,-0.09147],[0.0387,-0.091979],[0.03889,-0.092489],[0.038983,-0.092735],[0.038975,-0.09287],[0.04483,-0.096932],[0.044836,-0.096925],[0.045057,-0.096751],[0.045298,-0.096594],[0.045472,-0.096486],[0.04576,-0.096349],[0.046159,-0.096296],[0.046306,-0.096279],[0.046467,-0.096299],[0.046597,-0.096316],[0.046825,-0.096339],[0.046962,-0.096353],[0.047069,-0.096436],[0.04718,-0.096701],[0.047237,-0.096738],[0.047146,-0.096805],[0.047066,-0.096919],[0.04714,-0.096902],[0.04719,-0.096875],[0.04725,-0.096835],[0.047297,-0.096835],[0.047371,-0.096932],[0.047424,-0.097016],[0.047471,-0.097183],[0.047505,-0.097297],[0.047582,-0.097551],[0.047702,-0.097635],[0.047736,-0.097702],[0.047766,-0.097783],[0.047783,-0.097863],[0.04788,-0.098094],[0.047994,-0.098191],[0.048114,-0.098278],[0.048342,-0.098379],[0.048446,-0.098415],[0.048593,-0.098503],[0.048731,-0.098626],[0.048865,-0.098811],[0.048885,-0.099008],[0.048881,-0.099136],[0.048818,-0.09934],[0.048734,-0.099437],[0.048597,-0.099531],[0.048436,-0.099604],[0.048273,-0.099676],[0.048097,-0.099757],[0.048798,-0.100762]]]]}},{"type":"Feature","id":73,"properties":{"Name":"Sea of Swords","Mapttitle":"Dark Ocean","SpecialFeatures":null,"AreaDescription":null,"FirstEvasion":1,"SecondEvasion":1,"FishHarvest":9,"WhaleHarvest":2,"Danger":8},"geometry":{"type":"MultiPolygon","coordinates":[[[[0.047353,-0.102027],[0.047355,-0.101991],[0.047388,-0.101901],[0.04769,-0.101734],[0.047984,-0.101598],[0.048217,-0.101459],[0.04845,-0.101246],[0.048592,-0.10106],[0.048653,-0.100949],[0.048717,-0.100855],[0.048796,-0.10076],[0.048097,-0.099757],[0.048273,-0.099676],[0.048141,-0.099735],[0.04795,-0.099819],[0.047753,-0.099886],[0.047461,-0.100016],[0.047294,-0.100083],[0.047106,-0.100164],[0.046989,-0.100271],[0.046929,-0.100411],[0.046865,-0.100512],[0.046885,-0.100646],[0.046855,-0.100827],[0.046879,-0.10092],[0.046919,-0.101034],[0.046818,-0.101071],[0.046694,-0.100971],[0.046614,-0.10085],[0.04654,-0.100797],[0.046386,-0.10076],[0.046276,-0.10075],[0.046169,-0.10074],[0.045984,-0.100696],[0.045881,-0.100606],[0.045777,-0.100515],[0.0457,-0.100458],[0.045583,-0.100371],[0.045482,-0.100304],[0.045124,-0.100067],[0.044996,-0.099872],[0.04495,-0.099792],[0.044916,-0.099668],[0.044859,-0.099501],[0.044799,-0.099206],[0.044769,-0.099102],[0.044739,-0.098941],[0.044719,-0.098797],[0.044732,-0.098626],[0.044792,-0.098513],[0.044863,-0.098315],[0.044873,-0.098228],[0.044819,-0.097973],[0.044702,-0.097853],[0.044588,-0.097665],[0.044518,-0.097471],[0.044601,-0.09721],[0.04483,-0.096932],[0.038975,-0.09287],[0.03897,-0.092953],[0.038849,-0.092998],[0.038688,-0.092998],[0.038522,-0.092941],[0.038384,-0.092905],[0.03819,-0.092824],[0.037705,-0.092731],[0.037511,-0.092662],[0.03718,-0.092541],[0.036808,-0.092578],[0.036691,-0.092594],[0.036501,-0.092675],[0.036355,-0.092861],[0.036274,-0.09305],[0.036157,-0.093192],[0.035967,-0.093317],[0.035531,-0.093471],[0.03505,-0.093495],[0.034294,-0.093604],[0.034019,-0.093592],[0.033598,-0.093503],[0.033247,-0.093378],[0.032588,-0.092982],[0.032269,-0.092703],[0.03186,-0.092416],[0.031488,-0.092016],[0.031456,-0.091555],[0.031525,-0.091203],[0.031602,-0.09088],[0.03165,-0.090679],[0.031595,-0.090904],[0.025006,-0.091566],[0.025006,-0.091566],[0.024876,-0.092122],[0.024746,-0.092434],[0.02465,-0.09292],[0.024399,-0.0937],[0.024251,-0.094143],[0.02413,-0.09468],[0.02406,-0.095209],[0.024008,-0.095799],[0.023861,-0.096337],[0.023757,-0.096684],[0.023583,-0.0971],[0.023427,-0.097317],[0.023339,-0.097452],[0.023317,-0.097482],[0.02473,-0.099027],[0.024814,-0.098993],[0.024903,-0.099017],[0.024974,-0.099109],[0.025035,-0.099187],[0.025106,-0.099241],[0.025214,-0.099281],[0.025312,-0.099292],[0.025485,-0.099271],[0.02557,-0.099227],[0.025604,-0.099126],[0.025645,-0.099004],[0.025668,-0.098885],[0.025709,-0.098783],[0.025766,-0.098695],[0.025865,-0.098577],[0.025956,-0.098546],[0.026092,-0.098506],[0.026149,-0.098516],[0.026275,-0.098533],[0.026332,-0.09857],[0.026434,-0.09859],[0.026607,-0.09858],[0.026803,-0.098621],[0.026949,-0.098814],[0.027054,-0.098905],[0.02719,-0.099078],[0.027288,-0.099237],[0.027376,-0.099336],[0.027501,-0.099397],[0.027596,-0.099485],[0.027752,-0.099613],[0.027847,-0.099729],[0.027982,-0.099827],[0.028094,-0.099851],[0.028192,-0.099803],[0.028264,-0.099678],[0.02826,-0.099397],[0.028247,-0.099244],[0.02823,-0.099109],[0.028267,-0.098987],[0.028328,-0.098956],[0.028511,-0.09898],[0.028762,-0.09918],[0.028992,-0.09942],[0.029185,-0.099607],[0.029317,-0.099874],[0.029378,-0.100196],[0.029493,-0.100474],[0.029568,-0.100894],[0.029642,-0.101233],[0.02969,-0.101348],[0.029866,-0.101504],[0.030076,-0.101616],[0.030168,-0.101711],[0.030273,-0.101778],[0.030527,-0.101799],[0.030964,-0.101839],[0.031157,-0.101917],[0.031391,-0.102127],[0.031536,-0.102365],[0.031648,-0.102578],[0.03176,-0.102825],[0.031855,-0.103012],[0.031885,-0.10313],[0.031871,-0.103204],[0.031866,-0.103228],[0.047353,-0.102027]]]]}},{"type":"Feature","id":74,"properties":{"Name":"Gulf of Horrors","Mapttitle":"Dark Ocean","SpecialFeatures":null,"AreaDescription":null,"FirstEvasion":1,"SecondEvasion":1,"FishHarvest":9,"WhaleHarvest":1,"Danger":2},"geometry":{"type":"MultiPolygon","coordinates":[[[[0.02881,-0.103921],[0.034078,-0.107413],[0.034054,-0.10751],[0.034045,-0.10755],[0.034068,-0.107685],[0.03411,-0.107769],[0.034147,-0.107876],[0.034161,-0.108011],[0.034161,-0.10816],[0.034147,-0.108244],[0.034105,-0.108439],[0.034101,-0.108532],[0.034036,-0.1087],[0.034152,-0.108709],[0.034254,-0.108611],[0.034375,-0.108495],[0.034533,-0.108365],[0.034682,-0.108272],[0.034789,-0.108188],[0.034881,-0.10816],[0.039096,-0.11119],[0.039115,-0.111183],[0.039297,-0.111114],[0.039224,-0.111184],[0.039186,-0.11124],[0.039209,-0.111367],[0.03928,-0.11142],[0.039342,-0.111476],[0.039418,-0.111502],[0.039483,-0.111526],[0.03966,-0.111505],[0.039748,-0.111502],[0.03988,-0.111543],[0.039998,-0.11162],[0.040045,-0.111685],[0.040086,-0.111797],[0.040175,-0.111926],[0.040295,-0.111979],[0.040425,-0.112032],[0.040554,-0.112085],[0.040693,-0.112147],[0.040769,-0.1122],[0.040846,-0.11227],[0.041043,-0.112385],[0.04114,-0.112429],[0.041228,-0.112438],[0.041352,-0.112438],[0.041449,-0.112435],[0.041484,-0.112532],[0.041505,-0.11257],[0.041457,-0.112424],[0.041698,-0.112427],[0.041895,-0.112347],[0.042254,-0.1122],[0.042508,-0.112143],[0.042723,-0.112109],[0.042944,-0.112012],[0.043148,-0.111895],[0.043479,-0.111915],[0.043654,-0.111949],[0.043861,-0.111969],[0.044136,-0.111908],[0.044297,-0.111851],[0.044434,-0.111778],[0.044698,-0.111778],[0.044832,-0.111851],[0.04499,-0.111905],[0.045228,-0.111959],[0.045482,-0.111982],[0.045683,-0.111979],[0.045864,-0.111989],[0.046035,-0.112062],[0.046169,-0.112116],[0.046323,-0.112066],[0.0465,-0.112049],[0.046668,-0.112143],[0.046966,-0.11221],[0.047284,-0.112294],[0.047629,-0.112401],[0.047796,-0.112464],[0.04815,-0.112608],[0.047679,-0.112364],[0.047803,-0.112106],[0.04784,-0.111918],[0.047913,-0.111617],[0.048024,-0.111426],[0.048151,-0.111356],[0.048392,-0.111302],[0.04854,-0.111322],[0.048623,-0.111359],[0.048704,-0.111403],[0.048828,-0.111433],[0.048938,-0.111453],[0.049062,-0.11148],[0.049179,-0.111486],[0.049276,-0.111496],[0.04939,-0.111553],[0.049494,-0.11157],[0.049725,-0.111496],[0.049899,-0.111456],[0.05004,-0.11146],[0.050127,-0.111436],[0.050187,-0.111399],[0.050261,-0.111359],[0.050355,-0.111279],[0.050475,-0.111182],[0.050549,-0.111128],[0.050653,-0.111001],[0.05074,-0.110924],[0.050877,-0.110877],[0.051038,-0.110927],[0.051246,-0.110944],[0.051386,-0.110924],[0.05153,-0.110904],[0.051647,-0.110894],[0.051822,-0.110907],[0.051992,-0.110964],[0.05223,-0.111044],[0.052408,-0.111105],[0.052522,-0.111128],[0.05281,-0.111175],[0.053064,-0.111192],[0.053225,-0.111155],[0.053396,-0.111098],[0.053637,-0.111054],[0.053771,-0.111041],[0.053915,-0.110977],[0.054039,-0.11093],[0.054186,-0.11091],[0.054434,-0.110924],[0.054574,-0.110957],[0.054638,-0.111034],[0.054729,-0.111145],[0.054761,-0.111159],[0.054768,-0.111144],[0.054781,-0.110786],[0.054843,-0.110465],[0.054998,-0.109993],[0.055068,-0.109565],[0.055068,-0.10899],[0.055182,-0.108697],[0.05518,-0.108322],[0.055096,-0.107773],[0.054985,-0.107406],[0.054865,-0.107183],[0.054662,-0.106962],[0.054726,-0.1069],[0.054738,-0.106853],[0.054688,-0.106929],[0.05444,-0.106748],[0.054176,-0.10655],[0.054002,-0.106443],[0.053841,-0.106396],[0.05364,-0.106376],[0.053479,-0.106306],[0.053017,-0.106152],[0.052622,-0.105944],[0.052086,-0.105736],[0.051195,-0.105522],[0.050676,-0.105371],[0.050291,-0.105237],[0.049836,-0.104795],[0.0493,-0.104246],[0.049012,-0.103744],[0.048972,-0.103516],[0.048928,-0.103379],[0.048824,-0.102983],[0.048808,-0.102863],[0.048731,-0.102729],[0.048726,-0.102726],[0.048515,-0.102632],[0.048221,-0.102449],[0.04787,-0.10231],[0.047551,-0.102192],[0.047377,-0.10212],[0.047344,-0.102028],[0.031866,-0.103228],[0.031871,-0.103204],[0.031865,-0.103232],[0.031841,-0.103351],[0.031794,-0.103466],[0.031638,-0.10352],[0.031516,-0.103496],[0.03132,-0.103398],[0.031103,-0.103303],[0.030903,-0.103293],[0.030622,-0.103347],[0.030405,-0.103479],[0.030141,-0.103578],[0.029598,-0.10372],[0.029256,-0.103923],[0.02898,-0.103925],[0.02881,-0.103921]]]]}},{"type":"Feature","id":75,"properties":{"Name":"Farreach","Mapttitle":"Dark Ocean","SpecialFeatures":null,"AreaDescription":null,"FirstEvasion":1,"SecondEvasion":4,"FishHarvest":9,"WhaleHarvest":3,"Danger":2},"geometry":{"type":"MultiPolygon","coordinates":[[[[0.023319,-0.097489],[0.022234,-0.099666],[0.021947,-0.100422],[0.02171,-0.101196],[0.021526,-0.101984],[0.021394,-0.102782],[0.021317,-0.103587],[0.021293,-0.104396],[0.021322,-0.105205],[0.021406,-0.106009],[0.021543,-0.106807],[0.021733,-0.107593],[0.021976,-0.108365],[0.022269,-0.109119],[0.022611,-0.109852],[0.023002,-0.110561],[0.023439,-0.111241],[0.023921,-0.111892],[0.024445,-0.112508],[0.025008,-0.113089],[0.02561,-0.11363],[0.026245,-0.11413],[0.026913,-0.114587],[0.026915,-0.114586],[0.02713,-0.114532],[0.027302,-0.114562],[0.027479,-0.114619],[0.027587,-0.114656],[0.027725,-0.114667],[0.02782,-0.11467],[0.02805,-0.114688],[0.028098,-0.114702],[0.028043,-0.114747],[0.028106,-0.114697],[0.028232,-0.114726],[0.028604,-0.114726],[0.028936,-0.114632],[0.029308,-0.114556],[0.02991,-0.114561],[0.030205,-0.114642],[0.030475,-0.114694],[0.030656,-0.114781],[0.030822,-0.114959],[0.031003,-0.11515],[0.031248,-0.115371],[0.031454,-0.11551],[0.03177,-0.115719],[0.031956,-0.115823],[0.032129,-0.115943],[0.032252,-0.11599],[0.03231,-0.116097],[0.032441,-0.116328],[0.032571,-0.1166],[0.032613,-0.116752],[0.032632,-0.116822],[0.03258,-0.116933],[0.032707,-0.116988],[0.032783,-0.117159],[0.032861,-0.11732],[0.032964,-0.117471],[0.033215,-0.117557],[0.033441,-0.117642],[0.033657,-0.117745],[0.034138,-0.117801],[0.034347,-0.117806],[0.034523,-0.117876],[0.034802,-0.118084],[0.034898,-0.118186],[0.035054,-0.118363],[0.035439,-0.118684],[0.035632,-0.119038],[0.035632,-0.119039],[0.042362,-0.117663],[0.042347,-0.117625],[0.042382,-0.117469],[0.042341,-0.117324],[0.042085,-0.116971],[0.041658,-0.116329],[0.041585,-0.11605],[0.041467,-0.115526],[0.041337,-0.115155],[0.041231,-0.114814],[0.041078,-0.114437],[0.040955,-0.114098],[0.040875,-0.113889],[0.040819,-0.113763],[0.040831,-0.113619],[0.040754,-0.113186],[0.040651,-0.113021],[0.040528,-0.112856],[0.040307,-0.1127],[0.040125,-0.112603],[0.039948,-0.112447],[0.039869,-0.112341],[0.039845,-0.112232],[0.039736,-0.112026],[0.039662,-0.111914],[0.039518,-0.111747],[0.039439,-0.111682],[0.03933,-0.111655],[0.03923,-0.111596],[0.039121,-0.111464],[0.039059,-0.111311],[0.039097,-0.11119],[0.039115,-0.111183],[0.039096,-0.11119],[0.034881,-0.10816],[0.034789,-0.108188],[0.034682,-0.108272],[0.034533,-0.108365],[0.034375,-0.108495],[0.034254,-0.108611],[0.034152,-0.108709],[0.034036,-0.1087],[0.034101,-0.108532],[0.034105,-0.108439],[0.034147,-0.108244],[0.034161,-0.10816],[0.034161,-0.108011],[0.034147,-0.107876],[0.03411,-0.107769],[0.034068,-0.107685],[0.034045,-0.10755],[0.034054,-0.10751],[0.034059,-0.107485],[0.03407,-0.107443],[0.034078,-0.107413],[0.028817,-0.103926],[0.028757,-0.103926],[0.028318,-0.103849],[0.028163,-0.103681],[0.028059,-0.1035],[0.027982,-0.103306],[0.027878,-0.102983],[0.027852,-0.102776],[0.027847,-0.102714],[0.027857,-0.102615],[0.02786,-0.102514],[0.027864,-0.102321],[0.027871,-0.102148],[0.02786,-0.102053],[0.027813,-0.101911],[0.027728,-0.101745],[0.027647,-0.101609],[0.027505,-0.101457],[0.027359,-0.101314],[0.027183,-0.101189],[0.026864,-0.100962],[0.026326,-0.100596],[0.025878,-0.100345],[0.025634,-0.100169],[0.025126,-0.099817],[0.024984,-0.099668],[0.024818,-0.099431],[0.024757,-0.099353],[0.024733,-0.099288],[0.024716,-0.099098],[0.02473,-0.099027],[0.023902,-0.098122],[0.023319,-0.097489]]]]}},{"type":"Feature","id":76,"properties":{"Name":"Patrolsea","Mapttitle":"Dark Ocean","SpecialFeatures":null,"AreaDescription":null,"FirstEvasion":1,"SecondEvasion":1,"FishHarvest":9,"WhaleHarvest":1,"Danger":2},"geometry":{"type":"MultiPolygon","coordinates":[[[[0.042294,-0.13641],[0.042786,-0.136234],[0.042963,-0.136148],[0.043239,-0.13609],[0.043487,-0.136086],[0.043743,-0.136041],[0.043982,-0.135995],[0.04418,-0.135929],[0.044489,-0.135707],[0.044654,-0.135624],[0.04472,-0.135513],[0.044782,-0.13529],[0.044827,-0.135125],[0.044869,-0.134972],[0.044959,-0.134766],[0.045071,-0.134638],[0.045281,-0.134486],[0.045421,-0.13428],[0.045442,-0.134143],[0.045467,-0.13402],[0.045648,-0.13369],[0.045825,-0.133467],[0.045994,-0.133227],[0.046099,-0.133067],[0.046161,-0.132917],[0.04621,-0.132725],[0.04625,-0.132654],[0.046267,-0.132622],[0.046267,-0.132622],[0.046353,-0.132395],[0.046427,-0.131978],[0.046601,-0.131558],[0.046916,-0.13107],[0.047082,-0.130618],[0.047101,-0.130154],[0.047198,-0.129716],[0.047294,-0.129433],[0.04732,-0.129433],[0.047462,-0.128978],[0.04744,-0.127868],[0.047006,-0.126713],[0.046844,-0.125198],[0.046918,-0.123572],[0.046984,-0.122454],[0.047149,-0.122461],[0.046983,-0.122454],[0.046705,-0.122026],[0.04638,-0.121122],[0.045684,-0.12027],[0.044488,-0.119286],[0.043754,-0.118759],[0.043147,-0.118345],[0.043166,-0.118216],[0.043145,-0.118328],[0.042806,-0.118095],[0.042388,-0.117728],[0.042362,-0.117663],[0.035632,-0.119039],[0.035605,-0.119225],[0.035407,-0.119311],[0.034957,-0.119434],[0.03454,-0.119466],[0.0341,-0.119445],[0.033409,-0.119482],[0.032836,-0.119498],[0.032553,-0.119606],[0.032145,-0.119788],[0.031931,-0.119814],[0.031546,-0.119788],[0.031329,-0.119771],[0.031107,-0.119686],[0.031328,-0.119779],[0.030582,-0.119767],[0.030453,-0.119754],[0.029888,-0.119698],[0.030313,-0.11995],[0.03072,-0.12023],[0.031107,-0.120537],[0.031472,-0.12087],[0.031814,-0.121227],[0.032132,-0.121605],[0.032423,-0.122005],[0.032686,-0.122423],[0.03292,-0.122858],[0.033125,-0.123308],[0.033299,-0.12377],[0.033441,-0.124243],[0.033551,-0.124725],[0.033628,-0.125213],[0.033672,-0.125705],[0.033682,-0.126199],[0.033659,-0.126693],[0.033603,-0.127184],[0.033514,-0.12767],[0.033392,-0.128149],[0.033238,-0.128618],[0.033053,-0.129076],[0.032837,-0.129521],[0.032592,-0.12995],[0.032318,-0.130361],[0.032018,-0.130753],[0.031691,-0.131124],[0.03134,-0.131472],[0.030967,-0.131795],[0.030572,-0.132093],[0.030158,-0.132363],[0.029727,-0.132604],[0.029281,-0.132816],[0.028821,-0.132997],[0.02835,-0.133147],[0.042294,-0.13641]]]]}},{"type":"Feature","id":77,"properties":{"Name":"Fiend's Approach","Mapttitle":"Dark Ocean","SpecialFeatures":null,"AreaDescription":null,"FirstEvasion":1,"SecondEvasion":1,"FishHarvest":9,"WhaleHarvest":1,"Danger":2},"geometry":{"type":"MultiPolygon","coordinates":[[[[0.044668,-0.155021],[0.044692,-0.154936],[0.04471,-0.154849],[0.044722,-0.154761],[0.044729,-0.154673],[0.04473,-0.154584],[0.044725,-0.154496],[0.044714,-0.154408],[0.044697,-0.154321],[0.044675,-0.154235],[0.044647,-0.154151],[0.044613,-0.154069],[0.044575,-0.15399],[0.044531,-0.153913],[0.044482,-0.153839],[0.044428,-0.153769],[0.04437,-0.153702],[0.044307,-0.153639],[0.044241,-0.153581],[0.044171,-0.153527],[0.044097,-0.153477],[0.044021,-0.153433],[0.043941,-0.153394],[0.043859,-0.15336],[0.043498,-0.152982],[0.043297,-0.152778],[0.043068,-0.152607],[0.042733,-0.152296],[0.042583,-0.152167],[0.042456,-0.151996],[0.042323,-0.151825],[0.042187,-0.15162],[0.04206,-0.151425],[0.041746,-0.151159],[0.041609,-0.151029],[0.04136,-0.150752],[0.041213,-0.150584],[0.041045,-0.150444],[0.040973,-0.150294],[0.040898,-0.150127],[0.040834,-0.149929],[0.040803,-0.149721],[0.040755,-0.14957],[0.040694,-0.149443],[0.040637,-0.149334],[0.04056,-0.149203],[0.040468,-0.149109],[0.040381,-0.148995],[0.040311,-0.148851],[0.040278,-0.148739],[0.040197,-0.148571],[0.040169,-0.148431],[0.040171,-0.148311],[0.040125,-0.148101],[0.040084,-0.147902],[0.040059,-0.147816],[0.039983,-0.147639],[0.039962,-0.147469],[0.039959,-0.14747],[0.039938,-0.147409],[0.039901,-0.14732],[0.039884,-0.147275],[0.039847,-0.147129],[0.039818,-0.147035],[0.039792,-0.147004],[0.039766,-0.146966],[0.039748,-0.146933],[0.039731,-0.146899],[0.03971,-0.146861],[0.039626,-0.146585],[0.039622,-0.146489],[0.039595,-0.146438],[0.03959,-0.146338],[0.039579,-0.146239],[0.039545,-0.146159],[0.039468,-0.145926],[0.039367,-0.14571],[0.039296,-0.145594],[0.039223,-0.145528],[0.039211,-0.145429],[0.039197,-0.145382],[0.039169,-0.145322],[0.039132,-0.145186],[0.039131,-0.145116],[0.039134,-0.143121],[0.039134,-0.141402],[0.039134,-0.14063],[0.039155,-0.140468],[0.039152,-0.140252],[0.039185,-0.140066],[0.039308,-0.139682],[0.039368,-0.139451],[0.039482,-0.139244],[0.039596,-0.139088],[0.039896,-0.138684],[0.040438,-0.137988],[0.04047,-0.138012],[0.04055,-0.137909],[0.040633,-0.137711],[0.040905,-0.137447],[0.041548,-0.136882],[0.041854,-0.136647],[0.042229,-0.136465],[0.042608,-0.136321],[0.042786,-0.136234],[0.042294,-0.13641],[0.02835,-0.133147],[0.027492,-0.134406],[0.026719,-0.13572],[0.026037,-0.137083],[0.025447,-0.138488],[0.024952,-0.139929],[0.024555,-0.141401],[0.024258,-0.142895],[0.024061,-0.144406],[0.023966,-0.145927],[0.023972,-0.147451],[0.024081,-0.148971],[0.024291,-0.150481],[0.024602,-0.151973],[0.025012,-0.15344],[0.02552,-0.154878],[0.026122,-0.156277],[0.026817,-0.157634],[0.027601,-0.158941],[0.02847,-0.160192],[0.028506,-0.160483],[0.028562,-0.160771],[0.028637,-0.161054],[0.028731,-0.161332],[0.028844,-0.161603],[0.028975,-0.161865],[0.029123,-0.162118],[0.029288,-0.16236],[0.029469,-0.162591],[0.029665,-0.162809],[0.029876,-0.163013],[0.0301,-0.163202],[0.030336,-0.163376],[0.030584,-0.163533],[0.030841,-0.163673],[0.031108,-0.163795],[0.031382,-0.163899],[0.031662,-0.163984],[0.031948,-0.16405],[0.032238,-0.164097],[0.03253,-0.164124],[0.032823,-0.164131],[0.033116,-0.164118],[0.033407,-0.164085],[0.033695,-0.164032],[0.03398,-0.163961],[0.034258,-0.16387],[0.03453,-0.16376],[0.034794,-0.163632],[0.036408,-0.163476],[0.038006,-0.163204],[0.039582,-0.162819],[0.041125,-0.162323],[0.042629,-0.161717],[0.044086,-0.161006],[0.045489,-0.160193],[0.04683,-0.159282],[0.048103,-0.158278],[0.048088,-0.158278],[0.048055,-0.158278],[0.047952,-0.158249],[0.047798,-0.158146],[0.047659,-0.158051],[0.047549,-0.157927],[0.047402,-0.157773],[0.047131,-0.157707],[0.046706,-0.157604],[0.046522,-0.157589],[0.046383,-0.157516],[0.046192,-0.157384],[0.046046,-0.15723],[0.046016,-0.15712],[0.045899,-0.156929],[0.045833,-0.156753],[0.045701,-0.156665],[0.045569,-0.156563],[0.045379,-0.156423],[0.045247,-0.156049],[0.045166,-0.155808],[0.045012,-0.155624],[0.044755,-0.155375],[0.0447,-0.155311],[0.044675,-0.155182],[0.044661,-0.155092],[0.044677,-0.154997],[0.044668,-0.155021]]]]}},{"type":"Feature","id":78,"properties":{"Name":"Lamplit Sea","Mapttitle":"Dark Ocean","SpecialFeatures":null,"AreaDescription":null,"FirstEvasion":5,"SecondEvasion":0,"FishHarvest":12,"WhaleHarvest":4,"Danger":15},"geometry":{"type":"MultiPolygon","coordinates":[[[[0.032113,-0.164086],[0.034246,-0.166866],[0.036257,-0.169736],[0.038142,-0.17269],[0.039898,-0.175722],[0.041522,-0.178828],[0.043009,-0.182001],[0.044358,-0.185235],[0.044358,-0.185235],[0.060369,-0.186145],[0.060365,-0.186211],[0.06037,-0.186144],[0.064357,-0.185878],[0.064332,-0.185871],[0.064358,-0.185816],[0.064517,-0.185765],[0.064601,-0.185712],[0.064703,-0.185599],[0.064729,-0.185553],[0.064807,-0.185381],[0.06486,-0.185169],[0.065006,-0.184635],[0.065059,-0.184497],[0.065157,-0.184368],[0.065284,-0.184145],[0.06546,-0.183946],[0.065519,-0.183607],[0.065568,-0.183195],[0.065564,-0.182947],[0.065504,-0.182793],[0.06546,-0.182479],[0.065458,-0.182159],[0.065536,-0.181923],[0.065657,-0.181709],[0.065878,-0.181472],[0.066028,-0.181271],[0.066268,-0.180982],[0.066331,-0.180745],[0.066282,-0.180393],[0.066221,-0.180274],[0.066194,-0.180224],[0.06603,-0.17983],[0.065885,-0.179521],[0.065612,-0.179401],[0.065268,-0.179272],[0.06493,-0.179148],[0.064648,-0.179123],[0.064484,-0.179079],[0.064358,-0.179038],[0.06425,-0.178972],[0.064115,-0.178839],[0.063969,-0.178703],[0.06384,-0.178523],[0.063647,-0.178204],[0.063467,-0.178021],[0.063331,-0.177746],[0.063224,-0.177544],[0.063164,-0.177364],[0.06318,-0.177161],[0.06324,-0.176782],[0.063337,-0.176618],[0.063369,-0.17653],[0.063401,-0.176397],[0.063467,-0.176375],[0.063612,-0.176448],[0.063912,-0.176659],[0.064216,-0.176801],[0.064437,-0.176906],[0.064696,-0.177048],[0.064968,-0.177212],[0.065261,-0.177386],[0.065384,-0.177474],[0.065552,-0.177537],[0.065959,-0.177534],[0.06619,-0.177512],[0.06656,-0.177433],[0.066907,-0.177329],[0.067056,-0.177263],[0.067289,-0.177203],[0.067466,-0.177247],[0.067571,-0.177364],[0.067732,-0.177578],[0.067953,-0.17786],[0.068152,-0.178071],[0.068597,-0.17839],[0.068837,-0.178577],[0.069062,-0.178889],[0.069377,-0.179287],[0.069526,-0.179467],[0.069605,-0.17955],[0.069659,-0.179644],[0.069712,-0.179752],[0.069798,-0.179944],[0.069839,-0.180077],[0.069829,-0.180333],[0.070016,-0.180693],[0.070151,-0.180936],[0.07035,-0.181268],[0.070403,-0.181361],[0.070467,-0.181409],[0.070566,-0.18157],[0.070706,-0.181684],[0.070898,-0.181781],[0.071045,-0.181871],[0.071233,-0.181896],[0.071521,-0.181922],[0.071739,-0.182023],[0.071966,-0.182049],[0.072246,-0.182096],[0.072431,-0.18212],[0.07269,-0.182161],[0.072791,-0.182169],[0.072924,-0.182174],[0.073007,-0.182188],[0.073013,-0.182194],[0.073185,-0.18219],[0.073486,-0.182223],[0.073996,-0.182246],[0.074318,-0.182183],[0.074706,-0.18208],[0.075052,-0.18195],[0.07527,-0.181836],[0.075492,-0.181691],[0.075839,-0.181541],[0.075958,-0.181484],[0.076191,-0.18135],[0.076336,-0.181365],[0.084725,-0.169814],[0.089823,-0.168505],[0.089923,-0.168833],[0.089893,-0.168727],[0.08985,-0.168521],[0.089781,-0.168312],[0.089676,-0.168193],[0.089548,-0.168058],[0.089387,-0.167841],[0.088909,-0.167129],[0.088482,-0.166889],[0.08818,-0.166803],[0.087778,-0.166535],[0.087588,-0.166371],[0.087396,-0.166205],[0.087192,-0.165941],[0.08703,-0.165623],[0.086881,-0.165226],[0.08674,-0.164856],[0.086641,-0.164504],[0.086548,-0.164295],[0.086483,-0.164118],[0.086472,-0.164087],[0.086341,-0.164082],[0.086237,-0.164063],[0.086188,-0.163956],[0.08604,-0.163774],[0.085908,-0.163584],[0.085742,-0.163248],[0.08565,-0.16279],[0.085622,-0.162621],[0.085567,-0.16224],[0.085459,-0.162111],[0.085182,-0.16192],[0.085062,-0.161871],[0.084912,-0.161794],[0.084647,-0.161643],[0.084456,-0.161486],[0.084266,-0.161357],[0.084167,-0.161333],[0.084106,-0.16129],[0.083949,-0.161207],[0.083838,-0.161213],[0.083685,-0.161136],[0.083442,-0.161047],[0.083263,-0.160994],[0.083017,-0.160761],[0.082913,-0.160629],[0.082719,-0.160404],[0.082501,-0.160164],[0.082322,-0.159986],[0.082249,-0.159937],[0.082083,-0.159743],[0.081809,-0.159534],[0.081572,-0.159334],[0.081237,-0.158983],[0.080948,-0.158719],[0.080717,-0.158402],[0.080573,-0.158033],[0.0804,-0.157716],[0.080259,-0.157707],[0.079918,-0.157548],[0.079538,-0.157308],[0.078943,-0.156958],[0.078649,-0.156645],[0.078332,-0.15604],[0.07803,-0.155358],[0.077804,-0.154848],[0.077674,-0.154541],[0.077496,-0.154089],[0.07727,-0.153743],[0.077102,-0.153383],[0.076963,-0.153138],[0.075453,-0.152956],[0.073934,-0.152868],[0.072413,-0.152873],[0.070895,-0.152971],[0.069386,-0.153163],[0.067891,-0.153446],[0.066417,-0.153821],[0.064968,-0.154285],[0.063551,-0.154838],[0.06217,-0.155476],[0.060831,-0.156198],[0.06084,-0.156247],[0.060782,-0.156379],[0.060673,-0.156515],[0.060522,-0.156597],[0.060459,-0.156504],[0.06045,-0.156427],[0.059729,-0.156154],[0.058991,-0.155927],[0.058241,-0.155748],[0.057481,-0.155617],[0.056714,-0.155534],[0.055943,-0.155501],[0.055172,-0.155517],[0.054403,-0.155582],[0.05364,-0.155697],[0.052886,-0.155859],[0.052144,-0.15607],[0.051417,-0.156327],[0.050708,-0.156631],[0.050019,-0.156978],[0.049355,-0.15737],[0.048716,-0.157803],[0.048107,-0.158275],[0.048106,-0.158277],[0.048106,-0.158278],[0.048102,-0.158278],[0.046829,-0.159283],[0.045488,-0.160194],[0.044086,-0.161007],[0.042629,-0.161718],[0.041124,-0.162323],[0.039581,-0.162819],[0.038006,-0.163204],[0.036408,-0.163476],[0.034794,-0.163632],[0.034724,-0.163669],[0.034653,-0.163703],[0.034581,-0.163737],[0.034509,-0.163769],[0.034436,-0.1638],[0.034363,-0.16383],[0.034289,-0.163858],[0.032113,-0.164086]]]]}},{"type":"Feature","id":79,"properties":{"Name":"Gulf of Dusk","Mapttitle":"Dark Ocean","SpecialFeatures":null,"AreaDescription":null,"FirstEvasion":3,"SecondEvasion":-1,"FishHarvest":12,"WhaleHarvest":0,"Danger":2},"geometry":{"type":"MultiPolygon","coordinates":[[[[0.074155,-0.144954],[0.074533,-0.144525],[0.074576,-0.144474],[0.074762,-0.143992],[0.074993,-0.143806],[0.075109,-0.143755],[0.075391,-0.143659],[0.075654,-0.143402],[0.075949,-0.142991],[0.076444,-0.142581],[0.076848,-0.142228],[0.077233,-0.141727],[0.07738,-0.141496],[0.077457,-0.141374],[0.077663,-0.141368],[0.077862,-0.141361],[0.077977,-0.141438],[0.078189,-0.141342],[0.078613,-0.140976],[0.079184,-0.140546],[0.079511,-0.140322],[0.079806,-0.140174],[0.079992,-0.139982],[0.080178,-0.13986],[0.080294,-0.139789],[0.080296,-0.139789],[0.080292,-0.139717],[0.080422,-0.139503],[0.080465,-0.139376],[0.080588,-0.139001],[0.080638,-0.138683],[0.080765,-0.138344],[0.08074,-0.137564],[0.080566,-0.137081],[0.08049,-0.136738],[0.080462,-0.136503],[0.080382,-0.136265],[0.080234,-0.136045],[0.080021,-0.135763],[0.079884,-0.135499],[0.079885,-0.135499],[0.079803,-0.135355],[0.079752,-0.135136],[0.079739,-0.134954],[0.079641,-0.134691],[0.079541,-0.134497],[0.079394,-0.13428],[0.079244,-0.134139],[0.079143,-0.134038],[0.078925,-0.133834],[0.078786,-0.133641],[0.078614,-0.133189],[0.078478,-0.133104],[0.078337,-0.132822],[0.077988,-0.132422],[0.077627,-0.132117],[0.077283,-0.131728],[0.076894,-0.131243],[0.076668,-0.130938],[0.07611,-0.130064],[0.075743,-0.129393],[0.075546,-0.128998],[0.07545,-0.128806],[0.075258,-0.128265],[0.075094,-0.127819],[0.074852,-0.127159],[0.074699,-0.126753],[0.074592,-0.126251],[0.074604,-0.125981],[0.074609,-0.125174],[0.074621,-0.124751],[0.074677,-0.124458],[0.07479,-0.123928],[0.074874,-0.123442],[0.074919,-0.123335],[0.074976,-0.122924],[0.075066,-0.122523],[0.075072,-0.122331],[0.075117,-0.122134],[0.075128,-0.121666],[0.075128,-0.121666],[0.075165,-0.121399],[0.075186,-0.121198],[0.075171,-0.121013],[0.075088,-0.120708],[0.075013,-0.120528],[0.074818,-0.1199],[0.074705,-0.11947],[0.074624,-0.118991],[0.074445,-0.118656],[0.074457,-0.118231],[0.074477,-0.118127],[0.074597,-0.117675],[0.074678,-0.117316],[0.074836,-0.116859],[0.075073,-0.116222],[0.075076,-0.115911],[0.075058,-0.115612],[0.075049,-0.115465],[0.075007,-0.115372],[0.075034,-0.114708],[0.075174,-0.11437],[0.075285,-0.114176],[0.075437,-0.113952],[0.075634,-0.113689],[0.075904,-0.113344],[0.076116,-0.113043],[0.076168,-0.112917],[0.076311,-0.112675],[0.076507,-0.112411],[0.076732,-0.112012],[0.076791,-0.111769],[0.076878,-0.111576],[0.076921,-0.111358],[0.076941,-0.111184],[0.076986,-0.11088],[0.077008,-0.110749],[0.077029,-0.110538],[0.077075,-0.110394],[0.077125,-0.110233],[0.077203,-0.110097],[0.077079,-0.110068],[0.076997,-0.110024],[0.076805,-0.109961],[0.076683,-0.10986],[0.076482,-0.109673],[0.076083,-0.109454],[0.075978,-0.109114],[0.075924,-0.109098],[0.07587,-0.109086],[0.075814,-0.109078],[0.075758,-0.109074],[0.075703,-0.109074],[0.075647,-0.109077],[0.075591,-0.109085],[0.075537,-0.109096],[0.075483,-0.109111],[0.07543,-0.10913],[0.075379,-0.109152],[0.075329,-0.109178],[0.075282,-0.109207],[0.075255,-0.109239],[0.075225,-0.109269],[0.075194,-0.109297],[0.075161,-0.109322],[0.075127,-0.109345],[0.075091,-0.109366],[0.075053,-0.109385],[0.075015,-0.1094],[0.074975,-0.109413],[0.074935,-0.109424],[0.074894,-0.109431],[0.074853,-0.109436],[0.074811,-0.109438],[0.074769,-0.109437],[0.074728,-0.109433],[0.074687,-0.109427],[0.074646,-0.109418],[0.074603,-0.109381],[0.074557,-0.109347],[0.074509,-0.109316],[0.074459,-0.109289],[0.074408,-0.109264],[0.074355,-0.109243],[0.074301,-0.109226],[0.074246,-0.109212],[0.07419,-0.109201],[0.074134,-0.109195],[0.074077,-0.109191],[0.07402,-0.109192],[0.073963,-0.109196],[0.073907,-0.109204],[0.073851,-0.109215],[0.073796,-0.10923],[0.073743,-0.109249],[0.073733,-0.109252],[0.073723,-0.109256],[0.073714,-0.10926],[0.073704,-0.109264],[0.073695,-0.109269],[0.073685,-0.109273],[0.073676,-0.109277],[0.073607,-0.109298],[0.073417,-0.109322],[0.073221,-0.109331],[0.072817,-0.109328],[0.072627,-0.109323],[0.072541,-0.109374],[0.07251,-0.109392],[0.072506,-0.10939],[0.072509,-0.109392],[0.072236,-0.109684],[0.072066,-0.109859],[0.071924,-0.110134],[0.071754,-0.110475],[0.071691,-0.110732],[0.071702,-0.110958],[0.071735,-0.111281],[0.071762,-0.11158],[0.071792,-0.111763],[0.071825,-0.11208],[0.071837,-0.112256],[0.071837,-0.112373],[0.071801,-0.112516],[0.071798,-0.112582],[0.071858,-0.112603],[0.071986,-0.112902],[0.072085,-0.113105],[0.072234,-0.113288],[0.072345,-0.113479],[0.072444,-0.11356],[0.072563,-0.113662],[0.072665,-0.11373],[0.072731,-0.113793],[0.072752,-0.114349],[0.072746,-0.115441],[0.072767,-0.115665],[0.072818,-0.115812],[0.072874,-0.115949],[0.072868,-0.116255],[0.072874,-0.11656],[0.072833,-0.11705],[0.07283,-0.117373],[0.072842,-0.117696],[0.072764,-0.118046],[0.072764,-0.118046],[0.072678,-0.118302],[0.072635,-0.118507],[0.072521,-0.118796],[0.072449,-0.118912],[0.072297,-0.119381],[0.072196,-0.119613],[0.072183,-0.119821],[0.072104,-0.120107],[0.072072,-0.120451],[0.072074,-0.120859],[0.07207,-0.121134],[0.071972,-0.121389],[0.071874,-0.121577],[0.071802,-0.121883],[0.071804,-0.122583],[0.071823,-0.122614],[0.071815,-0.12287],[0.071922,-0.123267],[0.072039,-0.123598],[0.072108,-0.123791],[0.072116,-0.123854],[0.072102,-0.123935],[0.072022,-0.124038],[0.071913,-0.124312],[0.071796,-0.124823],[0.071758,-0.125213],[0.071758,-0.125474],[0.071756,-0.125474],[0.071828,-0.125888],[0.072115,-0.126611],[0.072127,-0.126997],[0.072148,-0.127221],[0.072106,-0.127745],[0.072067,-0.128005],[0.071989,-0.128277],[0.071989,-0.128433],[0.072004,-0.12904],[0.072004,-0.129781],[0.071977,-0.129919],[0.07192,-0.130251],[0.071834,-0.130595],[0.071777,-0.131151],[0.071747,-0.131468],[0.071663,-0.131803],[0.071574,-0.132144],[0.07152,-0.132422],[0.071442,-0.132542],[0.071331,-0.132799],[0.071274,-0.133059],[0.071191,-0.133281],[0.07105,-0.133463],[0.070981,-0.133636],[0.070832,-0.134097],[0.070838,-0.134417],[0.070712,-0.134519],[0.070607,-0.134701],[0.07053,-0.134798],[0.070371,-0.135176],[0.070257,-0.135217],[0.070371,-0.135177],[0.070335,-0.135326],[0.070299,-0.13547],[0.070305,-0.135802],[0.070296,-0.13599],[0.070317,-0.13617],[0.070353,-0.136445],[0.070359,-0.136606],[0.070389,-0.136965],[0.070417,-0.137175],[0.070426,-0.137404],[0.07045,-0.137712],[0.070506,-0.1381],[0.070613,-0.138572],[0.070716,-0.138955],[0.070786,-0.139203],[0.070838,-0.139427],[0.070824,-0.13967],[0.070819,-0.139951],[0.070763,-0.140259],[0.070753,-0.140614],[0.070741,-0.140895],[0.070772,-0.141775],[0.071057,-0.14183],[0.071337,-0.141905],[0.071611,-0.142],[0.071878,-0.142114],[0.072136,-0.142246],[0.072384,-0.142396],[0.072621,-0.142563],[0.072846,-0.142746],[0.073057,-0.142945],[0.073254,-0.143158],[0.073436,-0.143384],[0.073601,-0.143622],[0.073749,-0.143872],[0.073879,-0.144131],[0.07399,-0.144399],[0.074082,-0.144674],[0.074155,-0.144954]]]]}},{"type":"Feature","id":80,"properties":{"Name":"Twin Gulfs","Mapttitle":"Dark Ocean","SpecialFeatures":null,"AreaDescription":null,"FirstEvasion":1,"SecondEvasion":1,"FishHarvest":9,"WhaleHarvest":1,"Danger":2},"geometry":{"type":"Polygon","coordinates":[[[0.069065,-0.148591],[0.069072,-0.148664],[0.069087,-0.14882],[0.06907,-0.148802],[0.069014,-0.148666],[0.068888,-0.148645],[0.068438,-0.148243],[0.068188,-0.147982],[0.067938,-0.147855],[0.067608,-0.147764],[0.06721,-0.147759],[0.067114,-0.147749],[0.06679,-0.147499],[0.066449,-0.147313],[0.06613,-0.146956],[0.065764,-0.146361],[0.065572,-0.146052],[0.065423,-0.145787],[0.065056,-0.14542],[0.064737,-0.145122],[0.064567,-0.14483],[0.064169,-0.144218],[0.063876,-0.143851],[0.063445,-0.143484],[0.06319,-0.142767],[0.062898,-0.141909],[0.062641,-0.141552],[0.062142,-0.140864],[0.061859,-0.140355],[0.061764,-0.140047],[0.061761,-0.139536],[0.061839,-0.139227],[0.061869,-0.1389],[0.061871,-0.138534],[0.061844,-0.138365],[0.061806,-0.138204],[0.061682,-0.137953],[0.061551,-0.137769],[0.061399,-0.13757],[0.061312,-0.13737],[0.061255,-0.137221],[0.061253,-0.137158],[0.061175,-0.137267],[0.061151,-0.137453],[0.061159,-0.137628],[0.061109,-0.137869],[0.060949,-0.138359],[0.060833,-0.138748],[0.060819,-0.138746],[0.060841,-0.138841],[0.060841,-0.139269],[0.060782,-0.139727],[0.060782,-0.140274],[0.060911,-0.14116],[0.060951,-0.141827],[0.060941,-0.142394],[0.060872,-0.142729],[0.060817,-0.143003],[0.060765,-0.143399],[0.060776,-0.143616],[0.060789,-0.143958],[0.060708,-0.144469],[0.060653,-0.144829],[0.060598,-0.145116],[0.060465,-0.145567],[0.06034,-0.145857],[0.060074,-0.146338],[0.059837,-0.146803],[0.059379,-0.147931],[0.059258,-0.148456],[0.059169,-0.148635],[0.059137,-0.149031],[0.059044,-0.149529],[0.05897,-0.149731],[0.058928,-0.149887],[0.058896,-0.150003],[0.058873,-0.150151],[0.058904,-0.150283],[0.058916,-0.150481],[0.058982,-0.15075],[0.059075,-0.151033],[0.059172,-0.151313],[0.059235,-0.151477],[0.059309,-0.151687],[0.059402,-0.151998],[0.059693,-0.152791],[0.059794,-0.153063],[0.059919,-0.153327],[0.060063,-0.153658],[0.060253,-0.153918],[0.060331,-0.15407],[0.060448,-0.154342],[0.060522,-0.154641],[0.060541,-0.154964],[0.060564,-0.155096],[0.060607,-0.155326],[0.060685,-0.155563],[0.060739,-0.155718],[0.060798,-0.156002],[0.060832,-0.156198],[0.062171,-0.155476],[0.063551,-0.154838],[0.064969,-0.154285],[0.066417,-0.153821],[0.067891,-0.153446],[0.069386,-0.153162],[0.070895,-0.152971],[0.072413,-0.152873],[0.073934,-0.152868],[0.075453,-0.152956],[0.076963,-0.153138],[0.076963,-0.152811],[0.076973,-0.152441],[0.076929,-0.152215],[0.076868,-0.152062],[0.076951,-0.152046],[0.076869,-0.152061],[0.0768,-0.151847],[0.076608,-0.151326],[0.076459,-0.151052],[0.076301,-0.150836],[0.07612,-0.150692],[0.075944,-0.150379],[0.075655,-0.149969],[0.075458,-0.14968],[0.075271,-0.149577],[0.075155,-0.149564],[0.075056,-0.149504],[0.075003,-0.149417],[0.074982,-0.149314],[0.074964,-0.149236],[0.074845,-0.149115],[0.074667,-0.148991],[0.074543,-0.148897],[0.074354,-0.14882],[0.074291,-0.148797],[0.074188,-0.148755],[0.074094,-0.14867],[0.074065,-0.148048],[0.073767,-0.147548],[0.073716,-0.147182],[0.073697,-0.146271],[0.073806,-0.145719],[0.074088,-0.145051],[0.074533,-0.144525],[0.074155,-0.144954],[0.074083,-0.144674],[0.073991,-0.1444],[0.07388,-0.144134],[0.07375,-0.143875],[0.073603,-0.143626],[0.073439,-0.143388],[0.073259,-0.143162],[0.073063,-0.14295],[0.072852,-0.142752],[0.072629,-0.142568],[0.072393,-0.142401],[0.072146,-0.142251],[0.071889,-0.142119],[0.071623,-0.142005],[0.07135,-0.14191],[0.071071,-0.141834],[0.070788,-0.141778],[0.070786,-0.141801],[0.070763,-0.141834],[0.070609,-0.141577],[0.070464,-0.14132],[0.070137,-0.140848],[0.06981,-0.140399],[0.069155,-0.139932],[0.068702,-0.139596],[0.068188,-0.139194],[0.067987,-0.138955],[0.067853,-0.138804],[0.067874,-0.138943],[0.067946,-0.13934],[0.067996,-0.139716],[0.068036,-0.139867],[0.068049,-0.140139],[0.06803,-0.140513],[0.068055,-0.141219],[0.068146,-0.141511],[0.068277,-0.141994],[0.068356,-0.142093],[0.068379,-0.142258],[0.068376,-0.14321],[0.068391,-0.143509],[0.068356,-0.143871],[0.068308,-0.144149],[0.068254,-0.144427],[0.068254,-0.144696],[0.068251,-0.145019],[0.068305,-0.145198],[0.068373,-0.145264],[0.06849,-0.14536],[0.068574,-0.145483],[0.068631,-0.145958],[0.068608,-0.146266],[0.06859,-0.146484],[0.06863,-0.146862],[0.068755,-0.147293],[0.0688,-0.147523],[0.068829,-0.147724],[0.068879,-0.148074],[0.068919,-0.148275],[0.069065,-0.148591]],[[0.068827,-0.148592],[0.068888,-0.148645],[0.0689,-0.148655],[0.068827,-0.148592]]]}},{"type":"Feature","id":81,"properties":{"Name":"Fool's Passage","Mapttitle":"Dark Ocean","SpecialFeatures":null,"AreaDescription":null,"FirstEvasion":-3,"SecondEvasion":6,"FishHarvest":3,"WhaleHarvest":0,"Danger":25},"geometry":{"type":"MultiPolygon","coordinates":[[[[0.047278,-0.154439],[0.047524,-0.154124],[0.047566,-0.154051],[0.04757,-0.154042],[0.047621,-0.153938],[0.047712,-0.153865],[0.047784,-0.15382],[0.047796,-0.152176],[0.047346,-0.151979],[0.047117,-0.151849],[0.04681,-0.151787],[0.046465,-0.151746],[0.046393,-0.151616],[0.046192,-0.151521],[0.046049,-0.151725],[0.04605,-0.151726],[0.045847,-0.15195],[0.045644,-0.15226],[0.045366,-0.152532],[0.045259,-0.15273],[0.045105,-0.152895],[0.044758,-0.152927],[0.044503,-0.153086],[0.044435,-0.153147],[0.044267,-0.153257],[0.044127,-0.153345],[0.044052,-0.153321],[0.043892,-0.153304],[0.043782,-0.153243],[0.043659,-0.153144],[0.04357,-0.153055],[0.043498,-0.152982],[0.043859,-0.15336],[0.043945,-0.153396],[0.044028,-0.153437],[0.044108,-0.153484],[0.044184,-0.153537],[0.044257,-0.153594],[0.044326,-0.153657],[0.04439,-0.153724],[0.044449,-0.153795],[0.044503,-0.15387],[0.044552,-0.153949],[0.044596,-0.154031],[0.044633,-0.154116],[0.044665,-0.154203],[0.04469,-0.154292],[0.04471,-0.154383],[0.044723,-0.154475],[0.044729,-0.154567],[0.044729,-0.15466],[0.044723,-0.154753],[0.044711,-0.154845],[0.044692,-0.154935],[0.044732,-0.154817],[0.044784,-0.154732],[0.044892,-0.154569],[0.045119,-0.154152],[0.045299,-0.153816],[0.045424,-0.153662],[0.045649,-0.153497],[0.045724,-0.153368],[0.045857,-0.152955],[0.04593,-0.152801],[0.045957,-0.152647],[0.046034,-0.152587],[0.046053,-0.152616],[0.046049,-0.152657],[0.046039,-0.152707],[0.046034,-0.152753],[0.046047,-0.152841],[0.046087,-0.152908],[0.046156,-0.153015],[0.046259,-0.153146],[0.046334,-0.153292],[0.0464,-0.153418],[0.046452,-0.15354],[0.046546,-0.153766],[0.046616,-0.153921],[0.046733,-0.154024],[0.046963,-0.154197],[0.04719,-0.154375],[0.047278,-0.154439]]]]}},{"type":"Feature","id":82,"properties":{"Name":"Dragon's Gulf","Mapttitle":"Dark Ocean","SpecialFeatures":null,"AreaDescription":null,"FirstEvasion":1,"SecondEvasion":1,"FishHarvest":6,"WhaleHarvest":1,"Danger":5},"geometry":{"type":"MultiPolygon","coordinates":[[[[0.054562,-0.152321],[0.054484,-0.152153],[0.054369,-0.151728],[0.054375,-0.151424],[0.054405,-0.15078],[0.054435,-0.150488],[0.054514,-0.150021],[0.054605,-0.149516],[0.054618,-0.14903],[0.054717,-0.14893],[0.054726,-0.148918],[0.054644,-0.148889],[0.054441,-0.148803],[0.054237,-0.148784],[0.053971,-0.14875],[0.053841,-0.148469],[0.053674,-0.148182],[0.053473,-0.147895],[0.053251,-0.147649],[0.053047,-0.147347],[0.052927,-0.147138],[0.052518,-0.146301],[0.052408,-0.14599],[0.052393,-0.145706],[0.05238,-0.145536],[0.05234,-0.14524],[0.052301,-0.14504],[0.052131,-0.144867],[0.051904,-0.144758],[0.051909,-0.14475],[0.051914,-0.144743],[0.051894,-0.144766],[0.051623,-0.144778],[0.051252,-0.144726],[0.050821,-0.144681],[0.050448,-0.144706],[0.050258,-0.144784],[0.05027,-0.144788],[0.050268,-0.144789],[0.050202,-0.14484],[0.050126,-0.144915],[0.050023,-0.145038],[0.049904,-0.14518],[0.049843,-0.145291],[0.049783,-0.145444],[0.049769,-0.145591],[0.049734,-0.145765],[0.049714,-0.145962],[0.049714,-0.146051],[0.049691,-0.146105],[0.04964,-0.146181],[0.04956,-0.146357],[0.049504,-0.146544],[0.049435,-0.146785],[0.049397,-0.147034],[0.049376,-0.14728],[0.04936,-0.14728],[0.049339,-0.14745],[0.049323,-0.147749],[0.049291,-0.148443],[0.049301,-0.149089],[0.049336,-0.149504],[0.049424,-0.149587],[0.049478,-0.14973],[0.049291,-0.150127],[0.049291,-0.150567],[0.049335,-0.150889],[0.049267,-0.151111],[0.048983,-0.151357],[0.048522,-0.151733],[0.048214,-0.151965],[0.047797,-0.152177],[0.047796,-0.152176],[0.047784,-0.15382],[0.047787,-0.153819],[0.047858,-0.154002],[0.047749,-0.154124],[0.04758,-0.154151],[0.047526,-0.154121],[0.047566,-0.154051],[0.047524,-0.154124],[0.047278,-0.154439],[0.04719,-0.154375],[0.047268,-0.154437],[0.047385,-0.154657],[0.047512,-0.155236],[0.047666,-0.155595],[0.047666,-0.155764],[0.047688,-0.155998],[0.047725,-0.156152],[0.047776,-0.156541],[0.047901,-0.156775],[0.048011,-0.157039],[0.048113,-0.157223],[0.048179,-0.157333],[0.048157,-0.157553],[0.048157,-0.157868],[0.048135,-0.158066],[0.048107,-0.158275],[0.048716,-0.157803],[0.049355,-0.15737],[0.050019,-0.156978],[0.050708,-0.15663],[0.051417,-0.156327],[0.052144,-0.15607],[0.052886,-0.155859],[0.05364,-0.155697],[0.054403,-0.155582],[0.055172,-0.155517],[0.055943,-0.155501],[0.056714,-0.155534],[0.057481,-0.155617],[0.058241,-0.155748],[0.058991,-0.155927],[0.059729,-0.156154],[0.06045,-0.156427],[0.06044,-0.156348],[0.06044,-0.156165],[0.06037,-0.155983],[0.060296,-0.155819],[0.060067,-0.155493],[0.059837,-0.155228],[0.059592,-0.154995],[0.059375,-0.154688],[0.0592,-0.154466],[0.059102,-0.154354],[0.059009,-0.154237],[0.0589,-0.154124],[0.058795,-0.154062],[0.058644,-0.153976],[0.058566,-0.153907],[0.05836,-0.153794],[0.058212,-0.153751],[0.057952,-0.153693],[0.057804,-0.153654],[0.057668,-0.153662],[0.057571,-0.153681],[0.057264,-0.153693],[0.057042,-0.153658],[0.056723,-0.153619],[0.05654,-0.153592],[0.056264,-0.153607],[0.056097,-0.153634],[0.055918,-0.153658],[0.055763,-0.153615],[0.055537,-0.153502],[0.055382,-0.15344],[0.055168,-0.153265],[0.055005,-0.153047],[0.054927,-0.152945],[0.054562,-0.152321]]]]}},{"type":"Feature","id":83,"properties":{"Name":"Iron Lanes","Mapttitle":"The Black","SpecialFeatures":"A ship that remains \u201cstationary\u201d in the Iron Lanes during Summer converts each 25 Food in its hold to either 2 Steel, 5 Iron, or 250 Prints. The Iron Colonies only need 500 Food per year. If more than that is delivered, ships doing business with them make Iron Lane Competition rolls. Every ship rolls 1d100. The ships with the highest rolls receive the normal return for up to 250 Food. Food capacity is counted from the highest roll down. If the highest-rolling ship is carrying 250 Food, no other ships will receive the normal return. If it is carrying 300 Food, it will only receive the normal return on the first 250. The ships that do not win the competition for normal returns still lose all their Food cargo. They then evenly divide the remaining possible returns (20 Steel, 50 Iron, or 2500 Prints) based on their share of the Food sold.","AreaDescription":null,"FirstEvasion":5,"SecondEvasion":1,"FishHarvest":0,"WhaleHarvest":5,"Danger":20},"geometry":{"type":"MultiPolygon","coordinates":[[[[0.023985,-0.062989],[0.023977,-0.062542],[0.023979,-0.062094],[0.023991,-0.061647],[0.024013,-0.0612],[0.024045,-0.060754],[0.024086,-0.060308],[0.024137,-0.059864],[0.024252,-0.060069],[0.024249,-0.060056],[0.02417,-0.059892],[0.02401,-0.059737],[0.023961,-0.059617],[0.024019,-0.059355],[0.024187,-0.059036],[0.024276,-0.058814],[0.024542,-0.058207],[0.024604,-0.058003],[0.024684,-0.057692],[0.024822,-0.057377],[0.024959,-0.057094],[0.025123,-0.056827],[0.025323,-0.056526],[0.025584,-0.056278],[0.025687,-0.056193],[0.025752,-0.056138],[0.025936,-0.056047],[0.026223,-0.05592],[0.026532,-0.055766],[0.026771,-0.055641],[0.027171,-0.055389],[0.027386,-0.055196],[0.027747,-0.054634],[0.027875,-0.054293],[0.028031,-0.05391],[0.02834,-0.053518],[0.028527,-0.053348],[0.028535,-0.053351],[0.028528,-0.053348],[0.030993,-0.038249],[0.048918,-0.039042],[0.048866,-0.039087],[0.048921,-0.03904],[0.049026,-0.039029],[0.063197,-0.033939],[-0.152019,0.074242],[0.023985,-0.062989]]]]}},{"type":"Feature","id":84,"properties":{"Name":"Devil's Arms","Mapttitle":"Dark Ocean","SpecialFeatures":null,"AreaDescription":null,"FirstEvasion":2,"SecondEvasion":5,"FishHarvest":6,"WhaleHarvest":1,"Danger":2},"geometry":{"type":"MultiPolygon","coordinates":[[[[0.197133,-0.090476],[0.197145,-0.090384],[0.197135,-0.090381],[0.197079,-0.090229],[0.197032,-0.089984],[0.196977,-0.089598],[0.196921,-0.08929],[0.196933,-0.088902],[0.196968,-0.088604],[0.197039,-0.088377],[0.19708,-0.088291],[0.19713,-0.088155],[0.197145,-0.088033],[0.19712,-0.087933],[0.197059,-0.087806],[0.19543,-0.088255],[0.195389,-0.088371],[0.195209,-0.088539],[0.195156,-0.088627],[0.195078,-0.088871],[0.195052,-0.089099],[0.195092,-0.089305],[0.195124,-0.089582],[0.195059,-0.089892],[0.194907,-0.090237],[0.194775,-0.090544],[0.194696,-0.090533],[0.194771,-0.090544],[0.194687,-0.090738],[0.19465,-0.090864],[0.194674,-0.09105],[0.194812,-0.091199],[0.194848,-0.091349],[0.194816,-0.091656],[0.194796,-0.091894],[0.194792,-0.091987],[0.194848,-0.0924],[0.194873,-0.092582],[0.194864,-0.092816],[0.194689,-0.093336],[0.194567,-0.093801],[0.194391,-0.094114],[0.194231,-0.094513],[0.193861,-0.095009],[0.193571,-0.095227],[0.193392,-0.095354],[0.193134,-0.095467],[0.192849,-0.095519],[0.192585,-0.095535],[0.192358,-0.095416],[0.192037,-0.095374],[0.191786,-0.095449],[0.191532,-0.095457],[0.191279,-0.09546],[0.190862,-0.095418],[0.190624,-0.0954],[0.190293,-0.095276],[0.189939,-0.095059],[0.189709,-0.094828],[0.189703,-0.094831],[0.189318,-0.094734],[0.189143,-0.094668],[0.188872,-0.094698],[0.188619,-0.094819],[0.188366,-0.094861],[0.188083,-0.094813],[0.187872,-0.094849],[0.187505,-0.094969],[0.18724,-0.095198],[0.187036,-0.095355],[0.186633,-0.09531],[0.187024,-0.095365],[0.186918,-0.095557],[0.186841,-0.09572],[0.18672,-0.095957],[0.186607,-0.096139],[0.186486,-0.096413],[0.186358,-0.096616],[0.186264,-0.096778],[0.18619,-0.097072],[0.186084,-0.097289],[0.185956,-0.097509],[0.185371,-0.097931],[0.185139,-0.098108],[0.184794,-0.09842],[0.184469,-0.098673],[0.184264,-0.098842],[0.184132,-0.098963],[0.18411,-0.09899],[0.184176,-0.09894],[0.187782,-0.098824],[0.187772,-0.098756],[0.187863,-0.098729],[0.187962,-0.098712],[0.188097,-0.098634],[0.188199,-0.098577],[0.188419,-0.098468],[0.188687,-0.098397],[0.18887,-0.098387],[0.189056,-0.098397],[0.18929,-0.098401],[0.189456,-0.098411],[0.189659,-0.09838],[0.190093,-0.098255],[0.190276,-0.09818],[0.190442,-0.098106],[0.190659,-0.097994],[0.190736,-0.097913],[0.190875,-0.097699],[0.191055,-0.097608],[0.191299,-0.09757],[0.191722,-0.09755],[0.192166,-0.097557],[0.192427,-0.097587],[0.192705,-0.097645],[0.192827,-0.097665],[0.193135,-0.097679],[0.193274,-0.09775],[0.193464,-0.09773],[0.193698,-0.097625],[0.19424,-0.097421],[0.194633,-0.097279],[0.194863,-0.097269],[0.194992,-0.097293],[0.1951,-0.097327],[0.195219,-0.097381],[0.195327,-0.097476],[0.195463,-0.09756],[0.195568,-0.097601],[0.195629,-0.097669],[0.19572,-0.097747],[0.195822,-0.097811],[0.195907,-0.097858],[0.195991,-0.097947],[0.196218,-0.098153],[0.19631,-0.098302],[0.196435,-0.098401],[0.196486,-0.098468],[0.196527,-0.098675],[0.196574,-0.098756],[0.196713,-0.098892],[0.196855,-0.098892],[0.19694,-0.098892],[0.196812,-0.098967],[0.196943,-0.098898],[0.197057,-0.09891],[0.197183,-0.098943],[0.197371,-0.098991],[0.197554,-0.099034],[0.197668,-0.099056],[0.197819,-0.099089],[0.197968,-0.099113],[0.198291,-0.09922],[0.198407,-0.099231],[0.198559,-0.099245],[0.198684,-0.099283],[0.198827,-0.099278],[0.198978,-0.099289],[0.199183,-0.099288],[0.199351,-0.099263],[0.199468,-0.099192],[0.199586,-0.099147],[0.19974,-0.099161],[0.199854,-0.099232],[0.19994,-0.099265],[0.200076,-0.099307],[0.200189,-0.099361],[0.200274,-0.099383],[0.200514,-0.099379],[0.200629,-0.099413],[0.200713,-0.09944],[0.2008,-0.099439],[0.200932,-0.099401],[0.201127,-0.099428],[0.201284,-0.09945],[0.201426,-0.099574],[0.201609,-0.099732],[0.201807,-0.099868],[0.202079,-0.100177],[0.202139,-0.100274],[0.202318,-0.100431],[0.202424,-0.100467],[0.202592,-0.100483],[0.202723,-0.100462],[0.202965,-0.100388],[0.20333,-0.100161],[0.203556,-0.099969],[0.203823,-0.099682],[0.203981,-0.099521],[0.204053,-0.099388],[0.204128,-0.099272],[0.204243,-0.099116],[0.2043,-0.099064],[0.204361,-0.098955],[0.204422,-0.0989],[0.204462,-0.098816],[0.204496,-0.098739],[0.204525,-0.098652],[0.204562,-0.09862],[0.204585,-0.098636],[0.20457,-0.098625],[0.202298,-0.097082],[0.202215,-0.097347],[0.202114,-0.097489],[0.201829,-0.097801],[0.201666,-0.09793],[0.201504,-0.097936],[0.201423,-0.097797],[0.201389,-0.097618],[0.201392,-0.097323],[0.201521,-0.097123],[0.201558,-0.096788],[0.201497,-0.096625],[0.201314,-0.096435],[0.201158,-0.096273],[0.20085,-0.096009],[0.200426,-0.095622],[0.200064,-0.09525],[0.199773,-0.094846],[0.19964,-0.094616],[0.199495,-0.094298],[0.199319,-0.094132],[0.19922,-0.093925],[0.199061,-0.093694],[0.198898,-0.093535],[0.198712,-0.093484],[0.198509,-0.09341],[0.198231,-0.093315],[0.198102,-0.093271],[0.198031,-0.093122],[0.19799,-0.093037],[0.197774,-0.092817],[0.197628,-0.092736],[0.197336,-0.092556],[0.197177,-0.092353],[0.197157,-0.092149],[0.197109,-0.091753],[0.197086,-0.091516],[0.197048,-0.091343],[0.197055,-0.091062],[0.197133,-0.090937],[0.197157,-0.090605],[0.197133,-0.090476]]]]}},{"type":"Feature","id":85,"properties":{"Name":"Passage of Storms","Mapttitle":"Dark Ocean","SpecialFeatures":null,"AreaDescription":null,"FirstEvasion":2,"SecondEvasion":2,"FishHarvest":6,"WhaleHarvest":0,"Danger":12},"geometry":{"type":"MultiPolygon","coordinates":[[[[0.199865,-0.079522],[0.199733,-0.079647],[0.199663,-0.079782],[0.199579,-0.079843],[0.199559,-0.079836],[0.199529,-0.079879],[0.199432,-0.079982],[0.199148,-0.080285],[0.198767,-0.080579],[0.198533,-0.080772],[0.198458,-0.080897],[0.198346,-0.08105],[0.19813,-0.081278],[0.197977,-0.081393],[0.197793,-0.081515],[0.197684,-0.081671],[0.19759,-0.081781],[0.197459,-0.081896],[0.197318,-0.082005],[0.197184,-0.08214],[0.197065,-0.082321],[0.196941,-0.082408],[0.196591,-0.082617],[0.196432,-0.082724],[0.196297,-0.082824],[0.196176,-0.082914],[0.196119,-0.083055],[0.196076,-0.08318],[0.196038,-0.083304],[0.195916,-0.083476],[0.195757,-0.083645],[0.195564,-0.083817],[0.195229,-0.083991],[0.195184,-0.084015],[0.195107,-0.084055],[0.194864,-0.084182],[0.194617,-0.084297],[0.194468,-0.084322],[0.194411,-0.084344],[0.194308,-0.084372],[0.194233,-0.08445],[0.194218,-0.0845],[0.194293,-0.084516],[0.194421,-0.084494],[0.194518,-0.084485],[0.194511,-0.084541],[0.194368,-0.084738],[0.194271,-0.084888],[0.194133,-0.084978],[0.194034,-0.085016],[0.193865,-0.085059],[0.193746,-0.085065],[0.1936,-0.085016],[0.193515,-0.084994],[0.193397,-0.085003],[0.193203,-0.085019],[0.193125,-0.085037],[0.193041,-0.085044],[0.192803,-0.085144],[0.19261,-0.085212],[0.192485,-0.085256],[0.192457,-0.085243],[0.192416,-0.085247],[0.192276,-0.085212],[0.192126,-0.085197],[0.191917,-0.085115],[0.191729,-0.085053],[0.191589,-0.085065],[0.190949,-0.084972],[0.190792,-0.084975],[0.190446,-0.085065],[0.190321,-0.085119],[0.19014,-0.085178],[0.189906,-0.085268],[0.189746,-0.085331],[0.189668,-0.085353],[0.1896,-0.085325],[0.189562,-0.085322],[0.189509,-0.085259],[0.189444,-0.085128],[0.189365,-0.085034],[0.189231,-0.084972],[0.189091,-0.084972],[0.188956,-0.084997],[0.1888,-0.085031],[0.188619,-0.085075],[0.18851,-0.085115],[0.188385,-0.08514],[0.188251,-0.085169],[0.188151,-0.085175],[0.188001,-0.085156],[0.187932,-0.085131],[0.18781,-0.085084],[0.187812,-0.084997],[0.187799,-0.085096],[0.187765,-0.085212],[0.187655,-0.085439],[0.187488,-0.085777],[0.187349,-0.085897],[0.187051,-0.086073],[0.18675,-0.086219],[0.186294,-0.08641],[0.185794,-0.086667],[0.185535,-0.086842],[0.185182,-0.086994],[0.18497,-0.087062],[0.18474,-0.087203],[0.184617,-0.08729],[0.184486,-0.08736],[0.184295,-0.087394],[0.184195,-0.087457],[0.183931,-0.087538],[0.183507,-0.087661],[0.183376,-0.087803],[0.183222,-0.087892],[0.183156,-0.087847],[0.18301,-0.087805],[0.182923,-0.087821],[0.182902,-0.087782],[0.182912,-0.087828],[0.182863,-0.087838],[0.182648,-0.087884],[0.18253,-0.087918],[0.182446,-0.088013],[0.182311,-0.088075],[0.182187,-0.088069],[0.182047,-0.08812],[0.181907,-0.088098],[0.1818,-0.088075],[0.181687,-0.088002],[0.181676,-0.08798],[0.181508,-0.087923],[0.181244,-0.087912],[0.181002,-0.087929],[0.180744,-0.087968],[0.180458,-0.088024],[0.180059,-0.088109],[0.179874,-0.088182],[0.179733,-0.088288],[0.179615,-0.088446],[0.179469,-0.08858],[0.179475,-0.088541],[0.179424,-0.088507],[0.179312,-0.088406],[0.179216,-0.088378],[0.179065,-0.088361],[0.178997,-0.08839],[0.178868,-0.088474],[0.17875,-0.088642],[0.178621,-0.088777],[0.178526,-0.088901],[0.178514,-0.089024],[0.178419,-0.089153],[0.178374,-0.089282],[0.178183,-0.08949],[0.178011,-0.089628],[0.183559,-0.091252],[0.183626,-0.09113],[0.183889,-0.090933],[0.184124,-0.09081],[0.184237,-0.090669],[0.184303,-0.090566],[0.184303,-0.090396],[0.18436,-0.090246],[0.184557,-0.090039],[0.184858,-0.089822],[0.185094,-0.089719],[0.185451,-0.08953],[0.185641,-0.089484],[0.185837,-0.089376],[0.186007,-0.089318],[0.186165,-0.089253],[0.186342,-0.089187],[0.186481,-0.089168],[0.186639,-0.089172],[0.186678,-0.089222],[0.18657,-0.08926],[0.186496,-0.089318],[0.186466,-0.089399],[0.186481,-0.089492],[0.186558,-0.089549],[0.186708,-0.089519],[0.186859,-0.089465],[0.187059,-0.089411],[0.187256,-0.089337],[0.187364,-0.089407],[0.187522,-0.089414],[0.187819,-0.089326],[0.188031,-0.089241],[0.188358,-0.08911],[0.188709,-0.088983],[0.188883,-0.088952],[0.189091,-0.08899],[0.189156,-0.089071],[0.18926,-0.089164],[0.189442,-0.089295],[0.189517,-0.08938],[0.189673,-0.08941],[0.189776,-0.089434],[0.18983,-0.089542],[0.18995,-0.089693],[0.190029,-0.089741],[0.190167,-0.089789],[0.190312,-0.089837],[0.190414,-0.089849],[0.190553,-0.089861],[0.190776,-0.089879],[0.190872,-0.089765],[0.191071,-0.089506],[0.191203,-0.089217],[0.191306,-0.089337],[0.191684,-0.08886],[0.191777,-0.088743],[0.191955,-0.088561],[0.192016,-0.08846],[0.192093,-0.088337],[0.192091,-0.088178],[0.19208,-0.087959],[0.192098,-0.087712],[0.192153,-0.087451],[0.19223,-0.087323],[0.192305,-0.087257],[0.192609,-0.087102],[0.192904,-0.086964],[0.19293,-0.08696],[0.193258,-0.087006],[0.193446,-0.087056],[0.193585,-0.087091],[0.193751,-0.087155],[0.193981,-0.087361],[0.194073,-0.087555],[0.194325,-0.08784],[0.194547,-0.088028],[0.194817,-0.088155],[0.194951,-0.088263],[0.195107,-0.088265],[0.195185,-0.088173],[0.195263,-0.088113],[0.195414,-0.088205],[0.19543,-0.088255],[0.197059,-0.087806],[0.197085,-0.087685],[0.197054,-0.087493],[0.19709,-0.087276],[0.19708,-0.08714],[0.197095,-0.086968],[0.19714,-0.08661],[0.197155,-0.086499],[0.197165,-0.086312],[0.197201,-0.086165],[0.197206,-0.086105],[0.197261,-0.085969],[0.197337,-0.085863],[0.197418,-0.085767],[0.197539,-0.085615],[0.197665,-0.085464],[0.197855,-0.085276],[0.197855,-0.085276],[0.198054,-0.084965],[0.198228,-0.084477],[0.198325,-0.08418],[0.19848,-0.083909],[0.19868,-0.08375],[0.199089,-0.08347],[0.199346,-0.083303],[0.199471,-0.083116],[0.199601,-0.082875],[0.199603,-0.082831],[0.199841,-0.082484],[0.199971,-0.082311],[0.200069,-0.082235],[0.200209,-0.082008],[0.200253,-0.081845],[0.200307,-0.081704],[0.200491,-0.081564],[0.200849,-0.081336],[0.200929,-0.081299],[0.199865,-0.079522]]]]}}]}